ISO-10303-21;
HEADER;
FILE_DESCRIPTION (( 'STEP AP214' ),
    '1' );
FILE_NAME ('RPS12.STEP',
    '2024-08-07T11:30:10',
    ( '' ),
    ( '' ),
    'SwSTEP 2.0',
    'SolidWorks 2021',
    '' );
FILE_SCHEMA (( 'AUTOMOTIVE_DESIGN' ));
ENDSEC;

DATA;
#1 = CARTESIAN_POINT ( 'NONE',  ( -0.9500000000000002887, 0.1000000000000000472, 1.250000000000000444 ) ) ;
#2 = VERTEX_POINT ( 'NONE', #2459 ) ;
#3 = PLANE ( 'NONE',  #1352 ) ;
#4 = VERTEX_POINT ( 'NONE', #1451 ) ;
#5 = ORIENTED_EDGE ( 'NONE', *, *, #3170, .F. ) ;
#6 = LINE ( 'NONE', #3514, #2953 ) ;
#7 = CARTESIAN_POINT ( 'NONE',  ( 0.1250000000000000000, 0.1000000000000000056, 0.6500000000000004663 ) ) ;
#8 = DIRECTION ( 'NONE',  ( 1.000000000000000000, -0.000000000000000000, -9.856383386231857595E-17 ) ) ;
#9 = ORIENTED_EDGE ( 'NONE', *, *, #4105, .F. ) ;
#10 = CARTESIAN_POINT ( 'NONE',  ( 1.100000000000000311, 0.05000000000000000278, -0.6250000000000000000 ) ) ;
#11 = ORIENTED_EDGE ( 'NONE', *, *, #2734, .T. ) ;
#12 = SURFACE_STYLE_FILL_AREA ( #657 ) ;
#13 = DIRECTION ( 'NONE',  ( 1.000000000000000000, 0.000000000000000000, 0.000000000000000000 ) ) ;
#14 = ORIENTED_EDGE ( 'NONE', *, *, #900, .T. ) ;
#15 = PLANE ( 'NONE',  #3644 ) ;
#16 = VERTEX_POINT ( 'NONE', #3830 ) ;
#17 = ORIENTED_EDGE ( 'NONE', *, *, #3575, .T. ) ;
#18 = ORIENTED_EDGE ( 'NONE', *, *, #45, .T. ) ;
#19 = CARTESIAN_POINT ( 'NONE',  ( 0.8250000000000020650, 0.1000000000000000056, 0.000000000000000000 ) ) ;
#20 = EDGE_CURVE ( 'NONE', #187, #276, #4252, .T. ) ;
#21 = EDGE_CURVE ( 'NONE', #3012, #42, #4162, .T. ) ;
#22 = VECTOR ( 'NONE', #3206, 1000.000000000000000 ) ;
#23 = EDGE_CURVE ( 'NONE', #4160, #3771, #3322, .T. ) ;
#24 = CARTESIAN_POINT ( 'NONE',  ( -0.5499999999999997113, 0.9860022573334675799, 1.250000000000000222 ) ) ;
#25 = CARTESIAN_POINT ( 'NONE',  ( -1.100000000000000311, 0.1000000000000000056, -0.8749999999999994449 ) ) ;
#26 = AXIS2_PLACEMENT_3D ( 'NONE', #928, #2348, #3744 ) ;
#27 = ORIENTED_EDGE ( 'NONE', *, *, #2324, .T. ) ;
#28 = DIRECTION ( 'NONE',  ( 0.000000000000000000, 1.000000000000000000, 0.000000000000000000 ) ) ;
#29 = CARTESIAN_POINT ( 'NONE',  ( 0.5499999999999997113, 0.05000000000000000278, 0.8749999999999996669 ) ) ;
#30 = AXIS2_PLACEMENT_3D ( 'NONE', #2876, #4195, #3823 ) ;
#31 = ORIENTED_EDGE ( 'NONE', *, *, #1069, .T. ) ;
#32 = DIRECTION ( 'NONE',  ( 1.000000000000000000, 0.000000000000000000, -0.000000000000000000 ) ) ;
#33 = PLANE ( 'NONE',  #3656 ) ;
#34 = FACE_OUTER_BOUND ( 'NONE', #4432, .T. ) ;
#35 = DIRECTION ( 'NONE',  ( 0.000000000000000000, 0.000000000000000000, -1.000000000000000000 ) ) ;
#36 = EDGE_LOOP ( 'NONE', ( #1327, #2789, #3352, #1198, #2089, #2014 ) ) ;
#37 = LINE ( 'NONE', #1446, #1066 ) ;
#38 = PLANE ( 'NONE',  #2931 ) ;
#39 = EDGE_LOOP ( 'NONE', ( #1644, #54, #674, #2777 ) ) ;
#40 = DIRECTION ( 'NONE',  ( 0.000000000000000000, 1.000000000000000000, 0.000000000000000000 ) ) ;
#41 = VECTOR ( 'NONE', #3243, 1000.000000000000000 ) ;
#42 = VERTEX_POINT ( 'NONE', #3342 ) ;
#43 = ORIENTED_EDGE ( 'NONE', *, *, #948, .F. ) ;
#44 = CARTESIAN_POINT ( 'NONE',  ( 0.5499999999999997113, 0.05000000000000000278, 1.250000000000000222 ) ) ;
#45 = EDGE_CURVE ( 'NONE', #4358, #484, #2228, .T. ) ;
#46 = EDGE_CURVE ( 'NONE', #4, #1988, #2575, .T. ) ;
#47 = VECTOR ( 'NONE', #2644, 1000.000000000000000 ) ;
#48 = DIRECTION ( 'NONE',  ( -9.637352644315561223E-16, 0.000000000000000000, 1.000000000000000000 ) ) ;
#49 = LINE ( 'NONE', #4336, #319 ) ;
#50 = VERTEX_POINT ( 'NONE', #1872 ) ;
#51 = DIRECTION ( 'NONE',  ( 1.000000000000000000, 0.000000000000000000, -0.000000000000000000 ) ) ;
#52 = STYLED_ITEM ( 'NONE', ( #2133 ), #586 ) ;
#53 = EDGE_CURVE ( 'NONE', #4419, #3150, #90, .T. ) ;
#54 = ORIENTED_EDGE ( 'NONE', *, *, #2320, .T. ) ;
#55 = ORIENTED_EDGE ( 'NONE', *, *, #2671, .F. ) ;
#56 = FACE_OUTER_BOUND ( 'NONE', #3975, .T. ) ;
#57 =( LENGTH_UNIT ( ) NAMED_UNIT ( * ) SI_UNIT ( .MILLI., .METRE. ) );
#58 = PLANE ( 'NONE',  #2475 ) ;
#59 = EDGE_CURVE ( 'NONE', #353, #481, #3621, .T. ) ;
#60 = VERTEX_POINT ( 'NONE', #160 ) ;
#61 = FACE_OUTER_BOUND ( 'NONE', #3376, .T. ) ;
#62 = ORIENTED_EDGE ( 'NONE', *, *, #2701, .T. ) ;
#63 = PLANE ( 'NONE',  #2259 ) ;
#64 = DIRECTION ( 'NONE',  ( 0.000000000000000000, -0.000000000000000000, -1.000000000000000000 ) ) ;
#65 = VERTEX_POINT ( 'NONE', #3981 ) ;
#66 = DIRECTION ( 'NONE',  ( -0.000000000000000000, -0.000000000000000000, -1.000000000000000000 ) ) ;
#67 = EDGE_CURVE ( 'NONE', #16, #4017, #1570, .T. ) ;
#68 = ORIENTED_EDGE ( 'NONE', *, *, #23, .T. ) ;
#69 = ORIENTED_EDGE ( 'NONE', *, *, #2964, .F. ) ;
#70 = LINE ( 'NONE', #2886, #1679 ) ;
#71 = VECTOR ( 'NONE', #4317, 1000.000000000000000 ) ;
#72 = CIRCLE ( 'NONE', #519, 0.1250000000000000000 ) ;
#73 = CARTESIAN_POINT ( 'NONE',  ( 0.1250000000000000833, 0.000000000000000000, -0.9749999999999997558 ) ) ;
#74 = ORIENTED_EDGE ( 'NONE', *, *, #3780, .T. ) ;
#75 = FACE_OUTER_BOUND ( 'NONE', #3229, .T. ) ;
#76 = EDGE_LOOP ( 'NONE', ( #1176, #905, #3745, #2536 ) ) ;
#77 = ORIENTED_EDGE ( 'NONE', *, *, #509, .F. ) ;
#78 = PLANE ( 'NONE',  #738 ) ;
#79 = CARTESIAN_POINT ( 'NONE',  ( 1.100000000000000311, 0.000000000000000000, -0.8749999999999994449 ) ) ;
#80 = EDGE_CURVE ( 'NONE', #3447, #280, #1180, .T. ) ;
#81 = CYLINDRICAL_SURFACE ( 'NONE', #1290, 0.1269140061042962064 ) ;
#82 = VERTEX_POINT ( 'NONE', #2643 ) ;
#83 = PRESENTATION_STYLE_ASSIGNMENT (( #3247 ) ) ;
#84 = ORIENTED_EDGE ( 'NONE', *, *, #900, .F. ) ;
#85 = CARTESIAN_POINT ( 'NONE',  ( -0.8250000000000020650, 0.000000000000000000, 0.000000000000000000 ) ) ;
#86 = DIRECTION ( 'NONE',  ( -1.000000000000000000, 0.000000000000000000, 6.377659838150026227E-17 ) ) ;
#87 = ORIENTED_EDGE ( 'NONE', *, *, #400, .T. ) ;
#88 = CARTESIAN_POINT ( 'NONE',  ( 1.100000000000002087, 0.1000000000000000472, 0.1250000000000000000 ) ) ;
#89 = ORIENTED_EDGE ( 'NONE', *, *, #2637, .F. ) ;
#90 = LINE ( 'NONE', #2204, #1849 ) ;
#91 = CARTESIAN_POINT ( 'NONE',  ( -0.9500000000000002887, 0.1000000000000000056, 1.100000000000000755 ) ) ;
#92 = ORIENTED_EDGE ( 'NONE', *, *, #2036, .F. ) ;
#93 =( NAMED_UNIT ( * ) PLANE_ANGLE_UNIT ( ) SI_UNIT ( $, .RADIAN. ) );
#94 = DIRECTION ( 'NONE',  ( -1.000000000000000000, 0.000000000000000000, 0.000000000000000000 ) ) ;
#95 = VERTEX_POINT ( 'NONE', #2979 ) ;
#96 = PRODUCT_CONTEXT ( 'NONE', #2001, 'mechanical' ) ;
#97 = CARTESIAN_POINT ( 'NONE',  ( -0.8250000000000002887, 0.05000000000000000278, 0.3750000000000000000 ) ) ;
#98 = VECTOR ( 'NONE', #3035, 1000.000000000000000 ) ;
#99 = VECTOR ( 'NONE', #3106, 999.9999999999998863 ) ;
#100 = ORIENTED_EDGE ( 'NONE', *, *, #536, .T. ) ;
#101 = CARTESIAN_POINT ( 'NONE',  ( 0.5499999999999997113, 0.000000000000000000, 0.8749999999999996669 ) ) ;
#102 = CARTESIAN_POINT ( 'NONE',  ( -0.5499999999999997113, 0.1000000000000000056, 1.250000000000000222 ) ) ;
#103 = CARTESIAN_POINT ( 'NONE',  ( 1.100000000000000311, 0.000000000000000000, -0.8749999999999994449 ) ) ;
#104 = VECTOR ( 'NONE', #871, 1000.000000000000000 ) ;
#105 = EDGE_CURVE ( 'NONE', #1363, #2591, #2885, .T. ) ;
#106 = ADVANCED_FACE ( 'NONE', ( #117 ), #3596, .T. ) ;
#107 = EDGE_CURVE ( 'NONE', #571, #2369, #832, .T. ) ;
#108 = EDGE_LOOP ( 'NONE', ( #2901, #3194, #2749, #2009 ) ) ;
#109 =( NAMED_UNIT ( * ) PLANE_ANGLE_UNIT ( ) SI_UNIT ( $, .RADIAN. ) );
#110 = ORIENTED_EDGE ( 'NONE', *, *, #1829, .F. ) ;
#111 = LINE ( 'NONE', #4000, #1032 ) ;
#112 = PLANE ( 'NONE',  #3413 ) ;
#113 = EDGE_LOOP ( 'NONE', ( #3068, #164, #4052, #3280 ) ) ;
#114 = CARTESIAN_POINT ( 'NONE',  ( -0.1250000000000001110, 0.000000000000000000, -1.249999999999999778 ) ) ;
#115 = VERTEX_POINT ( 'NONE', #1525 ) ;
#116 = ORIENTED_EDGE ( 'NONE', *, *, #2988, .T. ) ;
#117 = FACE_OUTER_BOUND ( 'NONE', #4278, .T. ) ;
#118 = LINE ( 'NONE', #3255, #868 ) ;
#119 = VECTOR ( 'NONE', #3882, 1000.000000000000000 ) ;
#120 = VECTOR ( 'NONE', #2513, 1000.000000000000000 ) ;
#121 = VERTEX_POINT ( 'NONE', #2297 ) ;
#122 = PLANE ( 'NONE',  #3397 ) ;
#123 = DIRECTION ( 'NONE',  ( -0.000000000000000000, 0.000000000000000000, -1.000000000000000000 ) ) ;
#124 = ORIENTED_EDGE ( 'NONE', *, *, #528, .F. ) ;
#125 =( NAMED_UNIT ( * ) PLANE_ANGLE_UNIT ( ) SI_UNIT ( $, .RADIAN. ) );
#126 = VECTOR ( 'NONE', #412, 1000.000000000000000 ) ;
#127 = ORIENTED_EDGE ( 'NONE', *, *, #3327, .T. ) ;
#128 = DIRECTION ( 'NONE',  ( 1.000000000000000000, 0.000000000000000000, 3.942553354492739094E-16 ) ) ;
#129 = CARTESIAN_POINT ( 'NONE',  ( 0.1249999999999998890, 0.9860022573334675799, -1.249999999999999778 ) ) ;
#130 = EDGE_CURVE ( 'NONE', #4556, #1363, #511, .T. ) ;
#131 = LINE ( 'NONE', #3683, #2911 ) ;
#132 = ORIENTED_EDGE ( 'NONE', *, *, #3400, .F. ) ;
#133 = DIRECTION ( 'NONE',  ( 1.000000000000000000, 0.000000000000000000, 0.000000000000000000 ) ) ;
#134 = LINE ( 'NONE', #2246, #2071 ) ;
#135 = CARTESIAN_POINT ( 'NONE',  ( 0.2500000000000003331, 0.1000000000000000472, -0.6250000000000003331 ) ) ;
#136 = ORIENTED_EDGE ( 'NONE', *, *, #904, .T. ) ;
#137 = CARTESIAN_POINT ( 'NONE',  ( 1.100000000000000311, 0.1000000000000000472, -0.8749999999999994449 ) ) ;
#138 = EDGE_CURVE ( 'NONE', #2093, #3876, #2279, .T. ) ;
#139 = EDGE_LOOP ( 'NONE', ( #1543, #584, #618, #2197 ) ) ;
#140 = DIRECTION ( 'NONE',  ( 0.000000000000000000, -1.000000000000000000, 0.000000000000000000 ) ) ;
#141 = CARTESIAN_POINT ( 'NONE',  ( -0.9500000000000002887, 0.1000000000000000472, -1.250000000000000444 ) ) ;
#142 = ADVANCED_FACE ( 'NONE', ( #533 ), #3674, .F. ) ;
#143 = EDGE_LOOP ( 'NONE', ( #683, #1639, #1984, #1842 ) ) ;
#144 = LINE ( 'NONE', #2916, #2389 ) ;
#145 = DIRECTION ( 'NONE',  ( -0.000000000000000000, -1.000000000000000000, -0.000000000000000000 ) ) ;
#146 = ORIENTED_EDGE ( 'NONE', *, *, #843, .F. ) ;
#147 = EDGE_CURVE ( 'NONE', #4228, #2333, #4354, .T. ) ;
#148 = AXIS2_PLACEMENT_3D ( 'NONE', #1907, #2287, #2611 ) ;
#149 = ORIENTED_EDGE ( 'NONE', *, *, #256, .F. ) ;
#150 = PLANE ( 'NONE',  #2373 ) ;
#151 = CARTESIAN_POINT ( 'NONE',  ( 1.100000000000002087, 0.9860022573334675799, -0.1250000000000000000 ) ) ;
#152 = LINE ( 'NONE', #425, #474 ) ;
#153 = ORIENTED_EDGE ( 'NONE', *, *, #3069, .T. ) ;
#154 = FILL_AREA_STYLE_COLOUR ( '', #770 ) ;
#155 = LINE ( 'NONE', #4044, #2225 ) ;
#156 = DIRECTION ( 'NONE',  ( 1.000000000000000000, 0.000000000000000000, -5.421010862427514281E-16 ) ) ;
#157 = ORIENTED_EDGE ( 'NONE', *, *, #4332, .F. ) ;
#158 = CARTESIAN_POINT ( 'NONE',  ( 0.8250000000000020650, 0.9860022573334675799, 0.000000000000000000 ) ) ;
#159 = EDGE_LOOP ( 'NONE', ( #3824, #1551, #2301, #4108 ) ) ;
#160 = CARTESIAN_POINT ( 'NONE',  ( 0.5499999999999997113, 0.1000000000000000472, 0.8749999999999996669 ) ) ;
#161 = CIRCLE ( 'NONE', #2746, 0.1269140061042962064 ) ;
#162 = DIRECTION ( 'NONE',  ( 0.000000000000000000, 0.000000000000000000, 1.000000000000000000 ) ) ;
#163 = EDGE_CURVE ( 'NONE', #1037, #614, #1936, .T. ) ;
#164 = ORIENTED_EDGE ( 'NONE', *, *, #3708, .F. ) ;
#165 = EDGE_CURVE ( 'NONE', #121, #2912, #2555, .T. ) ;
#166 = ADVANCED_FACE ( 'NONE', ( #3254 ), #1495, .T. ) ;
#167 = DIRECTION ( 'NONE',  ( 1.000000000000000000, 0.000000000000000000, 3.942553354492739094E-16 ) ) ;
#168 = DIRECTION ( 'NONE',  ( 0.000000000000000000, -1.000000000000000000, 0.000000000000000000 ) ) ;
#169 = DIRECTION ( 'NONE',  ( -0.000000000000000000, -1.000000000000000000, -0.000000000000000000 ) ) ;
#170 = ORIENTED_EDGE ( 'NONE', *, *, #4236, .T. ) ;
#171 = CARTESIAN_POINT ( 'NONE',  ( 1.100000000000000311, 0.000000000000000000, 1.100000000000000755 ) ) ;
#172 = CARTESIAN_POINT ( 'NONE',  ( 1.100000000000002087, 0.1000000000000000056, -0.1250000000000000000 ) ) ;
#173 = LINE ( 'NONE', #1909, #1730 ) ;
#174 = AXIS2_PLACEMENT_3D ( 'NONE', #2641, #2618, #2545 ) ;
#175 = ORIENTED_EDGE ( 'NONE', *, *, #1522, .F. ) ;
#176 = LINE ( 'NONE', #199, #3367 ) ;
#177 = DIRECTION ( 'NONE',  ( -1.000000000000000000, 0.000000000000000000, 3.826595902890015736E-16 ) ) ;
#178 = VECTOR ( 'NONE', #4304, 1000.000000000000000 ) ;
#179 = VECTOR ( 'NONE', #2422, 1000.000000000000000 ) ;
#180 = CARTESIAN_POINT ( 'NONE',  ( 1.100000000000000311, 0.05000000000000000278, 1.100000000000000755 ) ) ;
#181 = VECTOR ( 'NONE', #408, 1000.000000000000000 ) ;
#182 = AXIS2_PLACEMENT_3D ( 'NONE', #688, #2807, #668 ) ;
#183 = CARTESIAN_POINT ( 'NONE',  ( -0.8250000000000020650, 0.05000000000000000278, -0.1250000000000000000 ) ) ;
#184 = EDGE_CURVE ( 'NONE', #428, #237, #1637, .T. ) ;
#185 = DIRECTION ( 'NONE',  ( -1.000000000000000000, 0.000000000000000000, 0.000000000000000000 ) ) ;
#186 = DIRECTION ( 'NONE',  ( 0.000000000000000000, -0.000000000000000000, 1.000000000000000000 ) ) ;
#187 = VERTEX_POINT ( 'NONE', #901 ) ;
#188 = CARTESIAN_POINT ( 'NONE',  ( 0.1250000000000000833, 0.1000000000000000056, -0.9749999999999997558 ) ) ;
#189 =( GEOMETRIC_REPRESENTATION_CONTEXT ( 3 ) GLOBAL_UNCERTAINTY_ASSIGNED_CONTEXT ( ( #4423 ) ) GLOBAL_UNIT_ASSIGNED_CONTEXT ( ( #2488, #352, #2070 ) ) REPRESENTATION_CONTEXT ( 'NONE', 'WORKASPACE' ) );
#190 = EDGE_CURVE ( 'NONE', #397, #2286, #693, .T. ) ;
#191 = LINE ( 'NONE', #2736, #2405 ) ;
#192 = VERTEX_POINT ( 'NONE', #926 ) ;
#193 = CARTESIAN_POINT ( 'NONE',  ( -0.5499999999999997113, 0.1000000000000000056, 0.8749999999999996669 ) ) ;
#194 = CARTESIAN_POINT ( 'NONE',  ( 1.100000000000000311, 0.000000000000000000, 0.8749999999999994449 ) ) ;
#195 = CARTESIAN_POINT ( 'NONE',  ( 1.100000000000000311, 0.000000000000000000, 0.6250000000000000000 ) ) ;
#196 = EDGE_CURVE ( 'NONE', #3296, #1072, #578, .T. ) ;
#197 = EDGE_LOOP ( 'NONE', ( #232, #2559, #1015, #3423 ) ) ;
#198 = AXIS2_PLACEMENT_3D ( 'NONE', #2770, #4491, #3718 ) ;
#199 = CARTESIAN_POINT ( 'NONE',  ( 1.100000000000000311, 0.000000000000000000, 0.3750000000000000000 ) ) ;
#200 = CARTESIAN_POINT ( 'NONE',  ( 1.100000000000000311, 0.1000000000000000056, 0.8749999999999994449 ) ) ;
#201 = DIRECTION ( 'NONE',  ( -0.000000000000000000, 0.000000000000000000, 1.000000000000000000 ) ) ;
#202 = DIRECTION ( 'NONE',  ( 0.000000000000000000, 0.000000000000000000, 1.000000000000000000 ) ) ;
#203 = EDGE_CURVE ( 'NONE', #2234, #2167, #2344, .T. ) ;
#204 = ORIENTED_EDGE ( 'NONE', *, *, #2300, .F. ) ;
#205 = PRESENTATION_LAYER_ASSIGNMENT (  '', '', ( #1761 ) ) ;
#206 = ORIENTED_EDGE ( 'NONE', *, *, #881, .T. ) ;
#207 = CARTESIAN_POINT ( 'NONE',  ( 0.5499999999999997113, 0.9860022573334675799, -1.250000000000000222 ) ) ;
#208 = DIRECTION ( 'NONE',  ( 0.000000000000000000, 1.000000000000000000, 0.000000000000000000 ) ) ;
#209 = CARTESIAN_POINT ( 'NONE',  ( 0.8250000000000002887, 0.1000000000000000472, 0.5000000000000000000 ) ) ;
#210 = ORIENTED_EDGE ( 'NONE', *, *, #1665, .T. ) ;
#211 = DIRECTION ( 'NONE',  ( 0.000000000000000000, -1.000000000000000000, 0.000000000000000000 ) ) ;
#212 = FILL_AREA_STYLE ('',( #2323 ) ) ;
#213 = CARTESIAN_POINT ( 'NONE',  ( -1.100000000000000311, 0.1000000000000000472, -0.6250000000000000000 ) ) ;
#214 = ORIENTED_EDGE ( 'NONE', *, *, #3833, .F. ) ;
#215 = LINE ( 'NONE', #1279, #1329 ) ;
#216 = DIRECTION ( 'NONE',  ( -0.000000000000000000, -1.000000000000000000, -0.000000000000000000 ) ) ;
#217 = CARTESIAN_POINT ( 'NONE',  ( 0.1250000000000000555, 0.1000000000000000056, -0.9749999999999997558 ) ) ;
#218 = VECTOR ( 'NONE', #4193, 1000.000000000000000 ) ;
#219 = VECTOR ( 'NONE', #3294, 1000.000000000000000 ) ;
#220 = ORIENTED_EDGE ( 'NONE', *, *, #3808, .F. ) ;
#221 = EDGE_CURVE ( 'NONE', #3432, #2774, #2031, .T. ) ;
#222 = PLANE ( 'NONE',  #3024 ) ;
#223 = DIRECTION ( 'NONE',  ( 0.000000000000000000, 0.000000000000000000, 1.000000000000000000 ) ) ;
#224 = CARTESIAN_POINT ( 'NONE',  ( -0.6999999999999998446, 0.000000000000000000, -0.8749999999999995559 ) ) ;
#225 = EDGE_CURVE ( 'NONE', #723, #2333, #3716, .T. ) ;
#226 = LINE ( 'NONE', #4136, #3834 ) ;
#227 = ORIENTED_EDGE ( 'NONE', *, *, #445, .F. ) ;
#228 = FACE_OUTER_BOUND ( 'NONE', #305, .T. ) ;
#229 = ORIENTED_EDGE ( 'NONE', *, *, #1216, .F. ) ;
#230 = CARTESIAN_POINT ( 'NONE',  ( -1.100000000000000311, 0.05000000000000000278, 0.3750000000000000000 ) ) ;
#231 =( GEOMETRIC_REPRESENTATION_CONTEXT ( 3 ) GLOBAL_UNCERTAINTY_ASSIGNED_CONTEXT ( ( #1059 ) ) GLOBAL_UNIT_ASSIGNED_CONTEXT ( ( #3508, #4282, #1092 ) ) REPRESENTATION_CONTEXT ( 'NONE', 'WORKASPACE' ) );
#232 = ORIENTED_EDGE ( 'NONE', *, *, #3440, .F. ) ;
#233 = CARTESIAN_POINT ( 'NONE',  ( -0.9500000000000002887, 0.1000000000000000056, 1.250000000000000444 ) ) ;
#234 = LINE ( 'NONE', #1943, #3276 ) ;
#235 = EDGE_LOOP ( 'NONE', ( #2562, #3098, #350, #1555 ) ) ;
#236 = DIRECTION ( 'NONE',  ( 0.000000000000000000, -0.000000000000000000, -1.000000000000000000 ) ) ;
#237 = VERTEX_POINT ( 'NONE', #969 ) ;
#238 = DIRECTION ( 'NONE',  ( 0.000000000000000000, -1.000000000000000000, 0.000000000000000000 ) ) ;
#239 = CARTESIAN_POINT ( 'NONE',  ( -0.9500000000000002887, 0.05000000000000000278, 0.000000000000000000 ) ) ;
#240 = ORIENTED_EDGE ( 'NONE', *, *, #2294, .T. ) ;
#241 = DIRECTION ( 'NONE',  ( 0.000000000000000000, 0.000000000000000000, 1.000000000000000000 ) ) ;
#242 = PLANE ( 'NONE',  #4515 ) ;
#243 = CARTESIAN_POINT ( 'NONE',  ( 1.099999999999999867, 5.330165161069341906, 1.250000000000000222 ) ) ;
#244 = VECTOR ( 'NONE', #4026, 1000.000000000000000 ) ;
#245 = EDGE_CURVE ( 'NONE', #311, #2858, #3361, .T. ) ;
#246 = PRODUCT_DEFINITION_FORMATION_WITH_SPECIFIED_SOURCE ( 'ANY', '', #2802, .NOT_KNOWN. ) ;
#247 = ADVANCED_FACE ( 'NONE', ( #3741 ), #3783, .F. ) ;
#248 = AXIS2_PLACEMENT_3D ( 'NONE', #1668, #4054, #517 ) ;
#249 = ORIENTED_EDGE ( 'NONE', *, *, #105, .F. ) ;
#250 = DIRECTION ( 'NONE',  ( 0.000000000000000000, -1.000000000000000000, 0.000000000000000000 ) ) ;
#251 = FACE_OUTER_BOUND ( 'NONE', #3701, .T. ) ;
#252 = VERTEX_POINT ( 'NONE', #1978 ) ;
#253 = DIRECTION ( 'NONE',  ( 1.000000000000000000, 0.000000000000000000, -2.710505431213758620E-16 ) ) ;
#254 = VECTOR ( 'NONE', #3349, 1000.000000000000000 ) ;
#255 = VECTOR ( 'NONE', #2653, 1000.000000000000000 ) ;
#256 = EDGE_CURVE ( 'NONE', #252, #723, #1335, .T. ) ;
#257 = ORIENTED_EDGE ( 'NONE', *, *, #4321, .F. ) ;
#258 = LINE ( 'NONE', #932, #4276 ) ;
#259 = DIRECTION ( 'NONE',  ( 0.000000000000000000, -0.000000000000000000, -1.000000000000000000 ) ) ;
#260 = VERTEX_POINT ( 'NONE', #1659 ) ;
#261 = DIRECTION ( 'NONE',  ( 0.000000000000000000, 0.000000000000000000, -1.000000000000000000 ) ) ;
#262 = ORIENTED_EDGE ( 'NONE', *, *, #3435, .T. ) ;
#263 = ORIENTED_EDGE ( 'NONE', *, *, #2483, .F. ) ;
#264 = DIRECTION ( 'NONE',  ( 0.000000000000000000, 1.000000000000000000, 0.000000000000000000 ) ) ;
#265 = LINE ( 'NONE', #2739, #2421 ) ;
#266 = EDGE_CURVE ( 'NONE', #2498, #972, #604, .T. ) ;
#267 = ORIENTED_EDGE ( 'NONE', *, *, #1671, .T. ) ;
#268 = DIRECTION ( 'NONE',  ( -0.000000000000000000, -1.000000000000000000, -0.000000000000000000 ) ) ;
#269 = ORIENTED_EDGE ( 'NONE', *, *, #469, .F. ) ;
#270 = CARTESIAN_POINT ( 'NONE',  ( -1.100000000000002087, 0.000000000000000000, 0.1250000000000000000 ) ) ;
#271 = DIRECTION ( 'NONE',  ( -0.000000000000000000, -1.000000000000000000, -0.000000000000000000 ) ) ;
#272 = DIRECTION ( 'NONE',  ( -1.000000000000000000, 0.000000000000000000, -0.000000000000000000 ) ) ;
#273 = VECTOR ( 'NONE', #1251, 1000.000000000000000 ) ;
#274 = DIRECTION ( 'NONE',  ( -0.000000000000000000, -1.000000000000000000, -0.000000000000000000 ) ) ;
#275 = PLANE ( 'NONE',  #3584 ) ;
#276 = VERTEX_POINT ( 'NONE', #1614 ) ;
#277 = EDGE_CURVE ( 'NONE', #4017, #2369, #2747, .T. ) ;
#278 = DIRECTION ( 'NONE',  ( 0.000000000000000000, -1.000000000000000000, 0.000000000000000000 ) ) ;
#279 = UNCERTAINTY_MEASURE_WITH_UNIT (LENGTH_MEASURE( 1.000000000000000082E-05 ), #2537, 'distance_accuracy_value', 'NONE');
#280 = VERTEX_POINT ( 'NONE', #2413 ) ;
#281 = CARTESIAN_POINT ( 'NONE',  ( -0.9500000000000002887, 0.1000000000000000056, -1.100000000000000755 ) ) ;
#282 = SURFACE_STYLE_USAGE ( .BOTH. , #4247 ) ;
#283 = EDGE_CURVE ( 'NONE', #4036, #3326, #1258, .T. ) ;
#284 = CARTESIAN_POINT ( 'NONE',  ( 0.8250000000000002887, 0.1000000000000000056, 0.3750000000000000000 ) ) ;
#285 = VERTEX_POINT ( 'NONE', #3384 ) ;
#286 = CARTESIAN_POINT ( 'NONE',  ( 0.000000000000000000, 0.1000000000000000056, 0.000000000000000000 ) ) ;
#287 = PRESENTATION_STYLE_ASSIGNMENT (( #1025 ) ) ;
#288 = ORIENTED_EDGE ( 'NONE', *, *, #3075, .T. ) ;
#289 = ORIENTED_EDGE ( 'NONE', *, *, #2121, .F. ) ;
#290 = FACE_OUTER_BOUND ( 'NONE', #197, .T. ) ;
#291 = AXIS2_PLACEMENT_3D ( 'NONE', #1743, #1808, #3535 ) ;
#292 = DIRECTION ( 'NONE',  ( 1.000000000000000000, 0.000000000000000000, 0.000000000000000000 ) ) ;
#293 = FACE_OUTER_BOUND ( 'NONE', #1424, .T. ) ;
#294 = AXIS2_PLACEMENT_3D ( 'NONE', #85, #1912, #897 ) ;
#295 = DIRECTION ( 'NONE',  ( 0.000000000000000000, 1.000000000000000000, 0.000000000000000000 ) ) ;
#296 = CARTESIAN_POINT ( 'NONE',  ( -0.8250000000000002887, 0.1000000000000000472, 0.3750000000000000000 ) ) ;
#297 = ORIENTED_EDGE ( 'NONE', *, *, #1068, .F. ) ;
#298 = DIRECTION ( 'NONE',  ( -0.7071067811865472397, 0.000000000000000000, -0.7071067811865479058 ) ) ;
#299 = ORIENTED_EDGE ( 'NONE', *, *, #1966, .F. ) ;
#300 = CARTESIAN_POINT ( 'NONE',  ( 1.100000000000000311, 0.1000000000000000472, 0.6250000000000001110 ) ) ;
#301 = CARTESIAN_POINT ( 'NONE',  ( -0.5499999999999997113, 0.000000000000000000, -1.250000000000000222 ) ) ;
#302 = EDGE_CURVE ( 'NONE', #4494, #2599, #226, .T. ) ;
#303 = ADVANCED_FACE ( 'NONE', ( #3043 ), #2706, .F. ) ;
#304 = EDGE_CURVE ( 'NONE', #610, #3103, #2055, .T. ) ;
#305 = EDGE_LOOP ( 'NONE', ( #2563, #1285, #3490, #4249 ) ) ;
#306 = DIRECTION ( 'NONE',  ( -1.000000000000000000, 0.000000000000000000, 0.000000000000000000 ) ) ;
#307 = ORIENTED_EDGE ( 'NONE', *, *, #662, .F. ) ;
#308 = DIRECTION ( 'NONE',  ( -0.000000000000000000, -0.000000000000000000, 1.000000000000000000 ) ) ;
#309 = DIRECTION ( 'NONE',  ( -1.000000000000000000, 0.000000000000000000, -3.942553354492739094E-16 ) ) ;
#310 = AXIS2_PLACEMENT_3D ( 'NONE', #1000, #3832, #2374 ) ;
#311 = VERTEX_POINT ( 'NONE', #1592 ) ;
#312 = DIRECTION ( 'NONE',  ( -0.000000000000000000, -1.000000000000000000, -0.000000000000000000 ) ) ;
#313 = DIRECTION ( 'NONE',  ( -1.000000000000000000, 0.000000000000000000, 1.807003620809174139E-16 ) ) ;
#314 = CARTESIAN_POINT ( 'NONE',  ( 1.100000000000000311, 0.1000000000000000056, -1.100000000000000755 ) ) ;
#315 = LINE ( 'NONE', #731, #443 ) ;
#316 = DIRECTION ( 'NONE',  ( 0.000000000000000000, -0.000000000000000000, 1.000000000000000000 ) ) ;
#317 = ORIENTED_EDGE ( 'NONE', *, *, #414, .F. ) ;
#318 = DIRECTION ( 'NONE',  ( 0.000000000000000000, 0.000000000000000000, 1.000000000000000000 ) ) ;
#319 = VECTOR ( 'NONE', #492, 1000.000000000000000 ) ;
#320 = VECTOR ( 'NONE', #2293, 1000.000000000000000 ) ;
#321 = VECTOR ( 'NONE', #3136, 1000.000000000000000 ) ;
#322 = ORIENTED_EDGE ( 'NONE', *, *, #3968, .F. ) ;
#323 = CARTESIAN_POINT ( 'NONE',  ( 0.000000000000000000, 0.05000000000000000278, -0.9749999999999997558 ) ) ;
#324 = CLOSED_SHELL ( 'NONE', ( #1249, #3996, #1561, #1223, #4130, #3549 ) ) ;
#325 = VECTOR ( 'NONE', #800, 1000.000000000000000 ) ;
#326 = LINE ( 'NONE', #1045, #2759 ) ;
#327 = ORIENTED_EDGE ( 'NONE', *, *, #53, .F. ) ;
#328 = LINE ( 'NONE', #4150, #2442 ) ;
#329 = PRESENTATION_STYLE_ASSIGNMENT (( #1373 ) ) ;
#330 = ADVANCED_FACE ( 'NONE', ( #3066 ), #2663, .T. ) ;
#331 = VERTEX_POINT ( 'NONE', #339 ) ;
#332 = DIRECTION ( 'NONE',  ( -0.000000000000000000, -1.000000000000000000, -0.000000000000000000 ) ) ;
#333 = DIRECTION ( 'NONE',  ( 0.000000000000000000, -1.000000000000000000, 0.000000000000000000 ) ) ;
#334 = ADVANCED_FACE ( 'NONE', ( #2787, #4175 ), #4221, .T. ) ;
#335 = LINE ( 'NONE', #4242, #850 ) ;
#336 = VECTOR ( 'NONE', #485, 1000.000000000000000 ) ;
#337 = VECTOR ( 'NONE', #4049, 1000.000000000000000 ) ;
#338 = ORIENTED_EDGE ( 'NONE', *, *, #849, .F. ) ;
#339 = CARTESIAN_POINT ( 'NONE',  ( 0.2500000000000003331, 0.000000000000000000, -0.6250000000000003331 ) ) ;
#340 = EDGE_CURVE ( 'NONE', #3185, #723, #315, .T. ) ;
#341 = DIRECTION ( 'NONE',  ( 0.000000000000000000, 0.000000000000000000, -1.000000000000000000 ) ) ;
#342 = EDGE_LOOP ( 'NONE', ( #917, #3908, #3315, #2057 ) ) ;
#343 = CARTESIAN_POINT ( 'NONE',  ( 0.8250000000000020650, 0.1000000000000000056, -0.1250000000000000000 ) ) ;
#344 = AXIS2_PLACEMENT_3D ( 'NONE', #323, #3849, #1452 ) ;
#345 = ORIENTED_EDGE ( 'NONE', *, *, #4460, .F. ) ;
#346 = CARTESIAN_POINT ( 'NONE',  ( -0.9500000000000002887, 0.1000000000000000472, -1.250000000000000444 ) ) ;
#347 = PRESENTATION_LAYER_ASSIGNMENT (  '', '', ( #52 ) ) ;
#348 = DIRECTION ( 'NONE',  ( 1.000000000000000000, 0.000000000000000000, 0.000000000000000000 ) ) ;
#349 = DIRECTION ( 'NONE',  ( -0.000000000000000000, -1.000000000000000000, -0.000000000000000000 ) ) ;
#350 = ORIENTED_EDGE ( 'NONE', *, *, #3833, .T. ) ;
#351 = FACE_OUTER_BOUND ( 'NONE', #2060, .T. ) ;
#352 =( NAMED_UNIT ( * ) PLANE_ANGLE_UNIT ( ) SI_UNIT ( $, .RADIAN. ) );
#353 = VERTEX_POINT ( 'NONE', #4534 ) ;
#354 = LINE ( 'NONE', #3172, #1694 ) ;
#355 = DIRECTION ( 'NONE',  ( -1.000000000000000000, 0.000000000000000000, 0.000000000000000000 ) ) ;
#356 = CARTESIAN_POINT ( 'NONE',  ( -1.100000000000000311, 0.1000000000000000472, 0.3750000000000000000 ) ) ;
#357 = EDGE_CURVE ( 'NONE', #2727, #3879, #3519, .T. ) ;
#358 = ADVANCED_FACE ( 'NONE', ( #3886 ), #1381, .F. ) ;
#359 = ORIENTED_EDGE ( 'NONE', *, *, #4134, .T. ) ;
#360 = DIRECTION ( 'NONE',  ( -0.000000000000000000, -1.000000000000000000, -0.000000000000000000 ) ) ;
#361 = ORIENTED_EDGE ( 'NONE', *, *, #593, .F. ) ;
#362 = LINE ( 'NONE', #2838, #321 ) ;
#363 = ORIENTED_EDGE ( 'NONE', *, *, #1460, .F. ) ;
#364 = CARTESIAN_POINT ( 'NONE',  ( 1.099999999999999867, 1.000000000000000000, 1.250000000000000222 ) ) ;
#365 = CIRCLE ( 'NONE', #1183, 0.1250000000000000000 ) ;
#366 = EDGE_CURVE ( 'NONE', #3321, #4516, #2769, .T. ) ;
#367 = ORIENTED_EDGE ( 'NONE', *, *, #2602, .F. ) ;
#368 = DIRECTION ( 'NONE',  ( -0.000000000000000000, -0.000000000000000000, 1.000000000000000000 ) ) ;
#369 = FILL_AREA_STYLE ('',( #719 ) ) ;
#370 = FACE_OUTER_BOUND ( 'NONE', #581, .T. ) ;
#371 = ORIENTED_EDGE ( 'NONE', *, *, #2483, .T. ) ;
#372 = FACE_OUTER_BOUND ( 'NONE', #3071, .T. ) ;
#373 = CARTESIAN_POINT ( 'NONE',  ( 1.100000000000000311, 0.9860022573334675799, -0.8749999999999994449 ) ) ;
#374 = VECTOR ( 'NONE', #4053, 1000.000000000000000 ) ;
#375 = CARTESIAN_POINT ( 'NONE',  ( 0.8250000000000020650, 0.1000000000000000056, -0.1250000000000000000 ) ) ;
#376 = LINE ( 'NONE', #3842, #4155 ) ;
#377 = DIRECTION ( 'NONE',  ( 0.000000000000000000, -1.000000000000000000, 0.000000000000000000 ) ) ;
#378 = ORIENTED_EDGE ( 'NONE', *, *, #3330, .F. ) ;
#379 = PLANE ( 'NONE',  #182 ) ;
#380 = ORIENTED_EDGE ( 'NONE', *, *, #2763, .F. ) ;
#381 = CARTESIAN_POINT ( 'NONE',  ( -0.9500000000000002887, 0.9860022573334675799, 1.250000000000000444 ) ) ;
#382 = CARTESIAN_POINT ( 'NONE',  ( 0.5499999999999997113, 0.1000000000000000472, -0.8749999999999996669 ) ) ;
#383 = ORIENTED_EDGE ( 'NONE', *, *, #3808, .T. ) ;
#384 = LINE ( 'NONE', #3160, #841 ) ;
#385 = EDGE_CURVE ( 'NONE', #2858, #1793, #1792, .T. ) ;
#386 = EDGE_CURVE ( 'NONE', #3126, #50, #753, .T. ) ;
#387 = EDGE_LOOP ( 'NONE', ( #3386, #1749, #1094, #3613 ) ) ;
#388 = FACE_OUTER_BOUND ( 'NONE', #1762, .T. ) ;
#389 =( GEOMETRIC_REPRESENTATION_CONTEXT ( 3 ) GLOBAL_UNCERTAINTY_ASSIGNED_CONTEXT ( ( #2685 ) ) GLOBAL_UNIT_ASSIGNED_CONTEXT ( ( #3284, #1141, #4339 ) ) REPRESENTATION_CONTEXT ( 'NONE', 'WORKASPACE' ) );
#390 = EDGE_CURVE ( 'NONE', #885, #4233, #4553, .T. ) ;
#391 = AXIS2_PLACEMENT_3D ( 'NONE', #1311, #2722, #4111 ) ;
#392 = CLOSED_SHELL ( 'NONE', ( #2831, #303, #2875, #884, #1243, #3196 ) ) ;
#393 = VECTOR ( 'NONE', #3351, 999.9999999999998863 ) ;
#394 = DIRECTION ( 'NONE',  ( 1.000000000000000000, -0.000000000000000000, -0.000000000000000000 ) ) ;
#395 = VECTOR ( 'NONE', #2620, 1000.000000000000000 ) ;
#396 = VECTOR ( 'NONE', #1445, 1000.000000000000000 ) ;
#397 = VERTEX_POINT ( 'NONE', #3844 ) ;
#398 = PLANE ( 'NONE',  #1029 ) ;
#399 = CARTESIAN_POINT ( 'NONE',  ( -0.5499999999999997113, 0.1000000000000000472, 1.250000000000000222 ) ) ;
#400 = EDGE_CURVE ( 'NONE', #825, #4475, #3135, .T. ) ;
#401 = PLANE ( 'NONE',  #4040 ) ;
#402 = CARTESIAN_POINT ( 'NONE',  ( 1.100000000000000311, 0.1000000000000000472, -0.3749999999999998890 ) ) ;
#403 = PLANE ( 'NONE',  #3053 ) ;
#404 = SURFACE_SIDE_STYLE ('',( #427 ) ) ;
#405 = ORIENTED_EDGE ( 'NONE', *, *, #4281, .T. ) ;
#406 = DIRECTION ( 'NONE',  ( -1.000000000000000000, 0.000000000000000000, -5.421010862427514281E-16 ) ) ;
#407 = ORIENTED_EDGE ( 'NONE', *, *, #2337, .T. ) ;
#408 = DIRECTION ( 'NONE',  ( 1.000000000000000000, 0.000000000000000000, 0.000000000000000000 ) ) ;
#409 = AXIS2_PLACEMENT_3D ( 'NONE', #2540, #3219, #3633 ) ;
#410 = ORIENTED_EDGE ( 'NONE', *, *, #165, .F. ) ;
#411 = CARTESIAN_POINT ( 'NONE',  ( -0.5499999999999999334, 0.1000000000000000056, -1.024999999999999467 ) ) ;
#412 = DIRECTION ( 'NONE',  ( 0.000000000000000000, -1.000000000000000000, 0.000000000000000000 ) ) ;
#413 = VECTOR ( 'NONE', #3044, 1000.000000000000000 ) ;
#414 = EDGE_CURVE ( 'NONE', #1318, #1371, #2078, .T. ) ;
#415 = CARTESIAN_POINT ( 'NONE',  ( -0.7657500870170551588, 1.000000000000000000, -1.079847447725523546 ) ) ;
#416 = LINE ( 'NONE', #1553, #4069 ) ;
#417 = ORIENTED_EDGE ( 'NONE', *, *, #4321, .T. ) ;
#418 = FACE_OUTER_BOUND ( 'NONE', #4313, .T. ) ;
#419 = STYLED_ITEM ( 'NONE', ( #1764 ), #605 ) ;
#420 = ADVANCED_FACE ( 'NONE', ( #3453 ), #379, .T. ) ;
#421 = EDGE_LOOP ( 'NONE', ( #2100, #680, #2486, #2037 ) ) ;
#422 = VERTEX_POINT ( 'NONE', #10 ) ;
#423 = CARTESIAN_POINT ( 'NONE',  ( -0.5499999999999997113, 0.9860022573334675799, 0.8749999999999996669 ) ) ;
#424 = LINE ( 'NONE', #102, #4016 ) ;
#425 = CARTESIAN_POINT ( 'NONE',  ( -0.6999999999999998446, 0.9860022573334675799, -0.8749999999999995559 ) ) ;
#426 = EDGE_LOOP ( 'NONE', ( #2506, #2467, #1880, #2757 ) ) ;
#427 = SURFACE_STYLE_FILL_AREA ( #1172 ) ;
#428 = VERTEX_POINT ( 'NONE', #2859 ) ;
#429 = CARTESIAN_POINT ( 'NONE',  ( 1.100000000000000311, 0.1000000000000000472, 1.100000000000000755 ) ) ;
#430 = CARTESIAN_POINT ( 'NONE',  ( -0.2500000000000002220, 0.05000000000000000278, 5.421010862427518472E-17 ) ) ;
#431 = ORIENTED_EDGE ( 'NONE', *, *, #225, .F. ) ;
#432 = LINE ( 'NONE', #713, #3564 ) ;
#433 = ORIENTED_EDGE ( 'NONE', *, *, #2387, .T. ) ;
#434 = CARTESIAN_POINT ( 'NONE',  ( 1.100000000000000311, 0.000000000000000000, -0.6250000000000000000 ) ) ;
#435 = DIRECTION ( 'NONE',  ( 0.000000000000000000, 0.000000000000000000, -1.000000000000000000 ) ) ;
#436 = VECTOR ( 'NONE', #3216, 1000.000000000000000 ) ;
#437 = VECTOR ( 'NONE', #1769, 1000.000000000000000 ) ;
#438 = ORIENTED_EDGE ( 'NONE', *, *, #1500, .F. ) ;
#439 = CARTESIAN_POINT ( 'NONE',  ( -1.100000000000002087, 0.9860022573334675799, -0.1250000000000000000 ) ) ;
#440 = CARTESIAN_POINT ( 'NONE',  ( -1.100000000000000311, 0.1000000000000000056, 0.6250000000000000000 ) ) ;
#441 = ORIENTED_EDGE ( 'NONE', *, *, #266, .T. ) ;
#442 = DIRECTION ( 'NONE',  ( -1.000000000000000000, 0.000000000000000000, 0.000000000000000000 ) ) ;
#443 = VECTOR ( 'NONE', #3909, 1000.000000000000000 ) ;
#444 = EDGE_CURVE ( 'NONE', #1624, #484, #4197, .T. ) ;
#445 = EDGE_CURVE ( 'NONE', #677, #3225, #2124, .T. ) ;
#446 = VERTEX_POINT ( 'NONE', #4245 ) ;
#447 = CARTESIAN_POINT ( 'NONE',  ( -1.100000000000000311, 0.000000000000000000, -0.8749999999999994449 ) ) ;
#448 = FILL_AREA_STYLE_COLOUR ( '', #2995 ) ;
#449 = CARTESIAN_POINT ( 'NONE',  ( 0.1250000000000001110, 0.1000000000000000472, 1.250000000000000444 ) ) ;
#450 = VECTOR ( 'NONE', #1901, 1000.000000000000000 ) ;
#451 = VERTEX_POINT ( 'NONE', #1053 ) ;
#452 = ORIENTED_EDGE ( 'NONE', *, *, #3213, .T. ) ;
#453 = CARTESIAN_POINT ( 'NONE',  ( 0.2500000000000002220, 0.05000000000000000278, 5.421010862427518472E-17 ) ) ;
#454 = CARTESIAN_POINT ( 'NONE',  ( -0.2500000000000002776, 0.05000000000000000278, -0.3749999999999999445 ) ) ;
#455 = ORIENTED_EDGE ( 'NONE', *, *, #2578, .T. ) ;
#456 = FACE_OUTER_BOUND ( 'NONE', #2615, .T. ) ;
#457 = VERTEX_POINT ( 'NONE', #709 ) ;
#458 = DIRECTION ( 'NONE',  ( 1.000000000000000000, -0.000000000000000000, -6.377659838150026227E-17 ) ) ;
#459 = CARTESIAN_POINT ( 'NONE',  ( 1.100000000000000311, 0.9860022573334675799, 1.100000000000000755 ) ) ;
#460 = EDGE_CURVE ( 'NONE', #3862, #1995, #1104, .T. ) ;
#461 = ORIENTED_EDGE ( 'NONE', *, *, #1001, .F. ) ;
#462 = DIRECTION ( 'NONE',  ( -1.000000000000000000, 0.000000000000000000, 0.000000000000000000 ) ) ;
#463 = CARTESIAN_POINT ( 'NONE',  ( -1.100000000000000311, 0.05000000000000000278, 1.100000000000000755 ) ) ;
#464 = ORIENTED_EDGE ( 'NONE', *, *, #1042, .T. ) ;
#465 =( NAMED_UNIT ( * ) SI_UNIT ( $, .STERADIAN. ) SOLID_ANGLE_UNIT ( ) );
#466 = CARTESIAN_POINT ( 'NONE',  ( 0.2500000000000003331, 0.1000000000000000056, -0.6250000000000003331 ) ) ;
#467 = VECTOR ( 'NONE', #1697, 1000.000000000000000 ) ;
#468 = CIRCLE ( 'NONE', #4288, 0.1250000000000000000 ) ;
#469 = EDGE_CURVE ( 'NONE', #1900, #3876, #2179, .T. ) ;
#470 = ORIENTED_EDGE ( 'NONE', *, *, #2046, .T. ) ;
#471 = CARTESIAN_POINT ( 'NONE',  ( 0.000000000000000000, 0.1000000000000000056, 0.000000000000000000 ) ) ;
#472 = CARTESIAN_POINT ( 'NONE',  ( 1.100000000000002087, 0.1000000000000000056, -0.1250000000000000000 ) ) ;
#473 = CARTESIAN_POINT ( 'NONE',  ( 0.8250000000000020650, 0.1000000000000000472, 0.000000000000000000 ) ) ;
#474 = VECTOR ( 'NONE', #1559, 1000.000000000000000 ) ;
#475 = MANIFOLD_SOLID_BREP ( 'Boss-Extrude3[5]', #392 ) ;
#476 = ORIENTED_EDGE ( 'NONE', *, *, #3803, .F. ) ;
#477 = FILL_AREA_STYLE_COLOUR ( '', #1166 ) ;
#478 = EDGE_CURVE ( 'NONE', #4015, #115, #4158, .T. ) ;
#479 = LINE ( 'NONE', #2617, #1622 ) ;
#480 = LINE ( 'NONE', #1892, #2825 ) ;
#481 = VERTEX_POINT ( 'NONE', #2244 ) ;
#482 = CARTESIAN_POINT ( 'NONE',  ( 1.099999999999999867, 0.05000000000000000278, 1.250000000000000222 ) ) ;
#483 = ORIENTED_EDGE ( 'NONE', *, *, #1386, .F. ) ;
#484 = VERTEX_POINT ( 'NONE', #2196 ) ;
#485 = DIRECTION ( 'NONE',  ( -1.000000000000000000, 0.000000000000000000, 0.000000000000000000 ) ) ;
#486 = MANIFOLD_SOLID_BREP ( 'Boss-Extrude3[6]', #3617 ) ;
#487 = FACE_OUTER_BOUND ( 'NONE', #944, .T. ) ;
#488 = MECHANICAL_DESIGN_GEOMETRIC_PRESENTATION_REPRESENTATION (  '', ( #4088 ), #189 ) ;
#489 = VECTOR ( 'NONE', #4190, 1000.000000000000000 ) ;
#490 = ORIENTED_EDGE ( 'NONE', *, *, #2715, .F. ) ;
#491 = CARTESIAN_POINT ( 'NONE',  ( 0.000000000000000000, 0.05000000000000000278, 0.6250000000000000000 ) ) ;
#492 = DIRECTION ( 'NONE',  ( 1.000000000000000000, 0.000000000000000000, -3.826595902890015736E-16 ) ) ;
#493 = ORIENTED_EDGE ( 'NONE', *, *, #986, .T. ) ;
#494 = CARTESIAN_POINT ( 'NONE',  ( 0.5499999999999997113, 0.05000000000000000278, -0.8749999999999996669 ) ) ;
#495 = CARTESIAN_POINT ( 'NONE',  ( 0.9500000000000002887, 0.1000000000000000056, 1.100000000000000755 ) ) ;
#496 = AXIS2_PLACEMENT_3D ( 'NONE', #4185, #3230, #1781 ) ;
#497 = ORIENTED_EDGE ( 'NONE', *, *, #2761, .T. ) ;
#498 = DIRECTION ( 'NONE',  ( 0.000000000000000000, -0.000000000000000000, -1.000000000000000000 ) ) ;
#499 = SURFACE_SIDE_STYLE ('',( #3659 ) ) ;
#500 = PLANE ( 'NONE',  #1879 ) ;
#501 =( GEOMETRIC_REPRESENTATION_CONTEXT ( 3 ) GLOBAL_UNCERTAINTY_ASSIGNED_CONTEXT ( ( #1385 ) ) GLOBAL_UNIT_ASSIGNED_CONTEXT ( ( #1477, #93, #3897 ) ) REPRESENTATION_CONTEXT ( 'NONE', 'WORKASPACE' ) );
#502 = ORIENTED_EDGE ( 'NONE', *, *, #758, .T. ) ;
#503 =( LENGTH_UNIT ( ) NAMED_UNIT ( * ) SI_UNIT ( .MILLI., .METRE. ) );
#504 = DIRECTION ( 'NONE',  ( -1.000000000000000000, 0.000000000000000000, -5.421010862427514281E-16 ) ) ;
#505 = FACE_OUTER_BOUND ( 'NONE', #808, .T. ) ;
#506 = ORIENTED_EDGE ( 'NONE', *, *, #678, .T. ) ;
#507 = DIRECTION ( 'NONE',  ( 0.000000000000000000, 0.000000000000000000, -1.000000000000000000 ) ) ;
#508 = EDGE_CURVE ( 'NONE', #3559, #2277, #2219, .T. ) ;
#509 = EDGE_CURVE ( 'NONE', #1801, #3012, #2542, .T. ) ;
#510 = ORIENTED_EDGE ( 'NONE', *, *, #1322, .F. ) ;
#511 = LINE ( 'NONE', #3691, #336 ) ;
#512 = DIRECTION ( 'NONE',  ( 0.000000000000000000, 1.000000000000000000, 0.000000000000000000 ) ) ;
#513 = ADVANCED_FACE ( 'NONE', ( #3666 ), #4371, .F. ) ;
#514 = VERTEX_POINT ( 'NONE', #3639 ) ;
#515 = VECTOR ( 'NONE', #1328, 1000.000000000000000 ) ;
#516 = CARTESIAN_POINT ( 'NONE',  ( -0.1250000000000000000, 0.000000000000000000, 1.250000000000000444 ) ) ;
#517 = DIRECTION ( 'NONE',  ( 1.000000000000000000, 0.000000000000000000, 3.826595902890015736E-16 ) ) ;
#518 =( NAMED_UNIT ( * ) PLANE_ANGLE_UNIT ( ) SI_UNIT ( $, .RADIAN. ) );
#519 = AXIS2_PLACEMENT_3D ( 'NONE', #2050, #1351, #3062 ) ;
#520 = LINE ( 'NONE', #1926, #692 ) ;
#521 = EDGE_LOOP ( 'NONE', ( #814, #951, #497, #2567 ) ) ;
#522 = DIRECTION ( 'NONE',  ( 0.000000000000000000, -1.000000000000000000, 0.000000000000000000 ) ) ;
#523 = SURFACE_SIDE_STYLE ('',( #2360 ) ) ;
#524 = LINE ( 'NONE', #2541, #1504 ) ;
#525 = ADVANCED_FACE ( 'NONE', ( #61 ), #3931, .F. ) ;
#526 = MANIFOLD_SOLID_BREP ( 'Boss-Extrude3[2]', #1852 ) ;
#527 = ORIENTED_EDGE ( 'NONE', *, *, #943, .T. ) ;
#528 = EDGE_CURVE ( 'NONE', #756, #590, #1453, .T. ) ;
#529 =( NAMED_UNIT ( * ) SI_UNIT ( $, .STERADIAN. ) SOLID_ANGLE_UNIT ( ) );
#530 = DIRECTION ( 'NONE',  ( 0.000000000000000000, -1.000000000000000000, 0.000000000000000000 ) ) ;
#531 = DIRECTION ( 'NONE',  ( -1.000000000000000000, -0.000000000000000000, 5.421010862427514281E-16 ) ) ;
#532 = DIRECTION ( 'NONE',  ( 0.000000000000000000, -0.000000000000000000, -1.000000000000000000 ) ) ;
#533 = FACE_OUTER_BOUND ( 'NONE', #4202, .T. ) ;
#534 = VECTOR ( 'NONE', #3600, 1000.000000000000000 ) ;
#535 = DIRECTION ( 'NONE',  ( 0.000000000000000000, -0.000000000000000000, 1.000000000000000000 ) ) ;
#536 = EDGE_CURVE ( 'NONE', #2580, #2072, #4064, .T. ) ;
#537 = ORIENTED_EDGE ( 'NONE', *, *, #2843, .F. ) ;
#538 = CARTESIAN_POINT ( 'NONE',  ( -0.2500000000000002776, 0.1000000000000000056, -0.3749999999999999445 ) ) ;
#539 = CARTESIAN_POINT ( 'NONE',  ( 0.000000000000000000, 0.05000000000000000278, 1.100000000000000755 ) ) ;
#540 = EDGE_CURVE ( 'NONE', #1472, #4268, #4433, .T. ) ;
#541 = ADVANCED_FACE ( 'NONE', ( #965 ), #3706, .T. ) ;
#542 = DIRECTION ( 'NONE',  ( 0.7071067811865479058, 0.000000000000000000, -0.7071067811865472397 ) ) ;
#543 = ORIENTED_EDGE ( 'NONE', *, *, #4410, .T. ) ;
#544 = CYLINDRICAL_SURFACE ( 'NONE', #3457, 0.1250000000000000000 ) ;
#545 = PLANE ( 'NONE',  #4374 ) ;
#546 = VECTOR ( 'NONE', #2465, 1000.000000000000000 ) ;
#547 = VECTOR ( 'NONE', #2783, 1000.000000000000000 ) ;
#548 = EDGE_CURVE ( 'NONE', #3009, #3171, #1242, .T. ) ;
#549 = ORIENTED_EDGE ( 'NONE', *, *, #2786, .T. ) ;
#550 = LINE ( 'NONE', #2339, #2784 ) ;
#551 = LINE ( 'NONE', #1891, #219 ) ;
#552 = AXIS2_PLACEMENT_3D ( 'NONE', #4104, #3366, #1965 ) ;
#553 = DIRECTION ( 'NONE',  ( -0.000000000000000000, 0.000000000000000000, -1.000000000000000000 ) ) ;
#554 = COLOUR_RGB ( '',0.7960784313725489669, 0.8235294117647058432, 0.9372549019607843146 ) ;
#555 = LINE ( 'NONE', #1267, #1062 ) ;
#556 = ORIENTED_EDGE ( 'NONE', *, *, #460, .F. ) ;
#557 = DIRECTION ( 'NONE',  ( 1.000000000000000000, 0.000000000000000000, 0.000000000000000000 ) ) ;
#558 = FACE_OUTER_BOUND ( 'NONE', #1479, .T. ) ;
#559 = ADVANCED_FACE ( 'NONE', ( #2384 ), #2023, .F. ) ;
#560 = EDGE_LOOP ( 'NONE', ( #3306, #3422, #1979, #2865 ) ) ;
#561 = DIRECTION ( 'NONE',  ( -1.000000000000000000, 0.000000000000000000, 6.377659838150026227E-17 ) ) ;
#562 = VECTOR ( 'NONE', #2874, 1000.000000000000000 ) ;
#563 = STYLED_ITEM ( 'NONE', ( #287 ), #2099 ) ;
#564 = EDGE_CURVE ( 'NONE', #1037, #2377, #550, .T. ) ;
#565 = CARTESIAN_POINT ( 'NONE',  ( 0.000000000000000000, 0.1000000000000000056, 0.000000000000000000 ) ) ;
#566 = ORIENTED_EDGE ( 'NONE', *, *, #67, .T. ) ;
#567 = LINE ( 'NONE', #3424, #4340 ) ;
#568 = LINE ( 'NONE', #4481, #2560 ) ;
#569 = DIRECTION ( 'NONE',  ( -0.000000000000000000, -1.000000000000000000, -0.000000000000000000 ) ) ;
#570 = EDGE_CURVE ( 'NONE', #60, #4177, #1996, .T. ) ;
#571 = VERTEX_POINT ( 'NONE', #573 ) ;
#572 = ORIENTED_EDGE ( 'NONE', *, *, #1192, .T. ) ;
#573 = CARTESIAN_POINT ( 'NONE',  ( -1.100000000000000311, 0.1000000000000000056, -1.100000000000000755 ) ) ;
#574 = DIRECTION ( 'NONE',  ( -0.000000000000000000, -1.000000000000000000, -0.000000000000000000 ) ) ;
#575 = LINE ( 'NONE', #1633, #2327 ) ;
#576 = LINE ( 'NONE', #4112, #4210 ) ;
#577 = STYLED_ITEM ( 'NONE', ( #876 ), #579 ) ;
#578 = LINE ( 'NONE', #4420, #2349 ) ;
#579 = MANIFOLD_SOLID_BREP ( 'Boss-Extrude3[10]', #2909 ) ;
#580 = CARTESIAN_POINT ( 'NONE',  ( -1.100000000000002087, 0.000000000000000000, -0.1250000000000000000 ) ) ;
#581 = EDGE_LOOP ( 'NONE', ( #257, #1963, #3127, #3571 ) ) ;
#582 = DIRECTION ( 'NONE',  ( 0.000000000000000000, 0.000000000000000000, 1.000000000000000000 ) ) ;
#583 = EDGE_CURVE ( 'NONE', #3924, #1218, #176, .T. ) ;
#584 = ORIENTED_EDGE ( 'NONE', *, *, #1257, .F. ) ;
#585 = LINE ( 'NONE', #3072, #1635 ) ;
#586 = MANIFOLD_SOLID_BREP ( 'Boss-Extrude3[8]', #2230 ) ;
#587 = ORIENTED_EDGE ( 'NONE', *, *, #1322, .T. ) ;
#588 = LINE ( 'NONE', #612, #2176 ) ;
#589 = ORIENTED_EDGE ( 'NONE', *, *, #386, .F. ) ;
#590 = VERTEX_POINT ( 'NONE', #415 ) ;
#591 = CARTESIAN_POINT ( 'NONE',  ( 0.9500000000000002887, 0.1000000000000000472, 1.100000000000000755 ) ) ;
#592 = DIRECTION ( 'NONE',  ( -1.000000000000000000, 0.000000000000000000, -0.000000000000000000 ) ) ;
#593 = EDGE_CURVE ( 'NONE', #4385, #710, #3013, .T. ) ;
#594 = CARTESIAN_POINT ( 'NONE',  ( 0.8250000000000020650, 0.9860022573334675799, 0.1250000000000000000 ) ) ;
#596 = EDGE_CURVE ( 'NONE', #1910, #4015, #4257, .T. ) ;
#595 = VECTOR ( 'NONE', #1393, 1000.000000000000000 ) ;
#597 = VERTEX_POINT ( 'NONE', #4131 ) ;
#598 = EDGE_LOOP ( 'NONE', ( #2632, #2879, #715, #999, #4274, #3476 ) ) ;
#599 = CARTESIAN_POINT ( 'NONE',  ( 1.100000000000002087, 0.05000000000000000278, -0.1250000000000000000 ) ) ;
#600 = LINE ( 'NONE', #3781, #2755 ) ;
#601 = ADVANCED_FACE ( 'NONE', ( #641 ), #3231, .T. ) ;
#602 = FACE_OUTER_BOUND ( 'NONE', #3207, .T. ) ;
#603 = VERTEX_POINT ( 'NONE', #2846 ) ;
#604 = LINE ( 'NONE', #1314, #4417 ) ;
#605 = MANIFOLD_SOLID_BREP ( 'Boss-Extrude3[7]', #2328 ) ;
#606 = CARTESIAN_POINT ( 'NONE',  ( 0.2500000000000002776, 0.1000000000000000056, -0.3749999999999999445 ) ) ;
#607 = ORIENTED_EDGE ( 'NONE', *, *, #2654, .F. ) ;
#608 = PLANE ( 'NONE',  #2350 ) ;
#609 = VECTOR ( 'NONE', #1065, 1000.000000000000000 ) ;
#610 = VERTEX_POINT ( 'NONE', #1454 ) ;
#611 = DIRECTION ( 'NONE',  ( 1.000000000000000000, 0.000000000000000000, -3.942553354492739094E-16 ) ) ;
#612 = CARTESIAN_POINT ( 'NONE',  ( -0.6999999999999998446, 0.1000000000000000056, -0.8749999999999995559 ) ) ;
#613 = ORIENTED_EDGE ( 'NONE', *, *, #163, .T. ) ;
#614 = VERTEX_POINT ( 'NONE', #2867 ) ;
#615 = DIRECTION ( 'NONE',  ( 0.000000000000000000, 0.000000000000000000, -1.000000000000000000 ) ) ;
#616 = CARTESIAN_POINT ( 'NONE',  ( -1.100000000000000311, 0.9860022573334675799, 0.3750000000000000000 ) ) ;
#617 = ADVANCED_FACE ( 'NONE', ( #985 ), #1113, .F. ) ;
#618 = ORIENTED_EDGE ( 'NONE', *, *, #1805, .T. ) ;
#619 = CARTESIAN_POINT ( 'NONE',  ( 0.1250000000000000833, 0.9860022573334675799, -0.9749999999999997558 ) ) ;
#620 = DIRECTION ( 'NONE',  ( 0.000000000000000000, 0.000000000000000000, 1.000000000000000000 ) ) ;
#621 = PLANE ( 'NONE',  #1284 ) ;
#622 = VECTOR ( 'NONE', #3318, 1000.000000000000000 ) ;
#623 = EDGE_CURVE ( 'NONE', #2774, #3756, #4128, .T. ) ;
#624 = PRESENTATION_LAYER_ASSIGNMENT (  '', '', ( #840 ) ) ;
#625 = AXIS2_PLACEMENT_3D ( 'NONE', #3619, #4046, #4351 ) ;
#626 = DIRECTION ( 'NONE',  ( 0.000000000000000000, 1.000000000000000000, -0.000000000000000000 ) ) ;
#627 = CARTESIAN_POINT ( 'NONE',  ( -0.2500000000000003331, 0.9860022573334675799, -0.6250000000000003331 ) ) ;
#628 = ORIENTED_EDGE ( 'NONE', *, *, #2187, .F. ) ;
#629 = DIRECTION ( 'NONE',  ( 0.000000000000000000, -0.000000000000000000, -1.000000000000000000 ) ) ;
#630 = VECTOR ( 'NONE', #2613, 1000.000000000000000 ) ;
#631 = ORIENTED_EDGE ( 'NONE', *, *, #3236, .T. ) ;
#632 = DIRECTION ( 'NONE',  ( -1.000000000000000000, 0.000000000000000000, 2.168404344971005417E-16 ) ) ;
#633 =( NAMED_UNIT ( * ) SI_UNIT ( $, .STERADIAN. ) SOLID_ANGLE_UNIT ( ) );
#634 = ORIENTED_EDGE ( 'NONE', *, *, #357, .F. ) ;
#635 = DIRECTION ( 'NONE',  ( 0.000000000000000000, 0.000000000000000000, -1.000000000000000000 ) ) ;
#636 = ORIENTED_EDGE ( 'NONE', *, *, #3963, .F. ) ;
#637 = DIRECTION ( 'NONE',  ( 0.000000000000000000, 0.000000000000000000, -1.000000000000000000 ) ) ;
#638 = SURFACE_SIDE_STYLE ('',( #3169 ) ) ;
#639 = VECTOR ( 'NONE', #2335, 1000.000000000000000 ) ;
#640 = ORIENTED_EDGE ( 'NONE', *, *, #3235, .T. ) ;
#641 = FACE_OUTER_BOUND ( 'NONE', #3566, .T. ) ;
#642 = ORIENTED_EDGE ( 'NONE', *, *, #596, .T. ) ;
#643 = CARTESIAN_POINT ( 'NONE',  ( 0.2500000000000003331, 0.9860022573334675799, -0.6250000000000003331 ) ) ;
#644 = FACE_OUTER_BOUND ( 'NONE', #3419, .T. ) ;
#645 = LINE ( 'NONE', #4487, #2472 ) ;
#646 = VECTOR ( 'NONE', #4073, 1000.000000000000000 ) ;
#647 = CARTESIAN_POINT ( 'NONE',  ( -1.100000000000000311, 0.05000000000000000278, 1.250000000000000444 ) ) ;
#648 = PLANE ( 'NONE',  #3507 ) ;
#649 = VERTEX_POINT ( 'NONE', #3165 ) ;
#650 = CARTESIAN_POINT ( 'NONE',  ( -0.5499999999999997113, 0.1000000000000000472, 1.250000000000000222 ) ) ;
#651 = EDGE_CURVE ( 'NONE', #280, #451, #767, .T. ) ;
#652 = ADVANCED_FACE ( 'NONE', ( #2183 ), #1830, .F. ) ;
#653 = EDGE_CURVE ( 'NONE', #1882, #730, #2532, .T. ) ;
#654 =( GEOMETRIC_REPRESENTATION_CONTEXT ( 3 ) GLOBAL_UNCERTAINTY_ASSIGNED_CONTEXT ( ( #3412 ) ) GLOBAL_UNIT_ASSIGNED_CONTEXT ( ( #503, #109, #4023 ) ) REPRESENTATION_CONTEXT ( 'NONE', 'WORKASPACE' ) );
#655 = VERTEX_POINT ( 'NONE', #1529 ) ;
#656 = PLANE ( 'NONE',  #3982 ) ;
#657 = FILL_AREA_STYLE ('',( #2753 ) ) ;
#658 = CARTESIAN_POINT ( 'NONE',  ( 1.100000000000002087, 0.000000000000000000, -0.1250000000000000000 ) ) ;
#659 = ORIENTED_EDGE ( 'NONE', *, *, #1192, .F. ) ;
#660 = CARTESIAN_POINT ( 'NONE',  ( -0.7657500870170551588, 1.000000000000000000, -0.9529334416212273950 ) ) ;
#661 = DIRECTION ( 'NONE',  ( 0.000000000000000000, 0.000000000000000000, -1.000000000000000000 ) ) ;
#662 = EDGE_CURVE ( 'NONE', #777, #756, #4033, .T. ) ;
#663 = VECTOR ( 'NONE', #3395, 1000.000000000000000 ) ;
#664 = CARTESIAN_POINT ( 'NONE',  ( 1.099999999999999867, 0.05000000000000000278, -1.249999999999999778 ) ) ;
#665 = LINE ( 'NONE', #1051, #924 ) ;
#666 = VECTOR ( 'NONE', #3403, 1000.000000000000000 ) ;
#667 = ORIENTED_EDGE ( 'NONE', *, *, #1738, .T. ) ;
#668 = DIRECTION ( 'NONE',  ( 1.000000000000000000, 0.000000000000000000, -0.000000000000000000 ) ) ;
#669 = DIRECTION ( 'NONE',  ( 1.000000000000000000, -0.000000000000000000, -0.000000000000000000 ) ) ;
#670 = VECTOR ( 'NONE', #185, 1000.000000000000000 ) ;
#671 = VECTOR ( 'NONE', #3649, 1000.000000000000000 ) ;
#672 = EDGE_LOOP ( 'NONE', ( #957, #1811, #1040, #3578 ) ) ;
#673 = FACE_OUTER_BOUND ( 'NONE', #2434, .T. ) ;
#674 = ORIENTED_EDGE ( 'NONE', *, *, #2533, .T. ) ;
#675 = EDGE_CURVE ( 'NONE', #820, #3414, #1187, .T. ) ;
#676 = CARTESIAN_POINT ( 'NONE',  ( 0.9500000000000002887, 0.1000000000000000056, 1.250000000000000444 ) ) ;
#677 = VERTEX_POINT ( 'NONE', #1923 ) ;
#678 = EDGE_CURVE ( 'NONE', #3134, #3554, #1964, .T. ) ;
#679 = FACE_OUTER_BOUND ( 'NONE', #4021, .T. ) ;
#680 = ORIENTED_EDGE ( 'NONE', *, *, #366, .T. ) ;
#681 = PLANE ( 'NONE',  #291 ) ;
#682 = FILL_AREA_STYLE_COLOUR ( '', #3506 ) ;
#683 = ORIENTED_EDGE ( 'NONE', *, *, #3851, .F. ) ;
#684 = CARTESIAN_POINT ( 'NONE',  ( 0.000000000000000000, 0.05000000000000000278, -1.100000000000000755 ) ) ;
#685 = DIRECTION ( 'NONE',  ( -0.000000000000000000, -0.000000000000000000, 1.000000000000000000 ) ) ;
#686 = CARTESIAN_POINT ( 'NONE',  ( 0.000000000000000000, 0.000000000000000000, 0.000000000000000000 ) ) ;
#687 = EDGE_CURVE ( 'NONE', #2907, #929, #906, .T. ) ;
#688 = CARTESIAN_POINT ( 'NONE',  ( -0.8250000000000020650, 0.1000000000000000056, -0.1250000000000000000 ) ) ;
#689 = LINE ( 'NONE', #2862, #1575 ) ;
#690 = ORIENTED_EDGE ( 'NONE', *, *, #548, .F. ) ;
#691 = LINE ( 'NONE', #2105, #2177 ) ;
#692 = VECTOR ( 'NONE', #169, 1000.000000000000000 ) ;
#693 = LINE ( 'NONE', #3763, #337 ) ;
#694 = CARTESIAN_POINT ( 'NONE',  ( -0.1250000000000000000, 0.1000000000000000056, -0.9749999999999997558 ) ) ;
#695 =( GEOMETRIC_REPRESENTATION_CONTEXT ( 3 ) GLOBAL_UNCERTAINTY_ASSIGNED_CONTEXT ( ( #4226 ) ) GLOBAL_UNIT_ASSIGNED_CONTEXT ( ( #1987, #1621, #2375 ) ) REPRESENTATION_CONTEXT ( 'NONE', 'WORKASPACE' ) );
#696 = VECTOR ( 'NONE', #1281, 1000.000000000000000 ) ;
#697 = DIRECTION ( 'NONE',  ( 0.000000000000000000, -1.000000000000000000, 0.000000000000000000 ) ) ;
#698 = EDGE_LOOP ( 'NONE', ( #3695, #3776, #1784, #1567 ) ) ;
#699 = CARTESIAN_POINT ( 'NONE',  ( -0.8250000000000002887, 0.1000000000000000472, 0.6250000000000000000 ) ) ;
#700 = PLANE ( 'NONE',  #1302 ) ;
#701 = ADVANCED_FACE ( 'NONE', ( #1877 ), #3985, .F. ) ;
#702 = EDGE_CURVE ( 'NONE', #1019, #285, #2985, .T. ) ;
#703 = LINE ( 'NONE', #3537, #2065 ) ;
#704 = DIRECTION ( 'NONE',  ( 1.807003620809174139E-16, 0.000000000000000000, 1.000000000000000000 ) ) ;
#705 = DIRECTION ( 'NONE',  ( -1.000000000000000000, 0.000000000000000000, 0.000000000000000000 ) ) ;
#706 = EDGE_CURVE ( 'NONE', #2, #3134, #4359, .T. ) ;
#707 = EDGE_CURVE ( 'NONE', #2072, #2523, #2669, .T. ) ;
#708 = VECTOR ( 'NONE', #3217, 1000.000000000000000 ) ;
#709 = CARTESIAN_POINT ( 'NONE',  ( -0.5499999999999997113, 0.05000000000000000278, 1.250000000000000222 ) ) ;
#710 = VERTEX_POINT ( 'NONE', #2628 ) ;
#711 = CARTESIAN_POINT ( 'NONE',  ( -0.8250000000000020650, 0.1000000000000000056, 0.1250000000000000000 ) ) ;
#712 = ORIENTED_EDGE ( 'NONE', *, *, #3400, .T. ) ;
#713 = CARTESIAN_POINT ( 'NONE',  ( 0.9500000000000002887, 0.1000000000000000056, 1.250000000000000444 ) ) ;
#714 = AXIS2_PLACEMENT_3D ( 'NONE', #2601, #1919, #186 ) ;
#715 = ORIENTED_EDGE ( 'NONE', *, *, #2173, .F. ) ;
#716 = ORIENTED_EDGE ( 'NONE', *, *, #4134, .F. ) ;
#717 = ORIENTED_EDGE ( 'NONE', *, *, #4540, .F. ) ;
#718 = LINE ( 'NONE', #3871, #2608 ) ;
#719 = FILL_AREA_STYLE_COLOUR ( '', #4397 ) ;
#720 = PLANE ( 'NONE',  #1946 ) ;
#721 = ORIENTED_EDGE ( 'NONE', *, *, #528, .T. ) ;
#722 = CARTESIAN_POINT ( 'NONE',  ( 0.9500000000000002887, 0.1000000000000000056, 1.250000000000000444 ) ) ;
#723 = VERTEX_POINT ( 'NONE', #516 ) ;
#724 = EDGE_CURVE ( 'NONE', #3958, #3009, #144, .T. ) ;
#725 = ORIENTED_EDGE ( 'NONE', *, *, #4445, .T. ) ;
#726 = LINE ( 'NONE', #3492, #1464 ) ;
#727 = EDGE_CURVE ( 'NONE', #285, #2351, #3775, .T. ) ;
#728 = LINE ( 'NONE', #2469, #547 ) ;
#729 = CARTESIAN_POINT ( 'NONE',  ( -0.8250000000000002887, 0.1000000000000000056, 0.6250000000000000000 ) ) ;
#730 = VERTEX_POINT ( 'NONE', #1162 ) ;
#731 = CARTESIAN_POINT ( 'NONE',  ( -0.1250000000000000833, 0.000000000000000000, 0.6500000000000004663 ) ) ;
#732 = ORIENTED_EDGE ( 'NONE', *, *, #758, .F. ) ;
#733 = EDGE_CURVE ( 'NONE', #2678, #397, #2582, .T. ) ;
#734 = DIRECTION ( 'NONE',  ( 0.000000000000000000, 0.000000000000000000, 1.000000000000000000 ) ) ;
#735 = CARTESIAN_POINT ( 'NONE',  ( 0.000000000000000000, 0.05000000000000000278, 0.1250000000000000000 ) ) ;
#736 = ORIENTED_EDGE ( 'NONE', *, *, #4267, .F. ) ;
#737 = CARTESIAN_POINT ( 'NONE',  ( 0.1250000000000000000, 0.1000000000000000056, 0.6500000000000004663 ) ) ;
#738 = AXIS2_PLACEMENT_3D ( 'NONE', #3993, #4018, #2266 ) ;
#739 = ORIENTED_EDGE ( 'NONE', *, *, #2324, .F. ) ;
#740 = FACE_OUTER_BOUND ( 'NONE', #1481, .T. ) ;
#741 = ADVANCED_FACE ( 'NONE', ( #3964 ), #3328, .F. ) ;
#742 = SURFACE_STYLE_USAGE ( .BOTH. , #2209 ) ;
#743 = LINE ( 'NONE', #2210, #1133 ) ;
#744 = EDGE_LOOP ( 'NONE', ( #3690, #297, #1046, #2258 ) ) ;
#745 = LINE ( 'NONE', #1047, #811 ) ;
#746 = CARTESIAN_POINT ( 'NONE',  ( 0.9500000000000002887, 0.1000000000000000056, -1.250000000000000444 ) ) ;
#747 = AXIS2_PLACEMENT_3D ( 'NONE', #762, #2482, #2181 ) ;
#748 = ORIENTED_EDGE ( 'NONE', *, *, #4508, .F. ) ;
#749 = DIRECTION ( 'NONE',  ( -1.000000000000000000, 0.000000000000000000, 2.168404344971005417E-16 ) ) ;
#750 = FACE_OUTER_BOUND ( 'NONE', #2223, .T. ) ;
#751 = CARTESIAN_POINT ( 'NONE',  ( 0.1250000000000000000, 0.1000000000000000056, 0.6500000000000004663 ) ) ;
#752 = ORIENTED_EDGE ( 'NONE', *, *, #2798, .T. ) ;
#753 = LINE ( 'NONE', #2102, #2553 ) ;
#754 = ORIENTED_EDGE ( 'NONE', *, *, #2888, .T. ) ;
#755 = DIRECTION ( 'NONE',  ( -1.000000000000000000, 0.000000000000000000, -0.000000000000000000 ) ) ;
#756 = VERTEX_POINT ( 'NONE', #4013 ) ;
#757 = CARTESIAN_POINT ( 'NONE',  ( 1.100000000000000311, 0.1000000000000000056, 0.8749999999999994449 ) ) ;
#758 = EDGE_CURVE ( 'NONE', #3179, #1456, #2260, .T. ) ;
#759 = ORIENTED_EDGE ( 'NONE', *, *, #662, .T. ) ;
#760 = ORIENTED_EDGE ( 'NONE', *, *, #390, .F. ) ;
#761 = ORIENTED_EDGE ( 'NONE', *, *, #3213, .F. ) ;
#762 = CARTESIAN_POINT ( 'NONE',  ( 0.000000000000000000, 0.000000000000000000, 0.000000000000000000 ) ) ;
#763 = ADVANCED_FACE ( 'NONE', ( #1573 ), #864, .T. ) ;
#764 = AXIS2_PLACEMENT_3D ( 'NONE', #4535, #3890, #341 ) ;
#765 = VECTOR ( 'NONE', #1474, 1000.000000000000000 ) ;
#766 = VECTOR ( 'NONE', #2649, 1000.000000000000000 ) ;
#767 = LINE ( 'NONE', #2109, #534 ) ;
#768 = CARTESIAN_POINT ( 'NONE',  ( 0.1249999999999998890, 0.1000000000000000056, -1.249999999999999778 ) ) ;
#769 = AXIS2_PLACEMENT_3D ( 'NONE', #3017, #3405, #1958 ) ;
#770 = COLOUR_RGB ( '',0.7960784313725489669, 0.8235294117647058432, 0.9372549019607843146 ) ;
#771 = VERTEX_POINT ( 'NONE', #538 ) ;
#772 = DIRECTION ( 'NONE',  ( 0.000000000000000000, -0.000000000000000000, 1.000000000000000000 ) ) ;
#773 = ORIENTED_EDGE ( 'NONE', *, *, #956, .T. ) ;
#774 = PLANE ( 'NONE',  #2661 ) ;
#775 = FACE_OUTER_BOUND ( 'NONE', #143, .T. ) ;
#776 = CARTESIAN_POINT ( 'NONE',  ( 0.2500000000000002776, 0.9860022573334675799, -0.3749999999999999445 ) ) ;
#777 = VERTEX_POINT ( 'NONE', #4401 ) ;
#778 = VECTOR ( 'NONE', #2520, 1000.000000000000000 ) ;
#779 = SURFACE_STYLE_FILL_AREA ( #4269 ) ;
#780 = VERTEX_POINT ( 'NONE', #1234 ) ;
#781 = FACE_OUTER_BOUND ( 'NONE', #4124, .T. ) ;
#782 = EDGE_LOOP ( 'NONE', ( #2111, #1832, #1429, #3766 ) ) ;
#783 = DIRECTION ( 'NONE',  ( 1.000000000000000000, 0.000000000000000000, 0.000000000000000000 ) ) ;
#784 = PRODUCT_DEFINITION_SHAPE ( 'NONE', 'NONE',  #2058 ) ;
#785 = AXIS2_PLACEMENT_3D ( 'NONE', #1338, #298, #2010 ) ;
#786 = DIRECTION ( 'NONE',  ( -1.000000000000000000, -0.000000000000000000, -3.942553354492739094E-16 ) ) ;
#787 = CARTESIAN_POINT ( 'NONE',  ( -0.5499999999999997113, 0.9860022573334675799, 1.250000000000000222 ) ) ;
#788 = EDGE_CURVE ( 'NONE', #869, #4451, #2232, .T. ) ;
#789 = ADVANCED_FACE ( 'NONE', ( #2647 ), #122, .T. ) ;
#790 = EDGE_CURVE ( 'NONE', #649, #1910, #258, .T. ) ;
#791 = ORIENTED_EDGE ( 'NONE', *, *, #1921, .T. ) ;
#792 = DIRECTION ( 'NONE',  ( 0.000000000000000000, 0.000000000000000000, 1.000000000000000000 ) ) ;
#793 = CARTESIAN_POINT ( 'NONE',  ( -0.8250000000000002887, 0.1000000000000000056, 0.5000000000000000000 ) ) ;
#794 = ORIENTED_EDGE ( 'NONE', *, *, #302, .T. ) ;
#795 = PLANE ( 'NONE',  #1081 ) ;
#796 = COLOUR_RGB ( '',0.7960784313725489669, 0.8235294117647058432, 0.9372549019607843146 ) ;
#797 = ORIENTED_EDGE ( 'NONE', *, *, #4142, .F. ) ;
#798 = CARTESIAN_POINT ( 'NONE',  ( -1.100000000000000311, 0.1000000000000000056, 0.8749999999999994449 ) ) ;
#799 = DIRECTION ( 'NONE',  ( -0.000000000000000000, -1.000000000000000000, -0.000000000000000000 ) ) ;
#800 = DIRECTION ( 'NONE',  ( 1.000000000000000000, 0.000000000000000000, 3.826595902890015736E-16 ) ) ;
#801 = EDGE_CURVE ( 'NONE', #3447, #1086, #2775, .T. ) ;
#802 = VERTEX_POINT ( 'NONE', #3769 ) ;
#803 = ORIENTED_EDGE ( 'NONE', *, *, #2064, .F. ) ;
#804 = CARTESIAN_POINT ( 'NONE',  ( -0.9500000000000002887, 0.05000000000000000278, 1.100000000000000755 ) ) ;
#805 = CARTESIAN_POINT ( 'NONE',  ( 0.5499999999999997113, 0.000000000000000000, 1.250000000000000222 ) ) ;
#806 = ORIENTED_EDGE ( 'NONE', *, *, #2964, .T. ) ;
#807 = CARTESIAN_POINT ( 'NONE',  ( -1.100000000000000311, 0.000000000000000000, 0.6250000000000000000 ) ) ;
#808 = EDGE_LOOP ( 'NONE', ( #2543, #953, #797, #2275, #3891, #3813, #1012, #3711, #3550, #4055, #1707, #1699, #4216, #984, #2154, #1407, #2505, #3664, #2668, #2479, #855, #2077, #2781, #3628 ) ) ;
#809 = DIRECTION ( 'NONE',  ( -1.000000000000000000, -0.000000000000000000, -3.942553354492739094E-16 ) ) ;
#810 = CARTESIAN_POINT ( 'NONE',  ( -1.100000000000000311, 0.9860022573334675799, -0.3749999999999998890 ) ) ;
#811 = VECTOR ( 'NONE', #1024, 1000.000000000000000 ) ;
#812 = EDGE_CURVE ( 'NONE', #4504, #1218, #4517, .T. ) ;
#813 = AXIS2_PLACEMENT_3D ( 'NONE', #643, #1975, #3380 ) ;
#814 = ORIENTED_EDGE ( 'NONE', *, *, #4047, .F. ) ;
#815 = DIRECTION ( 'NONE',  ( 0.000000000000000000, -1.000000000000000000, 0.000000000000000000 ) ) ;
#816 = CARTESIAN_POINT ( 'NONE',  ( 0.1250000000000000555, 0.1000000000000000472, -0.9749999999999997558 ) ) ;
#817 = ORIENTED_EDGE ( 'NONE', *, *, #2637, .T. ) ;
#818 = DIRECTION ( 'NONE',  ( -0.000000000000000000, 0.000000000000000000, -1.000000000000000000 ) ) ;
#819 = ADVANCED_FACE ( 'NONE', ( #3810 ), #2419, .T. ) ;
#820 = VERTEX_POINT ( 'NONE', #1693 ) ;
#821 = DIRECTION ( 'NONE',  ( 0.000000000000000000, -1.000000000000000000, 0.000000000000000000 ) ) ;
#822 = LINE ( 'NONE', #2676, #3139 ) ;
#823 = LINE ( 'NONE', #3610, #4296 ) ;
#824 = VECTOR ( 'NONE', #167, 1000.000000000000000 ) ;
#825 = VERTEX_POINT ( 'NONE', #300 ) ;
#826 = DIRECTION ( 'NONE',  ( -0.000000000000000000, -1.000000000000000000, -0.000000000000000000 ) ) ;
#827 = VERTEX_POINT ( 'NONE', #4495 ) ;
#828 = LINE ( 'NONE', #453, #2299 ) ;
#829 = CARTESIAN_POINT ( 'NONE',  ( 0.5499999999999997113, 0.1000000000000000472, -1.250000000000000222 ) ) ;
#830 = VERTEX_POINT ( 'NONE', #3027 ) ;
#831 = LINE ( 'NONE', #856, #2982 ) ;
#832 = LINE ( 'NONE', #2253, #4089 ) ;
#833 = FACE_OUTER_BOUND ( 'NONE', #1324, .T. ) ;
#834 = ORIENTED_EDGE ( 'NONE', *, *, #130, .T. ) ;
#835 = DIRECTION ( 'NONE',  ( 0.000000000000000000, 0.000000000000000000, -1.000000000000000000 ) ) ;
#836 = LINE ( 'NONE', #3553, #4207 ) ;
#837 = VERTEX_POINT ( 'NONE', #4425 ) ;
#838 = SURFACE_STYLE_USAGE ( .BOTH. , #4260 ) ;
#839 = VECTOR ( 'NONE', #946, 1000.000000000000000 ) ;
#840 = STYLED_ITEM ( 'NONE', ( #3049 ), #3528 ) ;
#841 = VECTOR ( 'NONE', #4200, 1000.000000000000000 ) ;
#842 = ORIENTED_EDGE ( 'NONE', *, *, #1586, .F. ) ;
#843 = EDGE_CURVE ( 'NONE', #82, #4268, #1275, .T. ) ;
#844 = LINE ( 'NONE', #171, #1549 ) ;
#845 = DIRECTION ( 'NONE',  ( 0.000000000000000000, -1.000000000000000000, 0.000000000000000000 ) ) ;
#846 = ADVANCED_FACE ( 'NONE', ( #4448 ), #1299, .T. ) ;
#847 = CARTESIAN_POINT ( 'NONE',  ( -1.100000000000000311, 0.000000000000000000, 0.8749999999999994449 ) ) ;
#849 = EDGE_CURVE ( 'NONE', #4441, #1203, #1342, .T. ) ;
#848 = COLOUR_RGB ( '',0.7960784313725489669, 0.8235294117647058432, 0.9372549019607843146 ) ;
#850 = VECTOR ( 'NONE', #1121, 1000.000000000000000 ) ;
#851 = ORIENTED_EDGE ( 'NONE', *, *, #1500, .T. ) ;
#852 = EDGE_CURVE ( 'NONE', #1914, #121, #2752, .T. ) ;
#853 = LINE ( 'NONE', #1589, #2447 ) ;
#854 = LINE ( 'NONE', #3934, #1356 ) ;
#855 = ORIENTED_EDGE ( 'NONE', *, *, #4337, .T. ) ;
#856 = CARTESIAN_POINT ( 'NONE',  ( 0.000000000000000000, 0.05000000000000000278, 1.100000000000000755 ) ) ;
#857 = EDGE_LOOP ( 'NONE', ( #2538, #978, #2853, #3364, #3788, #1105, #2871, #371, #910, #4149, #2178, #527, #1855, #2449, #2943, #4323, #3654, #3446, #3303, #3885, #732, #1392, #4298, #1647 ) ) ;
#858 = ORIENTED_EDGE ( 'NONE', *, *, #2035, .F. ) ;
#859 = DIRECTION ( 'NONE',  ( -0.000000000000000000, -1.000000000000000000, -0.000000000000000000 ) ) ;
#860 = DIRECTION ( 'NONE',  ( 1.000000000000000000, -0.000000000000000000, -5.421010862427514281E-16 ) ) ;
#861 = VECTOR ( 'NONE', #1771, 1000.000000000000000 ) ;
#862 = EDGE_LOOP ( 'NONE', ( #4381, #1376, #3161, #68 ) ) ;
#863 = ORIENTED_EDGE ( 'NONE', *, *, #988, .T. ) ;
#864 = PLANE ( 'NONE',  #2309 ) ;
#865 = PLANE ( 'NONE',  #2693 ) ;
#866 = ORIENTED_EDGE ( 'NONE', *, *, #3335, .F. ) ;
#867 = SURFACE_STYLE_USAGE ( .BOTH. , #3988 ) ;
#868 = VECTOR ( 'NONE', #2298, 1000.000000000000000 ) ;
#869 = VERTEX_POINT ( 'NONE', #233 ) ;
#870 = LINE ( 'NONE', #2564, #1770 ) ;
#871 = DIRECTION ( 'NONE',  ( -0.000000000000000000, -1.000000000000000000, -0.000000000000000000 ) ) ;
#872 = AXIS2_PLACEMENT_3D ( 'NONE', #1609, #3426, #2996 ) ;
#873 = ADVANCED_FACE ( 'NONE', ( #4143 ), #2352, .F. ) ;
#874 = ADVANCED_FACE ( 'NONE', ( #3415 ), #4473, .F. ) ;
#875 = VERTEX_POINT ( 'NONE', #3746 ) ;
#876 = PRESENTATION_STYLE_ASSIGNMENT (( #3379 ) ) ;
#877 = LINE ( 'NONE', #4394, #3092 ) ;
#878 = PLANE ( 'NONE',  #2170 ) ;
#879 = DIRECTION ( 'NONE',  ( -1.000000000000000000, 0.000000000000000000, 0.000000000000000000 ) ) ;
#880 = ORIENTED_EDGE ( 'NONE', *, *, #3755, .T. ) ;
#881 = EDGE_CURVE ( 'NONE', #2858, #571, #585, .T. ) ;
#882 = CARTESIAN_POINT ( 'NONE',  ( -1.100000000000002087, 0.1000000000000000056, 0.1250000000000000000 ) ) ;
#883 = CARTESIAN_POINT ( 'NONE',  ( -0.5499999999999997113, 0.000000000000000000, 1.250000000000000222 ) ) ;
#884 = ADVANCED_FACE ( 'NONE', ( #4122 ), #656, .F. ) ;
#885 = VERTEX_POINT ( 'NONE', #2688 ) ;
#886 = VECTOR ( 'NONE', #2826, 1000.000000000000000 ) ;
#887 = DIRECTION ( 'NONE',  ( -6.899468370362299330E-16, 0.000000000000000000, -1.000000000000000000 ) ) ;
#888 = LINE ( 'NONE', #4080, #1502 ) ;
#889 = ADVANCED_FACE ( 'NONE', ( #2396 ), #3789, .F. ) ;
#890 = VECTOR ( 'NONE', #1516, 1000.000000000000000 ) ;
#891 = LINE ( 'NONE', #4384, #2981 ) ;
#892 = EDGE_LOOP ( 'NONE', ( #2138, #1508 ) ) ;
#893 = DIRECTION ( 'NONE',  ( -0.000000000000000000, -1.000000000000000000, -0.000000000000000000 ) ) ;
#894 =( NAMED_UNIT ( * ) SI_UNIT ( $, .STERADIAN. ) SOLID_ANGLE_UNIT ( ) );
#895 = CARTESIAN_POINT ( 'NONE',  ( 0.5499999999999997113, 0.1000000000000000056, 0.8749999999999996669 ) ) ;
#896 = ORIENTED_EDGE ( 'NONE', *, *, #2238, .T. ) ;
#897 = DIRECTION ( 'NONE',  ( 0.000000000000000000, -0.000000000000000000, 1.000000000000000000 ) ) ;
#898 = DIRECTION ( 'NONE',  ( -2.168404344971005417E-16, -0.000000000000000000, -1.000000000000000000 ) ) ;
#899 = CARTESIAN_POINT ( 'NONE',  ( -0.1250000000000000833, 0.9860022573334675799, 0.6500000000000004663 ) ) ;
#900 = EDGE_CURVE ( 'NONE', #2912, #827, #4079, .T. ) ;
#901 = CARTESIAN_POINT ( 'NONE',  ( -0.5499999999999999334, 0.1000000000000000056, -1.024999999999999467 ) ) ;
#902 = AXIS2_PLACEMENT_3D ( 'NONE', #3093, #2038, #611 ) ;
#903 = CARTESIAN_POINT ( 'NONE',  ( -1.100000000000000311, 0.1000000000000000472, -1.100000000000000755 ) ) ;
#904 = EDGE_CURVE ( 'NONE', #4015, #1505, #718, .T. ) ;
#905 = ORIENTED_EDGE ( 'NONE', *, *, #3487, .T. ) ;
#906 = LINE ( 'NONE', #2322, #3181 ) ;
#907 = SURFACE_STYLE_FILL_AREA ( #933 ) ;
#908 = EDGE_CURVE ( 'NONE', #3103, #1501, #4539, .T. ) ;
#909 = CARTESIAN_POINT ( 'NONE',  ( -0.1250000000000000833, 0.000000000000000000, 0.6500000000000004663 ) ) ;
#910 = ORIENTED_EDGE ( 'NONE', *, *, #1143, .F. ) ;
#911 = DIRECTION ( 'NONE',  ( -0.000000000000000000, -1.000000000000000000, -0.000000000000000000 ) ) ;
#912 = CARTESIAN_POINT ( 'NONE',  ( 0.2500000000000003331, 0.9860022573334675799, -0.6250000000000003331 ) ) ;
#913 = DIRECTION ( 'NONE',  ( -3.942553354492742545E-16, 0.000000000000000000, -1.000000000000000000 ) ) ;
#914 = AXIS2_PLACEMENT_3D ( 'NONE', #3118, #1370, #2778 ) ;
#915 = VECTOR ( 'NONE', #3451, 1000.000000000000000 ) ;
#916 = CIRCLE ( 'NONE', #764, 0.1250000000000001110 ) ;
#917 = ORIENTED_EDGE ( 'NONE', *, *, #1155, .F. ) ;
#918 = EDGE_LOOP ( 'NONE', ( #262, #3657, #2839, #2968 ) ) ;
#919 = FILL_AREA_STYLE_COLOUR ( '', #1017 ) ;
#920 = DIRECTION ( 'NONE',  ( 0.000000000000000000, -0.000000000000000000, -1.000000000000000000 ) ) ;
#921 = EDGE_CURVE ( 'NONE', #777, #2127, #4355, .T. ) ;
#922 = STYLED_ITEM ( 'NONE', ( #3567 ), #3624 ) ;
#923 = CARTESIAN_POINT ( 'NONE',  ( 0.9500000000000002887, 0.1000000000000000056, -1.100000000000000755 ) ) ;
#924 = VECTOR ( 'NONE', #2075, 1000.000000000000000 ) ;
#925 = CARTESIAN_POINT ( 'NONE',  ( -0.1250000000000000833, 0.05000000000000000278, 0.6500000000000004663 ) ) ;
#926 = CARTESIAN_POINT ( 'NONE',  ( -1.100000000000000311, 1.000000000000000000, -1.249999999999999778 ) ) ;
#927 = DIRECTION ( 'NONE',  ( 1.000000000000000000, 0.000000000000000000, -0.000000000000000000 ) ) ;
#928 = CARTESIAN_POINT ( 'NONE',  ( -1.100000000000000311, 0.1000000000000000056, -0.8749999999999994449 ) ) ;
#929 = VERTEX_POINT ( 'NONE', #1091 ) ;
#930 = EDGE_CURVE ( 'NONE', #1115, #2093, #161, .T. ) ;
#931 = ADVANCED_FACE ( 'NONE', ( #740 ), #1803, .F. ) ;
#932 = CARTESIAN_POINT ( 'NONE',  ( 1.100000000000000311, 0.1000000000000000472, -0.6250000000000000000 ) ) ;
#933 = FILL_AREA_STYLE ('',( #3073 ) ) ;
#934 = AXIS2_PLACEMENT_3D ( 'NONE', #1462, #3609, #2267 ) ;
#935 = AXIS2_PLACEMENT_3D ( 'NONE', #1897, #140, #2961 ) ;
#936 = STYLED_ITEM ( 'NONE', ( #1856 ), #2135 ) ;
#937 = LINE ( 'NONE', #2376, #3416 ) ;
#938 = ORIENTED_EDGE ( 'NONE', *, *, #3792, .T. ) ;
#939 = LINE ( 'NONE', #1991, #3829 ) ;
#940 = DIRECTION ( 'NONE',  ( 0.000000000000000000, 0.000000000000000000, 1.000000000000000000 ) ) ;
#941 = LINE ( 'NONE', #4087, #1426 ) ;
#942 = VECTOR ( 'NONE', #2507, 1000.000000000000000 ) ;
#943 = EDGE_CURVE ( 'NONE', #422, #4008, #1112, .T. ) ;
#944 = EDGE_LOOP ( 'NONE', ( #3992, #4199, #3764, #2165, #2207, #1448, #510, #2529, #739, #2974, #3162, #1513, #1345, #322, #2836, #3768, #483, #842, #1260, #4346, #1844, #3581, #2554, #2443, #2158, #1608, #4470, #3520, #2363, #1076, #3316, #1734, #3523, #3091, #3399, #4118, #220, #4270, #263, #634, #1225, #204, #1316, #2949, #3599 ) ) ;
#945 = LINE ( 'NONE', #1703, #1471 ) ;
#946 = DIRECTION ( 'NONE',  ( -1.000000000000000000, 0.000000000000000000, 2.710505431213758620E-16 ) ) ;
#947 = PLANE ( 'NONE',  #2257 ) ;
#948 = EDGE_CURVE ( 'NONE', #2638, #1624, #4204, .T. ) ;
#949 = DIRECTION ( 'NONE',  ( 0.000000000000000000, -1.000000000000000000, 0.000000000000000000 ) ) ;
#950 = CARTESIAN_POINT ( 'NONE',  ( -0.8250000000000020650, 0.1000000000000000056, 0.000000000000000000 ) ) ;
#951 = ORIENTED_EDGE ( 'NONE', *, *, #4105, .T. ) ;
#952 = FACE_OUTER_BOUND ( 'NONE', #235, .T. ) ;
#953 = ORIENTED_EDGE ( 'NONE', *, *, #1779, .T. ) ;
#954 = CARTESIAN_POINT ( 'NONE',  ( 1.100000000000000311, 0.9860022573334675799, 0.3750000000000000000 ) ) ;
#955 = PLANE ( 'NONE',  #248 ) ;
#956 = EDGE_CURVE ( 'NONE', #1876, #1019, #70, .T. ) ;
#957 = ORIENTED_EDGE ( 'NONE', *, *, #1075, .F. ) ;
#958 = DIRECTION ( 'NONE',  ( 0.000000000000000000, 1.000000000000000000, 0.000000000000000000 ) ) ;
#959 = EDGE_LOOP ( 'NONE', ( #378, #3794, #2383, #307 ) ) ;
#960 = ORIENTED_EDGE ( 'NONE', *, *, #3802, .T. ) ;
#961 = DIRECTION ( 'NONE',  ( 1.000000000000000000, -0.000000000000000000, 2.168404344971005417E-16 ) ) ;
#962 = CARTESIAN_POINT ( 'NONE',  ( -1.100000000000002087, 0.1000000000000000056, 0.1250000000000000000 ) ) ;
#963 = AXIS2_PLACEMENT_3D ( 'NONE', #3841, #2872, #661 ) ;
#964 = EDGE_CURVE ( 'NONE', #2286, #1914, #2842, .T. ) ;
#965 = FACE_OUTER_BOUND ( 'NONE', #3177, .T. ) ;
#966 = FACE_OUTER_BOUND ( 'NONE', #76, .T. ) ;
#967 = CARTESIAN_POINT ( 'NONE',  ( -0.5499999999999997113, 0.9860022573334675799, 0.8749999999999996669 ) ) ;
#968 = DIRECTION ( 'NONE',  ( 0.000000000000000000, 0.000000000000000000, -1.000000000000000000 ) ) ;
#969 = CARTESIAN_POINT ( 'NONE',  ( 0.5499999999999997113, 0.000000000000000000, -1.250000000000000222 ) ) ;
#970 = ORIENTED_EDGE ( 'NONE', *, *, #1349, .F. ) ;
#971 = FACE_OUTER_BOUND ( 'NONE', #2125, .T. ) ;
#972 = VERTEX_POINT ( 'NONE', #2132 ) ;
#973 = DIRECTION ( 'NONE',  ( 0.000000000000000000, 0.000000000000000000, 1.000000000000000000 ) ) ;
#974 = VECTOR ( 'NONE', #1597, 1000.000000000000000 ) ;
#975 = ORIENTED_EDGE ( 'NONE', *, *, #4410, .F. ) ;
#976 = CARTESIAN_POINT ( 'NONE',  ( 0.1250000000000001110, 0.9860022573334675799, 1.250000000000000444 ) ) ;
#977 = LINE ( 'NONE', #1467, #4006 ) ;
#978 = ORIENTED_EDGE ( 'NONE', *, *, #2765, .T. ) ;
#979 = CARTESIAN_POINT ( 'NONE',  ( 1.100000000000000311, 0.1000000000000000056, 0.8749999999999994449 ) ) ;
#980 = EDGE_CURVE ( 'NONE', #2068, #3558, #3527, .T. ) ;
#981 = EDGE_LOOP ( 'NONE', ( #464, #1206, #1524, #153 ) ) ;
#982 = DIRECTION ( 'NONE',  ( 0.000000000000000000, 0.000000000000000000, 1.000000000000000000 ) ) ;
#983 = VECTOR ( 'NONE', #1850, 1000.000000000000000 ) ;
#984 = ORIENTED_EDGE ( 'NONE', *, *, #2920, .T. ) ;
#985 = FACE_OUTER_BOUND ( 'NONE', #1153, .T. ) ;
#986 = EDGE_CURVE ( 'NONE', #614, #830, #1431, .T. ) ;
#987 = LINE ( 'NONE', #270, #2518 ) ;
#988 = EDGE_CURVE ( 'NONE', #2171, #2428, #1132, .T. ) ;
#989 = CARTESIAN_POINT ( 'NONE',  ( 1.100000000000002087, 0.1000000000000000056, 0.1250000000000000000 ) ) ;
#990 = CARTESIAN_POINT ( 'NONE',  ( 0.8250000000000002887, 0.1000000000000000056, 0.6250000000000000000 ) ) ;
#991 = VECTOR ( 'NONE', #333, 1000.000000000000000 ) ;
#992 = CLOSED_SHELL ( 'NONE', ( #2686, #2987, #2425, #4472 ) ) ;
#993 = VECTOR ( 'NONE', #1325, 1000.000000000000000 ) ;
#994 = VECTOR ( 'NONE', #253, 1000.000000000000000 ) ;
#995 = DIRECTION ( 'NONE',  ( 0.000000000000000000, 0.000000000000000000, 1.000000000000000000 ) ) ;
#996 = PLANE ( 'NONE',  #3003 ) ;
#997 = ORIENTED_EDGE ( 'NONE', *, *, #3020, .F. ) ;
#998 = CARTESIAN_POINT ( 'NONE',  ( 0.1250000000000001110, 0.000000000000000000, 1.250000000000000444 ) ) ;
#999 = ORIENTED_EDGE ( 'NONE', *, *, #190, .F. ) ;
#1000 = CARTESIAN_POINT ( 'NONE',  ( 0.2500000000000002776, 0.1000000000000000056, -0.3749999999999999445 ) ) ;
#1001 = EDGE_CURVE ( 'NONE', #2477, #4419, #3873, .T. ) ;
#1002 = DIRECTION ( 'NONE',  ( 0.000000000000000000, -1.000000000000000000, 0.000000000000000000 ) ) ;
#1003 = ORIENTED_EDGE ( 'NONE', *, *, #3907, .F. ) ;
#1004 = LINE ( 'NONE', #2069, #2514 ) ;
#1005 =( NAMED_UNIT ( * ) SI_UNIT ( $, .STERADIAN. ) SOLID_ANGLE_UNIT ( ) );
#1006 = VECTOR ( 'NONE', #2163, 1000.000000000000000 ) ;
#1007 = DIRECTION ( 'NONE',  ( 1.000000000000000000, 0.000000000000000000, -0.000000000000000000 ) ) ;
#1008 = PLANE ( 'NONE',  #3869 ) ;
#1009 = CARTESIAN_POINT ( 'NONE',  ( 0.000000000000000000, 0.1000000000000000056, 0.000000000000000000 ) ) ;
#1010 = ADVANCED_FACE ( 'NONE', ( #1763 ), #1827, .F. ) ;
#1011 = VECTOR ( 'NONE', #2748, 1000.000000000000000 ) ;
#1012 = ORIENTED_EDGE ( 'NONE', *, *, #3014, .F. ) ;
#1013 = CARTESIAN_POINT ( 'NONE',  ( -1.100000000000000311, 0.000000000000000000, -1.100000000000000755 ) ) ;
#1014 = FACE_OUTER_BOUND ( 'NONE', #1274, .T. ) ;
#1015 = ORIENTED_EDGE ( 'NONE', *, *, #1181, .T. ) ;
#1016 = DIRECTION ( 'NONE',  ( -0.000000000000000000, -0.000000000000000000, 1.000000000000000000 ) ) ;
#1017 = COLOUR_RGB ( '',0.7960784313725489669, 0.8235294117647058432, 0.9372549019607843146 ) ;
#1018 = ADVANCED_FACE ( 'NONE', ( #388 ), #3211, .F. ) ;
#1019 = VERTEX_POINT ( 'NONE', #3939 ) ;
#1020 = DIRECTION ( 'NONE',  ( 0.000000000000000000, -0.000000000000000000, 1.000000000000000000 ) ) ;
#1021 = EDGE_LOOP ( 'NONE', ( #1835, #2667, #3078, #3772 ) ) ;
#1022 = CARTESIAN_POINT ( 'NONE',  ( 0.9500000000000002887, 0.1000000000000000472, -1.100000000000000755 ) ) ;
#1023 = ORIENTED_EDGE ( 'NONE', *, *, #3963, .T. ) ;
#1024 = DIRECTION ( 'NONE',  ( 0.000000000000000000, -1.000000000000000000, 0.000000000000000000 ) ) ;
#1025 = SURFACE_STYLE_USAGE ( .BOTH. , #638 ) ;
#1026 = ORIENTED_EDGE ( 'NONE', *, *, #1380, .F. ) ;
#1027 = VERTEX_POINT ( 'NONE', #44 ) ;
#1028 = CARTESIAN_POINT ( 'NONE',  ( 0.9500000000000002887, 0.1000000000000000472, -1.100000000000000755 ) ) ;
#1029 = AXIS2_PLACEMENT_3D ( 'NONE', #3900, #3485, #1717 ) ;
#1030 = CARTESIAN_POINT ( 'NONE',  ( 1.100000000000000311, 0.1000000000000000056, 0.3750000000000000000 ) ) ;
#1031 = CARTESIAN_POINT ( 'NONE',  ( -0.6999999999999998446, 0.000000000000000000, -0.8749999999999995559 ) ) ;
#1032 = VECTOR ( 'NONE', #2291, 1000.000000000000000 ) ;
#1033 = ORIENTED_EDGE ( 'NONE', *, *, #3778, .T. ) ;
#1034 = CARTESIAN_POINT ( 'NONE',  ( 0.000000000000000000, 0.05000000000000000278, -0.1250000000000000000 ) ) ;
#1035 = LINE ( 'NONE', #1776, #2496 ) ;
#1036 = VECTOR ( 'NONE', #274, 1000.000000000000000 ) ;
#1037 = VERTEX_POINT ( 'NONE', #1041 ) ;
#1038 = CARTESIAN_POINT ( 'NONE',  ( 1.100000000000000311, 0.1000000000000000056, -0.8749999999999994449 ) ) ;
#1039 = CLOSED_SHELL ( 'NONE', ( #1010, #1416, #2655, #2264, #1941, #1088, #4307, #1269, #2438, #1185, #334, #2660, #3155, #763, #1348, #3325, #4254, #2713, #601, #4129, #789, #2371, #2255, #873, #4262, #2458, #1604, #1865, #166, #1354, #2153, #846, #1690, #3183, #1751, #1860, #4560, #2818, #1434, #4048, #4357, #1490, #106, #142, #420, #1222, #2635, #3390, #1248, #3634, #330, #2296, #1719, #2076, #2491, #819, #3521, #3370, #4116, #3313, #3512, #1301, #1971, #541, #1459, #3594 ) ) ;
#1040 = ORIENTED_EDGE ( 'NONE', *, *, #812, .T. ) ;
#1041 = CARTESIAN_POINT ( 'NONE',  ( -0.1250000000000001110, 0.1000000000000000056, -1.249999999999999778 ) ) ;
#1042 = EDGE_CURVE ( 'NONE', #1501, #830, #3665, .T. ) ;
#1043 = VECTOR ( 'NONE', #3391, 1000.000000000000000 ) ;
#1044 = EDGE_CURVE ( 'NONE', #4068, #1167, #2866, .T. ) ;
#1045 = CARTESIAN_POINT ( 'NONE',  ( -0.9500000000000002887, 0.9860022573334675799, -1.100000000000000755 ) ) ;
#1046 = ORIENTED_EDGE ( 'NONE', *, *, #2114, .F. ) ;
#1047 = CARTESIAN_POINT ( 'NONE',  ( 1.100000000000000311, 0.1000000000000000056, 0.3750000000000000000 ) ) ;
#1048 = DIRECTION ( 'NONE',  ( 3.942553354492739094E-16, 0.000000000000000000, -1.000000000000000000 ) ) ;
#1049 = FACE_OUTER_BOUND ( 'NONE', #1716, .T. ) ;
#1050 = CARTESIAN_POINT ( 'NONE',  ( 0.1250000000000000833, 0.1000000000000000056, -0.9749999999999997558 ) ) ;
#1051 = CARTESIAN_POINT ( 'NONE',  ( 0.2500000000000002776, 0.000000000000000000, -0.3749999999999999445 ) ) ;
#1052 = ORIENTED_EDGE ( 'NONE', *, *, #1706, .T. ) ;
#1053 = CARTESIAN_POINT ( 'NONE',  ( -1.100000000000000311, 0.1000000000000000472, -0.8749999999999994449 ) ) ;
#1054 = ORIENTED_EDGE ( 'NONE', *, *, #4508, .T. ) ;
#1055 = DIRECTION ( 'NONE',  ( 5.421010862427514281E-16, 0.000000000000000000, -1.000000000000000000 ) ) ;
#1056 = VECTOR ( 'NONE', #156, 1000.000000000000000 ) ;
#1057 = ORIENTED_EDGE ( 'NONE', *, *, #3496, .F. ) ;
#1058 = DIRECTION ( 'NONE',  ( 0.000000000000000000, 0.000000000000000000, 1.000000000000000000 ) ) ;
#1059 = UNCERTAINTY_MEASURE_WITH_UNIT (LENGTH_MEASURE( 1.000000000000000082E-05 ), #3508, 'distance_accuracy_value', 'NONE');
#1060 =( GEOMETRIC_REPRESENTATION_CONTEXT ( 3 ) GLOBAL_UNCERTAINTY_ASSIGNED_CONTEXT ( ( #2729 ) ) GLOBAL_UNIT_ASSIGNED_CONTEXT ( ( #3579, #518, #465 ) ) REPRESENTATION_CONTEXT ( 'NONE', 'WORKASPACE' ) );
#1061 = VECTOR ( 'NONE', #4167, 1000.000000000000000 ) ;
#1062 = VECTOR ( 'NONE', #3782, 1000.000000000000000 ) ;
#1063 = EDGE_LOOP ( 'NONE', ( #2136, #3484, #4316, #2347 ) ) ;
#1064 = ORIENTED_EDGE ( 'NONE', *, *, #2144, .F. ) ;
#1065 = DIRECTION ( 'NONE',  ( 6.899468370362299330E-16, -0.000000000000000000, 1.000000000000000000 ) ) ;
#1066 = VECTOR ( 'NONE', #3337, 1000.000000000000000 ) ;
#1067 = VECTOR ( 'NONE', #1585, 1000.000000000000000 ) ;
#1068 = EDGE_CURVE ( 'NONE', #4504, #825, #3623, .T. ) ;
#1069 = EDGE_CURVE ( 'NONE', #3414, #3103, #4356, .T. ) ;
#1070 = CARTESIAN_POINT ( 'NONE',  ( 0.2500000000000002776, 0.1000000000000000472, -0.3749999999999999445 ) ) ;
#1071 = PLANE ( 'NONE',  #914 ) ;
#1072 = VERTEX_POINT ( 'NONE', #4031 ) ;
#1073 = LINE ( 'NONE', #3511, #4181 ) ;
#1074 = DIRECTION ( 'NONE',  ( 0.000000000000000000, 1.000000000000000000, 0.000000000000000000 ) ) ;
#1075 = EDGE_CURVE ( 'NONE', #1140, #4562, #1547, .T. ) ;
#1076 = ORIENTED_EDGE ( 'NONE', *, *, #1042, .F. ) ;
#1077 = CARTESIAN_POINT ( 'NONE',  ( -0.9500000000000002887, 0.9860022573334675799, -1.250000000000000444 ) ) ;
#1078 = PLANE ( 'NONE',  #4306 ) ;
#1079 = AXIS2_PLACEMENT_3D ( 'NONE', #3536, #1786, #2426 ) ;
#1080 = DIRECTION ( 'NONE',  ( -1.807003620809174139E-16, -0.000000000000000000, -1.000000000000000000 ) ) ;
#1081 = AXIS2_PLACEMENT_3D ( 'NONE', #3580, #2212, #1833 ) ;
#1082 = CARTESIAN_POINT ( 'NONE',  ( 0.8250000000000020650, 0.9860022573334675799, -0.1250000000000000000 ) ) ;
#1083 = ORIENTED_EDGE ( 'NONE', *, *, #21, .F. ) ;
#1084 = SURFACE_STYLE_USAGE ( .BOTH. , #3933 ) ;
#1085 = CARTESIAN_POINT ( 'NONE',  ( 0.9500000000000002887, 0.1000000000000000472, -1.250000000000000444 ) ) ;
#1086 = VERTEX_POINT ( 'NONE', #1182 ) ;
#1087 = DIRECTION ( 'NONE',  ( -1.000000000000000000, 0.000000000000000000, 0.000000000000000000 ) ) ;
#1088 = ADVANCED_FACE ( 'NONE', ( #487 ), #3983, .F. ) ;
#1089 = VECTOR ( 'NONE', #368, 1000.000000000000000 ) ;
#1090 = EDGE_LOOP ( 'NONE', ( #1960, #3945, #4554, #4291 ) ) ;
#1091 = CARTESIAN_POINT ( 'NONE',  ( -1.100000000000000311, 0.000000000000000000, 0.3750000000000000000 ) ) ;
#1092 =( NAMED_UNIT ( * ) SI_UNIT ( $, .STERADIAN. ) SOLID_ANGLE_UNIT ( ) );
#1093 = DIRECTION ( 'NONE',  ( 0.000000000000000000, -1.000000000000000000, 0.000000000000000000 ) ) ;
#1094 = ORIENTED_EDGE ( 'NONE', *, *, #3042, .T. ) ;
#1095 = CARTESIAN_POINT ( 'NONE',  ( 0.1250000000000000000, 0.1000000000000000472, 0.6500000000000004663 ) ) ;
#1096 = CARTESIAN_POINT ( 'NONE',  ( 0.9500000000000002887, 0.1000000000000000472, 1.100000000000000755 ) ) ;
#1097 = EDGE_CURVE ( 'NONE', #1337, #1914, #1851, .T. ) ;
#1098 = ORIENTED_EDGE ( 'NONE', *, *, #678, .F. ) ;
#1099 = DIRECTION ( 'NONE',  ( 0.000000000000000000, 0.000000000000000000, 1.000000000000000000 ) ) ;
#1100 = CARTESIAN_POINT ( 'NONE',  ( 0.2500000000000002776, 0.1000000000000000056, -0.3749999999999999445 ) ) ;
#1101 = EDGE_CURVE ( 'NONE', #1420, #2530, #118, .T. ) ;
#1102 = LINE ( 'NONE', #3198, #2101 ) ;
#1103 = AXIS2_PLACEMENT_3D ( 'NONE', #2719, #961, #3773 ) ;
#1104 = LINE ( 'NONE', #1708, #4297 ) ;
#1105 = ORIENTED_EDGE ( 'NONE', *, *, #1430, .T. ) ;
#1106 = DIRECTION ( 'NONE',  ( 0.000000000000000000, 0.000000000000000000, -1.000000000000000000 ) ) ;
#1107 = CARTESIAN_POINT ( 'NONE',  ( -0.1250000000000000833, 0.1000000000000000056, 0.6500000000000004663 ) ) ;
#1108 = ORIENTED_EDGE ( 'NONE', *, *, #1916, .F. ) ;
#1109 = DIRECTION ( 'NONE',  ( -1.000000000000000000, 0.000000000000000000, -3.942553354492739094E-16 ) ) ;
#1110 = AXIS2_PLACEMENT_3D ( 'NONE', #3015, #574, #241 ) ;
#1111 = ORIENTED_EDGE ( 'NONE', *, *, #3679, .F. ) ;
#1112 = LINE ( 'NONE', #1475, #4501 ) ;
#1113 = PLANE ( 'NONE',  #4191 ) ;
#1114 = DIRECTION ( 'NONE',  ( 0.000000000000000000, 0.000000000000000000, -1.000000000000000000 ) ) ;
#1115 = VERTEX_POINT ( 'NONE', #2980 ) ;
#1116 = CARTESIAN_POINT ( 'NONE',  ( 0.5499999999999997113, 0.05000000000000000278, 0.000000000000000000 ) ) ;
#1117 = VECTOR ( 'NONE', #835, 1000.000000000000000 ) ;
#1118 = ORIENTED_EDGE ( 'NONE', *, *, #4271, .T. ) ;
#1119 = DIRECTION ( 'NONE',  ( 1.000000000000000000, 0.000000000000000000, 0.000000000000000000 ) ) ;
#1120 = DIRECTION ( 'NONE',  ( 0.000000000000000000, -1.000000000000000000, 0.000000000000000000 ) ) ;
#1121 = DIRECTION ( 'NONE',  ( -0.000000000000000000, -1.000000000000000000, -0.000000000000000000 ) ) ;
#1122 = ADVANCED_FACE ( 'NONE', ( #833 ), #1526, .F. ) ;
#1123 = EDGE_CURVE ( 'NONE', #42, #2762, #2229, .T. ) ;
#1124 = EDGE_CURVE ( 'NONE', #2180, #3225, #2280, .T. ) ;
#1125 = ORIENTED_EDGE ( 'NONE', *, *, #3019, .F. ) ;
#1126 = DIRECTION ( 'NONE',  ( 0.000000000000000000, 0.000000000000000000, -1.000000000000000000 ) ) ;
#1127 = ORIENTED_EDGE ( 'NONE', *, *, #4418, .T. ) ;
#1128 = PLANE ( 'NONE',  #1217 ) ;
#1129 = EDGE_CURVE ( 'NONE', #451, #1189, #1231, .T. ) ;
#1130 = VERTEX_POINT ( 'NONE', #3961 ) ;
#1131 = DIRECTION ( 'NONE',  ( 3.942553354492742545E-16, 0.000000000000000000, 1.000000000000000000 ) ) ;
#1132 = LINE ( 'NONE', #3917, #1089 ) ;
#1133 = VECTOR ( 'NONE', #1878, 1000.000000000000000 ) ;
#1134 = AXIS2_PLACEMENT_3D ( 'NONE', #1735, #1662, #582 ) ;
#1135 = VECTOR ( 'NONE', #1422, 1000.000000000000000 ) ;
#1136 = MECHANICAL_DESIGN_GEOMETRIC_PRESENTATION_REPRESENTATION (  '', ( #3123 ), #1655 ) ;
#1137 = DIRECTION ( 'NONE',  ( -6.899468370362299330E-16, 0.000000000000000000, -1.000000000000000000 ) ) ;
#1138 = VECTOR ( 'NONE', #1894, 1000.000000000000000 ) ;
#1139 = STYLED_ITEM ( 'NONE', ( #4322 ), #475 ) ;
#1140 = VERTEX_POINT ( 'NONE', #2254 ) ;
#1141 =( NAMED_UNIT ( * ) PLANE_ANGLE_UNIT ( ) SI_UNIT ( $, .RADIAN. ) );
#1142 = LINE ( 'NONE', #1116, #3735 ) ;
#1143 = EDGE_CURVE ( 'NONE', #3809, #1420, #4305, .T. ) ;
#1144 = ORIENTED_EDGE ( 'NONE', *, *, #706, .T. ) ;
#1145 = DIRECTION ( 'NONE',  ( -1.000000000000000000, -0.000000000000000000, -0.000000000000000000 ) ) ;
#1146 = DIRECTION ( 'NONE',  ( -0.000000000000000000, -1.000000000000000000, -0.000000000000000000 ) ) ;
#1147 = LINE ( 'NONE', #449, #4215 ) ;
#1148 = ORIENTED_EDGE ( 'NONE', *, *, #3749, .T. ) ;
#1149 = COLOUR_RGB ( '',0.2509803921568627416, 0.2509803921568627416, 0.2509803921568627416 ) ;
#1150 = ORIENTED_EDGE ( 'NONE', *, *, #1554, .F. ) ;
#1151 = CARTESIAN_POINT ( 'NONE',  ( 1.100000000000002087, 0.1000000000000000472, 0.1250000000000000000 ) ) ;
#1152 = CARTESIAN_POINT ( 'NONE',  ( -0.2500000000000002776, 0.1000000000000000056, -0.3749999999999999445 ) ) ;
#1153 = EDGE_LOOP ( 'NONE', ( #4544, #3638, #3410, #4352 ) ) ;
#1154 = CARTESIAN_POINT ( 'NONE',  ( 0.1249999999999998890, 0.000000000000000000, -1.249999999999999778 ) ) ;
#1155 = EDGE_CURVE ( 'NONE', #1968, #603, #4399, .T. ) ;
#1156 = AXIS2_PLACEMENT_3D ( 'NONE', #1158, #949, #3021 ) ;
#1157 = AXIS2_PLACEMENT_3D ( 'NONE', #209, #2891, #3023 ) ;
#1158 = CARTESIAN_POINT ( 'NONE',  ( 0.000000000000000000, 0.1000000000000000056, 0.000000000000000000 ) ) ;
#1159 = DIRECTION ( 'NONE',  ( 1.000000000000000000, -0.000000000000000000, -0.000000000000000000 ) ) ;
#1160 = EDGE_CURVE ( 'NONE', #3558, #2277, #2914, .T. ) ;
#1161 = ORIENTED_EDGE ( 'NONE', *, *, #596, .F. ) ;
#1162 = CARTESIAN_POINT ( 'NONE',  ( 0.8250000000000002887, 0.1000000000000000056, 0.6250000000000000000 ) ) ;
#1163 = DIRECTION ( 'NONE',  ( -3.942553354492739094E-16, 0.000000000000000000, 1.000000000000000000 ) ) ;
#1164 = ORIENTED_EDGE ( 'NONE', *, *, #1725, .F. ) ;
#1165 = LINE ( 'NONE', #3629, #1746 ) ;
#1166 = COLOUR_RGB ( '',0.7960784313725489669, 0.8235294117647058432, 0.9372549019607843146 ) ;
#1167 = VERTEX_POINT ( 'NONE', #141 ) ;
#1168 = CARTESIAN_POINT ( 'NONE',  ( -1.100000000000000311, 0.9860022573334675799, 0.8749999999999994449 ) ) ;
#1169 = CARTESIAN_POINT ( 'NONE',  ( -0.9500000000000002887, 0.1000000000000000472, 1.250000000000000444 ) ) ;
#1170 = DIRECTION ( 'NONE',  ( 0.000000000000000000, -0.000000000000000000, 1.000000000000000000 ) ) ;
#1171 = ORIENTED_EDGE ( 'NONE', *, *, #3515, .T. ) ;
#1172 = FILL_AREA_STYLE ('',( #154 ) ) ;
#1173 = EDGE_LOOP ( 'NONE', ( #214, #127, #2687, #4301 ) ) ;
#1174 = DIRECTION ( 'NONE',  ( 1.000000000000000000, 0.000000000000000000, 5.421010862427514281E-16 ) ) ;
#1175 = CARTESIAN_POINT ( 'NONE',  ( 0.1250000000000000555, 0.05000000000000000278, -0.9749999999999997558 ) ) ;
#1176 = ORIENTED_EDGE ( 'NONE', *, *, #1896, .F. ) ;
#1177 = CARTESIAN_POINT ( 'NONE',  ( 1.100000000000000311, 0.9860022573334675799, -0.8749999999999994449 ) ) ;
#1178 = ORIENTED_EDGE ( 'NONE', *, *, #1068, .T. ) ;
#1179 = ORIENTED_EDGE ( 'NONE', *, *, #1387, .F. ) ;
#1180 = LINE ( 'NONE', #4379, #1473 ) ;
#1181 = EDGE_CURVE ( 'NONE', #3009, #353, #1571, .T. ) ;
#1182 = CARTESIAN_POINT ( 'NONE',  ( -0.5499999999999999334, 0.000000000000000000, -1.024999999999999467 ) ) ;
#1183 = AXIS2_PLACEMENT_3D ( 'NONE', #3949, #2190, #3970 ) ;
#1184 = ORIENTED_EDGE ( 'NONE', *, *, #53, .T. ) ;
#1185 = ADVANCED_FACE ( 'NONE', ( #1496 ), #4011, .F. ) ;
#1186 = EDGE_CURVE ( 'NONE', #187, #1346, #1937, .T. ) ;
#1187 = LINE ( 'NONE', #188, #2156 ) ;
#1188 = CARTESIAN_POINT ( 'NONE',  ( 0.5499999999999997113, 0.1000000000000000056, 0.8749999999999996669 ) ) ;
#1189 = VERTEX_POINT ( 'NONE', #903 ) ;
#1190 = FILL_AREA_STYLE ('',( #2186 ) ) ;
#1191 = PLANE ( 'NONE',  #4309 ) ;
#1192 = EDGE_CURVE ( 'NONE', #2762, #2011, #3597, .T. ) ;
#1193 = EDGE_LOOP ( 'NONE', ( #3762, #2041, #806, #2960 ) ) ;
#1194 = FACE_OUTER_BOUND ( 'NONE', #2282, .T. ) ;
#1195 = CARTESIAN_POINT ( 'NONE',  ( -0.1250000000000000833, 0.1000000000000000056, 0.6500000000000004663 ) ) ;
#1196 = CARTESIAN_POINT ( 'NONE',  ( 1.100000000000000311, 0.1000000000000000056, -0.6250000000000000000 ) ) ;
#1197 = VECTOR ( 'NONE', #1667, 1000.000000000000000 ) ;
#1198 = ORIENTED_EDGE ( 'NONE', *, *, #2417, .F. ) ;
#1199 = CARTESIAN_POINT ( 'NONE',  ( -0.5499999999999997113, 0.1000000000000000056, 0.8749999999999996669 ) ) ;
#1200 = VERTEX_POINT ( 'NONE', #580 ) ;
#1201 = LINE ( 'NONE', #1867, #3831 ) ;
#1202 = CARTESIAN_POINT ( 'NONE',  ( 0.000000000000000000, 0.1000000000000000056, 0.000000000000000000 ) ) ;
#1203 = VERTEX_POINT ( 'NONE', #4511 ) ;
#1204 = CARTESIAN_POINT ( 'NONE',  ( 3.449734185181146214E-16, 0.05000000000000000278, -0.8749999999999998890 ) ) ;
#1205 = EDGE_CURVE ( 'NONE', #1189, #885, #1336, .T. ) ;
#1206 = ORIENTED_EDGE ( 'NONE', *, *, #986, .F. ) ;
#1207 = CARTESIAN_POINT ( 'NONE',  ( 0.1250000000000001110, 0.9860022573334675799, 1.250000000000000444 ) ) ;
#1208 = DIRECTION ( 'NONE',  ( 0.000000000000000000, -0.000000000000000000, 1.000000000000000000 ) ) ;
#1209 = ORIENTED_EDGE ( 'NONE', *, *, #3473, .T. ) ;
#1210 = ORIENTED_EDGE ( 'NONE', *, *, #540, .T. ) ;
#1211 = DIRECTION ( 'NONE',  ( 1.000000000000000000, 0.000000000000000000, -0.000000000000000000 ) ) ;
#1212 = FACE_OUTER_BOUND ( 'NONE', #2150, .T. ) ;
#1213 = VERTEX_POINT ( 'NONE', #296 ) ;
#1214 = AXIS2_PLACEMENT_3D ( 'NONE', #2149, #4555, #4198 ) ;
#1215 = ADVANCED_FACE ( 'NONE', ( #971 ), #996, .F. ) ;
#1216 = EDGE_CURVE ( 'NONE', #2218, #3932, #1362, .T. ) ;
#1217 = AXIS2_PLACEMENT_3D ( 'NONE', #1778, #2548, #3547 ) ;
#1218 = VERTEX_POINT ( 'NONE', #1980 ) ;
#1219 = LINE ( 'NONE', #2633, #3896 ) ;
#1220 = PRESENTATION_STYLE_ASSIGNMENT (( #1908 ) ) ;
#1221 = CARTESIAN_POINT ( 'NONE',  ( -0.8250000000000020650, 0.9860022573334675799, -0.1250000000000000000 ) ) ;
#1222 = ADVANCED_FACE ( 'NONE', ( #228 ), #275, .F. ) ;
#1223 = ADVANCED_FACE ( 'NONE', ( #2414 ), #1294, .F. ) ;
#1224 = EDGE_LOOP ( 'NONE', ( #2779, #3912, #759, #721 ) ) ;
#1225 = ORIENTED_EDGE ( 'NONE', *, *, #4203, .F. ) ;
#1226 = CARTESIAN_POINT ( 'NONE',  ( 1.100000000000000311, 0.1000000000000000472, 0.8749999999999994449 ) ) ;
#1227 = DIRECTION ( 'NONE',  ( 0.000000000000000000, -1.000000000000000000, 0.000000000000000000 ) ) ;
#1228 = DIRECTION ( 'NONE',  ( -0.000000000000000000, -1.000000000000000000, -0.000000000000000000 ) ) ;
#1229 = DIRECTION ( 'NONE',  ( 0.000000000000000000, -1.000000000000000000, 0.000000000000000000 ) ) ;
#1230 = ORIENTED_EDGE ( 'NONE', *, *, #184, .F. ) ;
#1231 = LINE ( 'NONE', #3002, #3292 ) ;
#1232 = EDGE_CURVE ( 'NONE', #3347, #2200, #1899, .T. ) ;
#1233 = EDGE_LOOP ( 'NONE', ( #84, #410, #3966, #1906, #3175, #1179 ) ) ;
#1234 = CARTESIAN_POINT ( 'NONE',  ( 1.100000000000000311, 0.000000000000000000, -1.100000000000000755 ) ) ;
#1235 = DIRECTION ( 'NONE',  ( -1.000000000000000000, -0.000000000000000000, -0.000000000000000000 ) ) ;
#1236 = VECTOR ( 'NONE', #4253, 1000.000000000000000 ) ;
#1237 = CARTESIAN_POINT ( 'NONE',  ( 1.100000000000002087, 0.9860022573334675799, 0.1250000000000000000 ) ) ;
#1238 = ORIENTED_EDGE ( 'NONE', *, *, #4403, .F. ) ;
#1239 = LINE ( 'NONE', #3925, #3018 ) ;
#1240 = DIRECTION ( 'NONE',  ( -1.000000000000000000, 0.000000000000000000, 0.000000000000000000 ) ) ;
#1241 = VERTEX_POINT ( 'NONE', #1709 ) ;
#1242 = LINE ( 'NONE', #2699, #4542 ) ;
#1243 = ADVANCED_FACE ( 'NONE', ( #251 ), #648, .F. ) ;
#1244 = DIRECTION ( 'NONE',  ( -1.000000000000000000, 0.000000000000000000, 0.000000000000000000 ) ) ;
#1245 = LINE ( 'NONE', #2658, #2016 ) ;
#1246 = PLANE ( 'NONE',  #1427 ) ;
#1247 = VERTEX_POINT ( 'NONE', #4421 ) ;
#1248 = ADVANCED_FACE ( 'NONE', ( #2056 ), #1660, .T. ) ;
#1249 = ADVANCED_FACE ( 'NONE', ( #2319 ), #3765, .T. ) ;
#1250 = CARTESIAN_POINT ( 'NONE',  ( 0.8250000000000020650, 0.000000000000000000, 0.000000000000000000 ) ) ;
#1251 = DIRECTION ( 'NONE',  ( -0.000000000000000000, -1.000000000000000000, -0.000000000000000000 ) ) ;
#1252 = ORIENTED_EDGE ( 'NONE', *, *, #1905, .T. ) ;
#1253 = VECTOR ( 'NONE', #1648, 1000.000000000000000 ) ;
#1254 = CARTESIAN_POINT ( 'NONE',  ( 0.9500000000000002887, 0.000000000000000000, 1.100000000000000755 ) ) ;
#1255 = DIRECTION ( 'NONE',  ( -0.000000000000000000, -1.000000000000000000, -0.000000000000000000 ) ) ;
#1256 = AXIS2_PLACEMENT_3D ( 'NONE', #1610, #4065, #2340 ) ;
#1257 = EDGE_CURVE ( 'NONE', #3392, #2530, #2707, .T. ) ;
#1258 = CIRCLE ( 'NONE', #2666, 0.1250000000000000000 ) ;
#1259 = DIRECTION ( 'NONE',  ( 0.000000000000000000, -0.000000000000000000, 1.000000000000000000 ) ) ;
#1260 = ORIENTED_EDGE ( 'NONE', *, *, #707, .F. ) ;
#1261 = CARTESIAN_POINT ( 'NONE',  ( -0.8250000000000020650, 0.9860022573334675799, 0.000000000000000000 ) ) ;
#1262 = LINE ( 'NONE', #4431, #2834 ) ;
#1263 = ORIENTED_EDGE ( 'NONE', *, *, #2852, .T. ) ;
#1264 = SURFACE_STYLE_FILL_AREA ( #3402 ) ;
#1265 = CARTESIAN_POINT ( 'NONE',  ( -0.7657500870170551588, 0.9000000000000000222, -1.079847447725523546 ) ) ;
#1266 = DIRECTION ( 'NONE',  ( -1.000000000000000000, 0.000000000000000000, 0.000000000000000000 ) ) ;
#1267 = CARTESIAN_POINT ( 'NONE',  ( -0.9500000000000002887, 0.9860022573334675799, 1.250000000000000444 ) ) ;
#1268 = EDGE_CURVE ( 'NONE', #1318, #1375, #3439, .T. ) ;
#1269 = ADVANCED_FACE ( 'NONE', ( #558 ), #1962, .F. ) ;
#1270 = ORIENTED_EDGE ( 'NONE', *, *, #4418, .F. ) ;
#1271 = CARTESIAN_POINT ( 'NONE',  ( -0.1250000000000000000, 0.9860022573334675799, 1.250000000000000444 ) ) ;
#1272 = DIRECTION ( 'NONE',  ( 0.000000000000000000, -0.000000000000000000, 1.000000000000000000 ) ) ;
#1273 = FACE_OUTER_BOUND ( 'NONE', #981, .T. ) ;
#1274 = EDGE_LOOP ( 'NONE', ( #3309, #3728, #3606, #3466 ) ) ;
#1275 = LINE ( 'NONE', #1714, #1410 ) ;
#1276 = LINE ( 'NONE', #2648, #2910 ) ;
#1277 = CARTESIAN_POINT ( 'NONE',  ( 0.8250000000000020650, 0.05000000000000000278, 0.1250000000000000000 ) ) ;
#1278 = ORIENTED_EDGE ( 'NONE', *, *, #3802, .F. ) ;
#1279 = CARTESIAN_POINT ( 'NONE',  ( -0.5499999999999997113, 0.1000000000000000056, -1.250000000000000222 ) ) ;
#1280 = CARTESIAN_POINT ( 'NONE',  ( 0.5499999999999997113, 0.1000000000000000056, 1.250000000000000222 ) ) ;
#1281 = DIRECTION ( 'NONE',  ( 1.000000000000000000, -0.000000000000000000, -0.000000000000000000 ) ) ;
#1282 = EDGE_CURVE ( 'NONE', #2044, #2477, #2346, .T. ) ;
#1283 = VECTOR ( 'NONE', #2945, 1000.000000000000000 ) ;
#1284 = AXIS2_PLACEMENT_3D ( 'NONE', #1334, #3382, #272 ) ;
#1285 = ORIENTED_EDGE ( 'NONE', *, *, #3141, .F. ) ;
#1286 = DIRECTION ( 'NONE',  ( -0.000000000000000000, 0.000000000000000000, -1.000000000000000000 ) ) ;
#1287 = CARTESIAN_POINT ( 'NONE',  ( -0.2500000000000002776, 0.1000000000000000472, -0.3749999999999999445 ) ) ;
#1288 = MECHANICAL_DESIGN_GEOMETRIC_PRESENTATION_REPRESENTATION (  '', ( #922 ), #3857 ) ;
#1289 = LINE ( 'NONE', #2026, #3483 ) ;
#1290 = AXIS2_PLACEMENT_3D ( 'NONE', #2216, #1486, #2895 ) ;
#1291 = CARTESIAN_POINT ( 'NONE',  ( -0.7657500870170551588, 0.9000000000000000222, -0.9529334416212273950 ) ) ;
#1292 = VERTEX_POINT ( 'NONE', #2726 ) ;
#1293 = CARTESIAN_POINT ( 'NONE',  ( 0.1250000000000000000, 0.9860022573334675799, 0.6500000000000004663 ) ) ;
#1294 = PLANE ( 'NONE',  #1599 ) ;
#1295 = ORIENTED_EDGE ( 'NONE', *, *, #478, .T. ) ;
#1296 = ADVANCED_FACE ( 'NONE', ( #4117 ), #3784, .F. ) ;
#1297 = FACE_OUTER_BOUND ( 'NONE', #3686, .T. ) ;
#1298 = EDGE_LOOP ( 'NONE', ( #3785, #1083, #77, #1483, #2606, #659 ) ) ;
#1299 = PLANE ( 'NONE',  #902 ) ;
#1300 = VECTOR ( 'NONE', #4550, 1000.000000000000000 ) ;
#1301 = ADVANCED_FACE ( 'NONE', ( #2079 ), #38, .T. ) ;
#1302 = AXIS2_PLACEMENT_3D ( 'NONE', #1458, #772, #51 ) ;
#1303 = CARTESIAN_POINT ( 'NONE',  ( 0.9500000000000002887, 0.000000000000000000, -1.100000000000000755 ) ) ;
#1304 = EDGE_LOOP ( 'NONE', ( #628, #2116, #132, #975, #1816, #717 ) ) ;
#1305 = EDGE_LOOP ( 'NONE', ( #1538, #938, #4138, #3531 ) ) ;
#1306 = LINE ( 'NONE', #4430, #3314 ) ;
#1307 = LINE ( 'NONE', #962, #639 ) ;
#1308 = VECTOR ( 'NONE', #1159, 1000.000000000000000 ) ;
#1309 = ORIENTED_EDGE ( 'NONE', *, *, #1386, .T. ) ;
#1310 = CARTESIAN_POINT ( 'NONE',  ( -0.2500000000000002776, 0.9860022573334675799, -0.3749999999999999445 ) ) ;
#1311 = CARTESIAN_POINT ( 'NONE',  ( -0.8250000000000002887, 0.9860022573334675799, 0.5000000000000000000 ) ) ;
#1312 = DIRECTION ( 'NONE',  ( 0.000000000000000000, -1.000000000000000000, 0.000000000000000000 ) ) ;
#1313 = VERTEX_POINT ( 'NONE', #1107 ) ;
#1314 = CARTESIAN_POINT ( 'NONE',  ( -3.449734185181146214E-16, 0.05000000000000000278, 0.8749999999999998890 ) ) ;
#1315 = DIRECTION ( 'NONE',  ( -1.000000000000000000, -0.000000000000000000, -0.000000000000000000 ) ) ;
#1316 = ORIENTED_EDGE ( 'NONE', *, *, #3663, .F. ) ;
#1317 = LINE ( 'NONE', #4442, #2692 ) ;
#1318 = VERTEX_POINT ( 'NONE', #711 ) ;
#1319 = DIRECTION ( 'NONE',  ( 1.000000000000000000, 0.000000000000000000, -0.000000000000000000 ) ) ;
#1320 =( NAMED_UNIT ( * ) PLANE_ANGLE_UNIT ( ) SI_UNIT ( $, .RADIAN. ) );
#1321 = ADVANCED_FACE ( 'NONE', ( #1014 ), #3845, .F. ) ;
#1322 = EDGE_CURVE ( 'NONE', #2717, #4358, #1035, .T. ) ;
#1323 = EDGE_CURVE ( 'NONE', #4385, #428, #1447, .T. ) ;
#1324 = EDGE_LOOP ( 'NONE', ( #556, #2841, #3401, #3036 ) ) ;
#1325 = DIRECTION ( 'NONE',  ( 0.000000000000000000, 0.000000000000000000, 1.000000000000000000 ) ) ;
#1326 = EDGE_LOOP ( 'NONE', ( #3953, #3469, #3283, #461 ) ) ;
#1327 = ORIENTED_EDGE ( 'NONE', *, *, #3888, .F. ) ;
#1328 = DIRECTION ( 'NONE',  ( -0.000000000000000000, -1.000000000000000000, -0.000000000000000000 ) ) ;
#1329 = VECTOR ( 'NONE', #1625, 1000.000000000000000 ) ;
#1330 = ORIENTED_EDGE ( 'NONE', *, *, #687, .T. ) ;
#1331 = DIRECTION ( 'NONE',  ( 0.000000000000000000, 0.000000000000000000, 1.000000000000000000 ) ) ;
#1332 = LINE ( 'NONE', #3758, #4411 ) ;
#1333 = PLANE ( 'NONE',  #2252 ) ;
#1334 = CARTESIAN_POINT ( 'NONE',  ( -1.100000000000000311, 0.1000000000000000056, 0.6250000000000000000 ) ) ;
#1335 = LINE ( 'NONE', #1271, #1036 ) ;
#1336 = LINE ( 'NONE', #2008, #413 ) ;
#1337 = VERTEX_POINT ( 'NONE', #3864 ) ;
#1338 = CARTESIAN_POINT ( 'NONE',  ( -0.6999999999999998446, 0.1000000000000000056, -0.8749999999999995559 ) ) ;
#1339 = EDGE_CURVE ( 'NONE', #3389, #3332, #916, .T. ) ;
#1340 = AXIS2_PLACEMENT_3D ( 'NONE', #2534, #3918, #792 ) ;
#1341 = ORIENTED_EDGE ( 'NONE', *, *, #3020, .T. ) ;
#1342 = LINE ( 'NONE', #676, #1197 ) ;
#1343 = CARTESIAN_POINT ( 'NONE',  ( 1.099999999999999867, 0.05000000000000000278, 1.250000000000000222 ) ) ;
#1344 = CYLINDRICAL_SURFACE ( 'NONE', #4001, 0.1250000000000000000 ) ;
#1345 = ORIENTED_EDGE ( 'NONE', *, *, #3459, .F. ) ;
#1346 = VERTEX_POINT ( 'NONE', #2525 ) ;
#1347 = DIRECTION ( 'NONE',  ( 0.000000000000000000, 0.000000000000000000, 1.000000000000000000 ) ) ;
#1348 = ADVANCED_FACE ( 'NONE', ( #2455 ), #1382, .T. ) ;
#1349 = EDGE_CURVE ( 'NONE', #1313, #2638, #689, .T. ) ;
#1350 = ORIENTED_EDGE ( 'NONE', *, *, #570, .F. ) ;
#1351 = DIRECTION ( 'NONE',  ( 0.000000000000000000, 1.000000000000000000, -0.000000000000000000 ) ) ;
#1352 = AXIS2_PLACEMENT_3D ( 'NONE', #1413, #2822, #4212 ) ;
#1353 = CARTESIAN_POINT ( 'NONE',  ( -0.5499999999999999334, 0.1000000000000000472, -1.024999999999999467 ) ) ;
#1354 = ADVANCED_FACE ( 'NONE', ( #3475 ), #3911, .T. ) ;
#1355 = DIRECTION ( 'NONE',  ( -0.000000000000000000, -1.000000000000000000, -0.000000000000000000 ) ) ;
#1356 = VECTOR ( 'NONE', #2274, 1000.000000000000000 ) ;
#1357 = CIRCLE ( 'NONE', #3271, 0.1269140061042962064 ) ;
#1358 = VECTOR ( 'NONE', #1016, 1000.000000000000000 ) ;
#1359 = DIRECTION ( 'NONE',  ( 0.000000000000000000, 0.000000000000000000, 1.000000000000000000 ) ) ;
#1360 = STYLED_ITEM ( 'NONE', ( #2592 ), #486 ) ;
#1361 = EDGE_CURVE ( 'NONE', #830, #2377, #2103, .T. ) ;
#1362 = LINE ( 'NONE', #4099, #1011 ) ;
#1363 = VERTEX_POINT ( 'NONE', #3499 ) ;
#1364 = CARTESIAN_POINT ( 'NONE',  ( -1.100000000000000311, 0.05000000000000000278, 1.250000000000000444 ) ) ;
#1365 = ORIENTED_EDGE ( 'NONE', *, *, #1629, .T. ) ;
#1366 = ADVANCED_FACE ( 'NONE', ( #2169 ), #3568, .F. ) ;
#1367 = DIRECTION ( 'NONE',  ( 0.000000000000000000, 0.000000000000000000, 1.000000000000000000 ) ) ;
#1368 = AXIS2_PLACEMENT_3D ( 'NONE', #373, #1048, #309 ) ;
#1369 = VECTOR ( 'NONE', #859, 1000.000000000000000 ) ;
#1370 = DIRECTION ( 'NONE',  ( -1.000000000000000000, 0.000000000000000000, 0.000000000000000000 ) ) ;
#1371 = VERTEX_POINT ( 'NONE', #2478 ) ;
#1372 = DIRECTION ( 'NONE',  ( 0.000000000000000000, 0.000000000000000000, 1.000000000000000000 ) ) ;
#1373 = SURFACE_STYLE_USAGE ( .BOTH. , #4546 ) ;
#1374 = CIRCLE ( 'NONE', #1134, 0.1269140061042962064 ) ;
#1375 = VERTEX_POINT ( 'NONE', #1821 ) ;
#1376 = ORIENTED_EDGE ( 'NONE', *, *, #790, .T. ) ;
#1377 = LINE ( 'NONE', #798, #3761 ) ;
#1378 = DIRECTION ( 'NONE',  ( 1.000000000000000000, 0.000000000000000000, -1.355252715606880543E-16 ) ) ;
#1379 = CARTESIAN_POINT ( 'NONE',  ( 1.100000000000000311, 0.1000000000000000056, 0.3750000000000000000 ) ) ;
#1380 = EDGE_CURVE ( 'NONE', #571, #1766, #2126, .T. ) ;
#1381 = PLANE ( 'NONE',  #3565 ) ;
#1382 = PLANE ( 'NONE',  #1214 ) ;
#1383 = ORIENTED_EDGE ( 'NONE', *, *, #2046, .F. ) ;
#1384 = PLANE ( 'NONE',  #3791 ) ;
#1385 = UNCERTAINTY_MEASURE_WITH_UNIT (LENGTH_MEASURE( 1.000000000000000082E-05 ), #1477, 'distance_accuracy_value', 'NONE');
#1386 = EDGE_CURVE ( 'NONE', #1371, #3184, #3226, .T. ) ;
#1387 = EDGE_CURVE ( 'NONE', #827, #3137, #2433, .T. ) ;
#1388 = ORIENTED_EDGE ( 'NONE', *, *, #964, .T. ) ;
#1389 = DIRECTION ( 'NONE',  ( 0.000000000000000000, 1.000000000000000000, -0.000000000000000000 ) ) ;
#1390 = EDGE_LOOP ( 'NONE', ( #1556, #2265, #1127, #407 ) ) ;
#1391 = CARTESIAN_POINT ( 'NONE',  ( -0.7657500870170551588, 0.9000000000000000222, -0.9529334416212273950 ) ) ;
#1392 = ORIENTED_EDGE ( 'NONE', *, *, #4547, .T. ) ;
#1393 = DIRECTION ( 'NONE',  ( 0.000000000000000000, 0.000000000000000000, -1.000000000000000000 ) ) ;
#1394 = VERTEX_POINT ( 'NONE', #1085 ) ;
#1395 = LINE ( 'NONE', #2803, #4559 ) ;
#1396 = CIRCLE ( 'NONE', #3237, 0.1269140061042962064 ) ;
#1397 = CARTESIAN_POINT ( 'NONE',  ( -1.100000000000000311, 0.1000000000000000472, 0.3750000000000000000 ) ) ;
#1398 = DIRECTION ( 'NONE',  ( 0.000000000000000000, -1.000000000000000000, 0.000000000000000000 ) ) ;
#1399 = CIRCLE ( 'NONE', #1110, 0.1250000000000000000 ) ;
#1400 = ORIENTED_EDGE ( 'NONE', *, *, #4203, .T. ) ;
#1401 = DIRECTION ( 'NONE',  ( 0.000000000000000000, -1.000000000000000000, 0.000000000000000000 ) ) ;
#1402 = CARTESIAN_POINT ( 'NONE',  ( 0.9500000000000002887, 0.1000000000000000056, 1.250000000000000444 ) ) ;
#1403 = ORIENTED_EDGE ( 'NONE', *, *, #2768, .T. ) ;
#1404 = DIRECTION ( 'NONE',  ( -1.000000000000000000, 0.000000000000000000, 3.942553354492739094E-16 ) ) ;
#1405 = EDGE_CURVE ( 'NONE', #3771, #331, #362, .T. ) ;
#1406 = EDGE_CURVE ( 'NONE', #1810, #2809, #3545, .T. ) ;
#1407 = ORIENTED_EDGE ( 'NONE', *, *, #2896, .T. ) ;
#1408 = ORIENTED_EDGE ( 'NONE', *, *, #1460, .T. ) ;
#1409 = CARTESIAN_POINT ( 'NONE',  ( -0.7657500870170551588, 0.9000000000000000222, -0.9529334416212273950 ) ) ;
#1410 = VECTOR ( 'NONE', #3437, 1000.000000000000000 ) ;
#1411 = CARTESIAN_POINT ( 'NONE',  ( 0.8250000000000020650, 0.1000000000000000056, 0.000000000000000000 ) ) ;
#1412 = EDGE_LOOP ( 'NONE', ( #1893, #4004, #206, #3836 ) ) ;
#1413 = CARTESIAN_POINT ( 'NONE',  ( 0.1250000000000000000, 0.1000000000000000056, 0.6500000000000004663 ) ) ;
#1414 = CARTESIAN_POINT ( 'NONE',  ( -1.100000000000000311, 0.05000000000000000278, -0.1249999999999998890 ) ) ;
#1415 = CARTESIAN_POINT ( 'NONE',  ( 1.099999999999999867, 0.05000000000000000278, 0.1250000000000001110 ) ) ;
#1416 = ADVANCED_FACE ( 'NONE', ( #505 ), #112, .F. ) ;
#1417 = LINE ( 'NONE', #1353, #1669 ) ;
#1418 = PLANE ( 'NONE',  #3277 ) ;
#1419 = FILL_AREA_STYLE ('',( #1774 ) ) ;
#1420 = VERTEX_POINT ( 'NONE', #1843 ) ;
#1421 = FACE_OUTER_BOUND ( 'NONE', #2087, .T. ) ;
#1422 = DIRECTION ( 'NONE',  ( -3.942553354492743038E-16, 0.000000000000000000, -1.000000000000000000 ) ) ;
#1423 = AXIS2_PLACEMENT_3D ( 'NONE', #2744, #2341, #3450 ) ;
#1424 = EDGE_LOOP ( 'NONE', ( #3060, #4429, #2412, #1403, #2806, #1033, #1523, #2131, #3935, #4338, #4211, #3651, #1862, #240, #1252, #27 ) ) ;
#1425 = CARTESIAN_POINT ( 'NONE',  ( -0.8250000000000020650, 0.1000000000000000472, -0.1250000000000000000 ) ) ;
#1426 = VECTOR ( 'NONE', #1240, 1000.000000000000000 ) ;
#1427 = AXIS2_PLACEMENT_3D ( 'NONE', #1915, #2597, #1591 ) ;
#1428 = ORIENTED_EDGE ( 'NONE', *, *, #4332, .T. ) ;
#1429 = ORIENTED_EDGE ( 'NONE', *, *, #4476, .F. ) ;
#1430 = EDGE_CURVE ( 'NONE', #95, #2044, #3250, .T. ) ;
#1431 = LINE ( 'NONE', #694, #126 ) ;
#1432 = AXIS2_PLACEMENT_3D ( 'NONE', #2629, #168, #259 ) ;
#1433 = VECTOR ( 'NONE', #2497, 1000.000000000000000 ) ;
#1434 = ADVANCED_FACE ( 'NONE', ( #4300 ), #878, .T. ) ;
#1435 = CARTESIAN_POINT ( 'NONE',  ( -0.1250000000000000555, 0.1000000000000000472, -0.9749999999999997558 ) ) ;
#1436 = ORIENTED_EDGE ( 'NONE', *, *, #4303, .T. ) ;
#1437 = LINE ( 'NONE', #3190, #1839 ) ;
#1438 = CARTESIAN_POINT ( 'NONE',  ( -0.7657500870170551588, 1.000000000000000000, -1.079847447725523546 ) ) ;
#1439 = ORIENTED_EDGE ( 'NONE', *, *, #1387, .T. ) ;
#1440 = FACE_OUTER_BOUND ( 'NONE', #672, .T. ) ;
#1441 = FACE_OUTER_BOUND ( 'NONE', #3300, .T. ) ;
#1442 = PRESENTATION_LAYER_ASSIGNMENT (  '', '', ( #3212 ) ) ;
#1443 = CARTESIAN_POINT ( 'NONE',  ( -1.100000000000000311, 0.9860022573334675799, -1.100000000000000755 ) ) ;
#1444 = ORIENTED_EDGE ( 'NONE', *, *, #2191, .F. ) ;
#1445 = DIRECTION ( 'NONE',  ( 0.000000000000000000, 0.000000000000000000, 1.000000000000000000 ) ) ;
#1446 = CARTESIAN_POINT ( 'NONE',  ( -0.1250000000000000833, 0.1000000000000000472, 0.6500000000000004663 ) ) ;
#1447 = LINE ( 'NONE', #382, #4140 ) ;
#1448 = ORIENTED_EDGE ( 'NONE', *, *, #45, .F. ) ;
#1449 = LINE ( 'NONE', #757, #2626 ) ;
#1450 = VECTOR ( 'NONE', #3504, 1000.000000000000000 ) ;
#1451 = CARTESIAN_POINT ( 'NONE',  ( -0.2500000000000003331, 0.000000000000000000, -0.6250000000000003331 ) ) ;
#1452 = DIRECTION ( 'NONE',  ( 0.000000000000000000, 0.000000000000000000, 1.000000000000000000 ) ) ;
#1453 = CIRCLE ( 'NONE', #4028, 0.1269140061042962064 ) ;
#1454 = CARTESIAN_POINT ( 'NONE',  ( 0.5499999999999997113, 0.05000000000000000278, -1.250000000000000222 ) ) ;
#1455 = DIRECTION ( 'NONE',  ( -2.168404344971005417E-16, -0.000000000000000000, -1.000000000000000000 ) ) ;
#1456 = VERTEX_POINT ( 'NONE', #180 ) ;
#1457 = CARTESIAN_POINT ( 'NONE',  ( 0.8250000000000002887, 0.000000000000000000, 0.3750000000000000000 ) ) ;
#1458 = CARTESIAN_POINT ( 'NONE',  ( 0.1249999999999998890, 0.9860022573334675799, -1.249999999999999778 ) ) ;
#1459 = ADVANCED_FACE ( 'NONE', ( #1868 ), #2976, .T. ) ;
#1460 = EDGE_CURVE ( 'NONE', #50, #237, #2292, .T. ) ;
#1461 = LINE ( 'NONE', #1750, #886 ) ;
#1462 = CARTESIAN_POINT ( 'NONE',  ( 0.8250000000000002887, 0.1000000000000000056, 0.5000000000000000000 ) ) ;
#1463 = CARTESIAN_POINT ( 'NONE',  ( 0.5499999999999997113, 0.9860022573334675799, -1.250000000000000222 ) ) ;
#1464 = VECTOR ( 'NONE', #332, 1000.000000000000000 ) ;
#1465 = SURFACE_STYLE_USAGE ( .BOTH. , #3267 ) ;
#1466 = VERTEX_POINT ( 'NONE', #805 ) ;
#1467 = CARTESIAN_POINT ( 'NONE',  ( 0.9500000000000002887, 0.05000000000000000278, 0.000000000000000000 ) ) ;
#1468 = DIRECTION ( 'NONE',  ( 1.355252715606880543E-16, 0.000000000000000000, 1.000000000000000000 ) ) ;
#1469 = EDGE_LOOP ( 'NONE', ( #4326, #4353, #1118, #3572 ) ) ;
#1470 = CARTESIAN_POINT ( 'NONE',  ( -1.100000000000000311, 1.000000000000000000, 1.250000000000000444 ) ) ;
#1471 = VECTOR ( 'NONE', #1998, 1000.000000000000000 ) ;
#1472 = VERTEX_POINT ( 'NONE', #454 ) ;
#1473 = VECTOR ( 'NONE', #2623, 999.9999999999998863 ) ;
#1474 = DIRECTION ( 'NONE',  ( 1.807003620809174139E-16, -0.000000000000000000, 1.000000000000000000 ) ) ;
#1475 = CARTESIAN_POINT ( 'NONE',  ( 1.099999999999999867, 0.05000000000000000278, 1.250000000000000222 ) ) ;
#1476 = EDGE_CURVE ( 'NONE', #4516, #1466, #2222, .T. ) ;
#1477 =( LENGTH_UNIT ( ) NAMED_UNIT ( * ) SI_UNIT ( .MILLI., .METRE. ) );
#1478 = FACE_OUTER_BOUND ( 'NONE', #1304, .T. ) ;
#1479 = EDGE_LOOP ( 'NONE', ( #1721, #4100, #1652, #227 ) ) ;
#1480 = DIRECTION ( 'NONE',  ( 1.000000000000000000, 0.000000000000000000, -9.856383386231857595E-17 ) ) ;
#1481 = EDGE_LOOP ( 'NONE', ( #289, #3541, #3120, #537 ) ) ;
#1482 = EDGE_CURVE ( 'NONE', #428, #1394, #3591, .T. ) ;
#1483 = ORIENTED_EDGE ( 'NONE', *, *, #2294, .F. ) ;
#1484 = CARTESIAN_POINT ( 'NONE',  ( -1.100000000000000311, 0.05000000000000000278, -0.3749999999999998890 ) ) ;
#1485 = DIRECTION ( 'NONE',  ( 0.000000000000000000, -0.000000000000000000, -1.000000000000000000 ) ) ;
#1486 = DIRECTION ( 'NONE',  ( -0.000000000000000000, -1.000000000000000000, -0.000000000000000000 ) ) ;
#1487 = EDGE_CURVE ( 'NONE', #1780, #1472, #2935, .T. ) ;
#1488 = ORIENTED_EDGE ( 'NONE', *, *, #2382, .T. ) ;
#1489 = VERTEX_POINT ( 'NONE', #1517 ) ;
#1490 = ADVANCED_FACE ( 'NONE', ( #1934 ), #3272, .T. ) ;
#1491 = CARTESIAN_POINT ( 'NONE',  ( -1.100000000000000311, 1.000000000000000000, 1.250000000000000444 ) ) ;
#1492 = CARTESIAN_POINT ( 'NONE',  ( 0.1250000000000000000, 0.1000000000000000472, 0.6500000000000004663 ) ) ;
#1493 = ORIENTED_EDGE ( 'NONE', *, *, #564, .T. ) ;
#1494 = LINE ( 'NONE', #3670, #2098 ) ;
#1495 = PLANE ( 'NONE',  #1156 ) ;
#1496 = FACE_OUTER_BOUND ( 'NONE', #3948, .T. ) ;
#1497 = VECTOR ( 'NONE', #569, 1000.000000000000000 ) ;
#1498 = AXIS2_PLACEMENT_3D ( 'NONE', #2527, #2810, #1058 ) ;
#1499 = VECTOR ( 'NONE', #2788, 1000.000000000000000 ) ;
#1500 = EDGE_CURVE ( 'NONE', #1981, #2619, #4325, .T. ) ;
#1501 = VERTEX_POINT ( 'NONE', #1175 ) ;
#1502 = VECTOR ( 'NONE', #2353, 1000.000000000000000 ) ;
#1503 = CARTESIAN_POINT ( 'NONE',  ( -0.2500000000000003331, 0.000000000000000000, -0.6250000000000003331 ) ) ;
#1504 = VECTOR ( 'NONE', #1929, 1000.000000000000000 ) ;
#1505 = VERTEX_POINT ( 'NONE', #135 ) ;
#1506 = APPLICATION_PROTOCOL_DEFINITION ( 'draft international standard', 'automotive_design', 1998, #2250 ) ;
#1507 = CARTESIAN_POINT ( 'NONE',  ( 1.099999999999999867, 0.05000000000000000278, 1.250000000000000222 ) ) ;
#1508 = ORIENTED_EDGE ( 'NONE', *, *, #930, .T. ) ;
#1509 = LINE ( 'NONE', #1168, #3684 ) ;
#1510 = CARTESIAN_POINT ( 'NONE',  ( 0.000000000000000000, 0.000000000000000000, 0.000000000000000000 ) ) ;
#1511 = DIRECTION ( 'NONE',  ( 1.000000000000000000, -0.000000000000000000, 3.942553354492739094E-16 ) ) ;
#1512 = PRODUCT_RELATED_PRODUCT_CATEGORY ( 'part', '', ( #2802 ) ) ;
#1513 = ORIENTED_EDGE ( 'NONE', *, *, #1779, .F. ) ;
#1514 = MECHANICAL_DESIGN_GEOMETRIC_PRESENTATION_REPRESENTATION (  '', ( #3212 ), #1595 ) ;
#1515 = ORIENTED_EDGE ( 'NONE', *, *, #3042, .F. ) ;
#1516 = DIRECTION ( 'NONE',  ( -1.000000000000000000, 0.000000000000000000, -3.942553354492739094E-16 ) ) ;
#1517 = CARTESIAN_POINT ( 'NONE',  ( -1.100000000000000311, 0.05000000000000000278, 0.6250000000000000000 ) ) ;
#1518 = EDGE_LOOP ( 'NONE', ( #2863, #1853, #863, #3510 ) ) ;
#1519 = LINE ( 'NONE', #899, #2022 ) ;
#1520 = VECTOR ( 'NONE', #4490, 1000.000000000000000 ) ;
#1521 = PRESENTATION_LAYER_ASSIGNMENT (  '', '', ( #936 ) ) ;
#1522 = EDGE_CURVE ( 'NONE', #2774, #2516, #2957, .T. ) ;
#1523 = ORIENTED_EDGE ( 'NONE', *, *, #849, .T. ) ;
#1524 = ORIENTED_EDGE ( 'NONE', *, *, #2085, .T. ) ;
#1525 = CARTESIAN_POINT ( 'NONE',  ( 0.2500000000000002776, 0.000000000000000000, -0.3749999999999999445 ) ) ;
#1526 = PLANE ( 'NONE',  #4022 ) ;
#1527 = VECTOR ( 'NONE', #860, 1000.000000000000000 ) ;
#1528 = ORIENTED_EDGE ( 'NONE', *, *, #2816, .F. ) ;
#1529 = CARTESIAN_POINT ( 'NONE',  ( 0.8250000000000002887, 0.000000000000000000, 0.6250000000000000000 ) ) ;
#1530 = LINE ( 'NONE', #2233, #3642 ) ;
#1531 = ORIENTED_EDGE ( 'NONE', *, *, #570, .T. ) ;
#1532 = CARTESIAN_POINT ( 'NONE',  ( 1.099999999999999867, 1.000000000000000000, -1.249999999999999778 ) ) ;
#1533 = EDGE_LOOP ( 'NONE', ( #1807, #3394, #3262, #431 ) ) ;
#1534 = DIRECTION ( 'NONE',  ( -0.000000000000000000, -1.000000000000000000, -0.000000000000000000 ) ) ;
#1535 = CARTESIAN_POINT ( 'NONE',  ( 1.100000000000000311, 0.1000000000000000056, 0.6250000000000000000 ) ) ;
#1536 = CARTESIAN_POINT ( 'NONE',  ( 0.1250000000000000000, 0.9860022573334675799, 0.6500000000000004663 ) ) ;
#1537 = ADVANCED_FACE ( 'NONE', ( #3643 ), #2247, .T. ) ;
#1538 = ORIENTED_EDGE ( 'NONE', *, *, #2533, .F. ) ;
#1539 = SURFACE_SIDE_STYLE ('',( #779 ) ) ;
#1540 = EDGE_LOOP ( 'NONE', ( #3671, #851, #4141, #3246 ) ) ;
#1541 = LINE ( 'NONE', #3707, #4214 ) ;
#1542 = LINE ( 'NONE', #4349, #4289 ) ;
#1543 = ORIENTED_EDGE ( 'NONE', *, *, #1101, .T. ) ;
#1544 = FACE_OUTER_BOUND ( 'NONE', #3751, .T. ) ;
#1545 = ORIENTED_EDGE ( 'NONE', *, *, #1129, .T. ) ;
#1546 = CARTESIAN_POINT ( 'NONE',  ( -0.2500000000000003331, 0.000000000000000000, -0.6250000000000003331 ) ) ;
#1547 = LINE ( 'NONE', #3692, #47 ) ;
#1548 = EDGE_CURVE ( 'NONE', #2869, #2218, #480, .T. ) ;
#1550 = EDGE_CURVE ( 'NONE', #3326, #2338, #1542, .T. ) ;
#1549 = VECTOR ( 'NONE', #2991, 1000.000000000000000 ) ;
#1551 = ORIENTED_EDGE ( 'NONE', *, *, #3723, .F. ) ;
#1552 = DIRECTION ( 'NONE',  ( -0.000000000000000000, -1.000000000000000000, -0.000000000000000000 ) ) ;
#1553 = CARTESIAN_POINT ( 'NONE',  ( 0.000000000000000000, 0.05000000000000000278, 0.6250000000000000000 ) ) ;
#1554 = EDGE_CURVE ( 'NONE', #3248, #4036, #854, .T. ) ;
#1555 = ORIENTED_EDGE ( 'NONE', *, *, #386, .T. ) ;
#1556 = ORIENTED_EDGE ( 'NONE', *, *, #2938, .F. ) ;
#1557 = PLANE ( 'NONE',  #3530 ) ;
#1558 = DIRECTION ( 'NONE',  ( 0.000000000000000000, -1.000000000000000000, 0.000000000000000000 ) ) ;
#1559 = DIRECTION ( 'NONE',  ( -0.000000000000000000, -1.000000000000000000, -0.000000000000000000 ) ) ;
#1560 = AXIS2_PLACEMENT_3D ( 'NONE', #1409, #2815, #2205 ) ;
#1561 = ADVANCED_FACE ( 'NONE', ( #781 ), #3668, .F. ) ;
#1562 = ORIENTED_EDGE ( 'NONE', *, *, #3256, .T. ) ;
#1563 = CARTESIAN_POINT ( 'NONE',  ( 0.9500000000000002887, 0.1000000000000000056, -1.100000000000000755 ) ) ;
#1564 = ORIENTED_EDGE ( 'NONE', *, *, #3778, .F. ) ;
#1565 = CARTESIAN_POINT ( 'NONE',  ( 0.1250000000000000555, 0.9860022573334675799, -0.9749999999999997558 ) ) ;
#1566 = CARTESIAN_POINT ( 'NONE',  ( 1.100000000000002087, 0.1000000000000000056, -0.1250000000000000000 ) ) ;
#1567 = ORIENTED_EDGE ( 'NONE', *, *, #2515, .F. ) ;
#1568 = CARTESIAN_POINT ( 'NONE',  ( 0.1249999999999998890, 0.1000000000000000472, -1.249999999999999778 ) ) ;
#1569 = EDGE_LOOP ( 'NONE', ( #3915, #642, #1295, #3920 ) ) ;
#1570 = LINE ( 'NONE', #3278, #2877 ) ;
#1571 = LINE ( 'NONE', #810, #1824 ) ;
#1572 = ORIENTED_EDGE ( 'NONE', *, *, #3605, .T. ) ;
#1573 = FACE_OUTER_BOUND ( 'NONE', #3110, .T. ) ;
#1574 = CARTESIAN_POINT ( 'NONE',  ( 0.9500000000000002887, 0.05000000000000000278, -1.249999999999999778 ) ) ;
#1575 = VECTOR ( 'NONE', #1468, 1000.000000000000000 ) ;
#1576 = EDGE_CURVE ( 'NONE', #192, #4017, #575, .T. ) ;
#1577 = VECTOR ( 'NONE', #1826, 1000.000000000000000 ) ;
#1578 = AXIS2_PLACEMENT_3D ( 'NONE', #3008, #2694, #4404 ) ;
#1579 = AXIS2_PLACEMENT_3D ( 'NONE', #1982, #3070, #4161 ) ;
#1580 = VECTOR ( 'NONE', #826, 1000.000000000000000 ) ;
#1581 = FACE_OUTER_BOUND ( 'NONE', #387, .T. ) ;
#1582 = EDGE_LOOP ( 'NONE', ( #1736, #3045, #613, #493 ) ) ;
#1583 = FACE_OUTER_BOUND ( 'NONE', #1518, .T. ) ;
#1584 = CARTESIAN_POINT ( 'NONE',  ( -1.100000000000000311, 0.1000000000000000056, 0.3750000000000000000 ) ) ;
#1585 = DIRECTION ( 'NONE',  ( 1.000000000000000000, -0.000000000000000000, -0.000000000000000000 ) ) ;
#1586 = EDGE_CURVE ( 'NONE', #2523, #1371, #2906, .T. ) ;
#1587 = ORIENTED_EDGE ( 'NONE', *, *, #1205, .F. ) ;
#1588 = CARTESIAN_POINT ( 'NONE',  ( -2.391622439306259527E-17, 0.05000000000000000278, -0.3749999999999999445 ) ) ;
#1589 = CARTESIAN_POINT ( 'NONE',  ( -0.9500000000000002887, 0.1000000000000000056, -1.250000000000000444 ) ) ;
#1590 = DIRECTION ( 'NONE',  ( 0.000000000000000000, -0.000000000000000000, -1.000000000000000000 ) ) ;
#1591 = DIRECTION ( 'NONE',  ( 0.000000000000000000, -0.000000000000000000, -1.000000000000000000 ) ) ;
#1592 = CARTESIAN_POINT ( 'NONE',  ( -0.9500000000000002887, 0.1000000000000000056, -1.250000000000000444 ) ) ;
#1593 = EDGE_LOOP ( 'NONE', ( #2189, #3645, #2227, #2024 ) ) ;
#1594 = DIRECTION ( 'NONE',  ( -0.000000000000000000, -1.000000000000000000, -0.000000000000000000 ) ) ;
#1595 =( GEOMETRIC_REPRESENTATION_CONTEXT ( 3 ) GLOBAL_UNCERTAINTY_ASSIGNED_CONTEXT ( ( #4558 ) ) GLOBAL_UNIT_ASSIGNED_CONTEXT ( ( #1626, #1952, #894 ) ) REPRESENTATION_CONTEXT ( 'NONE', 'WORKASPACE' ) );
#1596 = ORIENTED_EDGE ( 'NONE', *, *, #3605, .F. ) ;
#1597 = DIRECTION ( 'NONE',  ( 1.000000000000000000, 0.000000000000000000, 0.000000000000000000 ) ) ;
#1598 = LINE ( 'NONE', #3006, #4076 ) ;
#1599 = AXIS2_PLACEMENT_3D ( 'NONE', #1638, #2368, #3409 ) ;
#1600 = LINE ( 'NONE', #4082, #766 ) ;
#1601 = EDGE_LOOP ( 'NONE', ( #2005, #736, #4078, #2918 ) ) ;
#1602 = FACE_OUTER_BOUND ( 'NONE', #698, .T. ) ;
#1603 = SURFACE_STYLE_USAGE ( .BOTH. , #523 ) ;
#1604 = ADVANCED_FACE ( 'NONE', ( #4066 ), #242, .T. ) ;
#1605 = CARTESIAN_POINT ( 'NONE',  ( -0.1250000000000001110, 0.9860022573334675799, -1.249999999999999778 ) ) ;
#1606 = ADVANCED_FACE ( 'NONE', ( #3709 ), #3039, .F. ) ;
#1607 = MECHANICAL_DESIGN_GEOMETRIC_PRESENTATION_REPRESENTATION (  '', ( #577 ), #2579 ) ;
#1608 = ORIENTED_EDGE ( 'NONE', *, *, #3131, .F. ) ;
#1609 = CARTESIAN_POINT ( 'NONE',  ( -0.8250000000000002887, 0.000000000000000000, 0.5000000000000000000 ) ) ;
#1610 = CARTESIAN_POINT ( 'NONE',  ( -1.100000000000002087, 0.9860022573334675799, 0.1250000000000000000 ) ) ;
#1611 = DIRECTION ( 'NONE',  ( 1.000000000000000000, 0.000000000000000000, 0.000000000000000000 ) ) ;
#1612 = LINE ( 'NONE', #990, #3200 ) ;
#1613 = EDGE_LOOP ( 'NONE', ( #1515, #4512, #2994, #4479 ) ) ;
#1614 = CARTESIAN_POINT ( 'NONE',  ( -0.5499999999999997113, 0.1000000000000000056, -1.250000000000000222 ) ) ;
#1615 = CARTESIAN_POINT ( 'NONE',  ( -0.8250000000000002887, 0.9860022573334675799, 0.3750000000000000000 ) ) ;
#1616 = LINE ( 'NONE', #4286, #3872 ) ;
#1617 = VERTEX_POINT ( 'NONE', #3016 ) ;
#1618 = EDGE_CURVE ( 'NONE', #1247, #3179, #2680, .T. ) ;
#1619 = AXIS2_PLACEMENT_3D ( 'NONE', #3702, #264, #2359 ) ;
#1620 = DIRECTION ( 'NONE',  ( 2.168404344971005417E-16, 0.000000000000000000, 1.000000000000000000 ) ) ;
#1621 =( NAMED_UNIT ( * ) PLANE_ANGLE_UNIT ( ) SI_UNIT ( $, .RADIAN. ) );
#1622 = VECTOR ( 'NONE', #1244, 1000.000000000000000 ) ;
#1623 = PLANE ( 'NONE',  #2691 ) ;
#1624 = VERTEX_POINT ( 'NONE', #4435 ) ;
#1625 = DIRECTION ( 'NONE',  ( 0.000000000000000000, -1.000000000000000000, 0.000000000000000000 ) ) ;
#1626 =( LENGTH_UNIT ( ) NAMED_UNIT ( * ) SI_UNIT ( .MILLI., .METRE. ) );
#1627 = LINE ( 'NONE', #195, #696 ) ;
#1628 = CLOSED_SHELL ( 'NONE', ( #1866, #3434, #1692, #617, #3693, #2063, #4529, #4206 ) ) ;
#1629 = EDGE_CURVE ( 'NONE', #4157, #2234, #1289, .T. ) ;
#1630 = EDGE_LOOP ( 'NONE', ( #1787, #2705, #1777, #1144 ) ) ;
#1631 = CARTESIAN_POINT ( 'NONE',  ( -1.100000000000002087, 0.1000000000000000056, -0.1250000000000000000 ) ) ;
#1632 = PLANE ( 'NONE',  #813 ) ;
#1633 = CARTESIAN_POINT ( 'NONE',  ( -1.100000000000000311, 5.330165161069341906, -1.249999999999999778 ) ) ;
#1634 = CARTESIAN_POINT ( 'NONE',  ( -0.5499999999999999334, 0.000000000000000000, -1.024999999999999467 ) ) ;
#1635 = VECTOR ( 'NONE', #2732, 1000.000000000000000 ) ;
#1636 = ADVANCED_FACE ( 'NONE', ( #644 ), #1333, .F. ) ;
#1637 = LINE ( 'NONE', #207, #1745 ) ;
#1638 = CARTESIAN_POINT ( 'NONE',  ( 1.100000000000000311, 0.9860022573334675799, 0.6250000000000000000 ) ) ;
#1639 = ORIENTED_EDGE ( 'NONE', *, *, #1339, .T. ) ;
#1640 = LINE ( 'NONE', #3786, #4376 ) ;
#1641 = ORIENTED_EDGE ( 'NONE', *, *, #675, .T. ) ;
#1642 = DIRECTION ( 'NONE',  ( -0.000000000000000000, -1.000000000000000000, -0.000000000000000000 ) ) ;
#1643 = FACE_OUTER_BOUND ( 'NONE', #744, .T. ) ;
#1644 = ORIENTED_EDGE ( 'NONE', *, *, #4388, .F. ) ;
#1645 = CARTESIAN_POINT ( 'NONE',  ( -0.7874999999999995337, 0.05000000000000000278, -0.7875000000000000888 ) ) ;
#1646 = AXIS2_PLACEMENT_3D ( 'NONE', #3359, #1266, #3738 ) ;
#1647 = ORIENTED_EDGE ( 'NONE', *, *, #2549, .T. ) ;
#1648 = DIRECTION ( 'NONE',  ( -0.000000000000000000, -1.000000000000000000, -0.000000000000000000 ) ) ;
#1649 = DIRECTION ( 'NONE',  ( -0.000000000000000000, 0.000000000000000000, -1.000000000000000000 ) ) ;
#1650 = AXIS2_PLACEMENT_3D ( 'NONE', #3214, #123, #2868 ) ;
#1651 = VECTOR ( 'NONE', #3739, 1000.000000000000000 ) ;
#1652 = ORIENTED_EDGE ( 'NONE', *, *, #1834, .F. ) ;
#1653 = CARTESIAN_POINT ( 'NONE',  ( 1.100000000000000311, 0.1000000000000000056, 0.6250000000000000000 ) ) ;
#1654 = CARTESIAN_POINT ( 'NONE',  ( 1.100000000000002087, 0.9860022573334675799, 0.1250000000000000000 ) ) ;
#1655 =( GEOMETRIC_REPRESENTATION_CONTEXT ( 3 ) GLOBAL_UNCERTAINTY_ASSIGNED_CONTEXT ( ( #4468 ) ) GLOBAL_UNIT_ASSIGNED_CONTEXT ( ( #2198, #2501, #4272 ) ) REPRESENTATION_CONTEXT ( 'NONE', 'WORKASPACE' ) );
#1656 = CARTESIAN_POINT ( 'NONE',  ( 0.5499999999999997113, 0.1000000000000000056, 0.8749999999999996669 ) ) ;
#1657 = VECTOR ( 'NONE', #1080, 1000.000000000000000 ) ;
#1658 = DIRECTION ( 'NONE',  ( -0.000000000000000000, 1.000000000000000000, -0.000000000000000000 ) ) ;
#1659 = CARTESIAN_POINT ( 'NONE',  ( 1.100000000000000311, 0.05000000000000000278, 0.3750000000000000000 ) ) ;
#1660 = PLANE ( 'NONE',  #2120 ) ;
#1661 = ORIENTED_EDGE ( 'NONE', *, *, #3620, .T. ) ;
#1662 = DIRECTION ( 'NONE',  ( 0.000000000000000000, 1.000000000000000000, 0.000000000000000000 ) ) ;
#1663 = UNCERTAINTY_MEASURE_WITH_UNIT (LENGTH_MEASURE( 1.000000000000000082E-05 ), #1890, 'distance_accuracy_value', 'NONE');
#1664 = EDGE_CURVE ( 'NONE', #95, #4042, #4133, .T. ) ;
#1665 = EDGE_CURVE ( 'NONE', #1241, #3491, #2998, .T. ) ;
#1666 = ORIENTED_EDGE ( 'NONE', *, *, #2085, .F. ) ;
#1667 = DIRECTION ( 'NONE',  ( 0.000000000000000000, -1.000000000000000000, 0.000000000000000000 ) ) ;
#1668 = CARTESIAN_POINT ( 'NONE',  ( 0.2500000000000003331, 0.1000000000000000056, -0.6250000000000003331 ) ) ;
#1669 = VECTOR ( 'NONE', #1752, 1000.000000000000000 ) ;
#1670 = EDGE_CURVE ( 'NONE', #771, #1617, #600, .T. ) ;
#1671 = EDGE_CURVE ( 'NONE', #1213, #2907, #3428, .T. ) ;
#1672 = MECHANICAL_DESIGN_GEOMETRIC_PRESENTATION_REPRESENTATION (  '', ( #563 ), #2776 ) ;
#1673 = ORIENTED_EDGE ( 'NONE', *, *, #1706, .F. ) ;
#1674 = DIRECTION ( 'NONE',  ( 1.000000000000000000, -0.000000000000000000, 0.000000000000000000 ) ) ;
#1675 = ORIENTED_EDGE ( 'NONE', *, *, #1999, .F. ) ;
#1676 = VERTEX_POINT ( 'NONE', #2000 ) ;
#1677 = LINE ( 'NONE', #2019, #663 ) ;
#1678 = FILL_AREA_STYLE_COLOUR ( '', #1149 ) ;
#1679 = VECTOR ( 'NONE', #3573, 1000.000000000000000 ) ;
#1680 = CARTESIAN_POINT ( 'NONE',  ( 0.000000000000000000, 0.1000000000000000056, 0.000000000000000000 ) ) ;
#1681 = PLANE ( 'NONE',  #3997 ) ;
#1682 = VECTOR ( 'NONE', #2312, 1000.000000000000000 ) ;
#1683 = DIRECTION ( 'NONE',  ( -1.000000000000000000, 0.000000000000000000, 3.942553354492739094E-16 ) ) ;
#1684 = ORIENTED_EDGE ( 'NONE', *, *, #1550, .F. ) ;
#1685 = DIRECTION ( 'NONE',  ( 0.000000000000000000, 0.000000000000000000, -1.000000000000000000 ) ) ;
#1686 = DIRECTION ( 'NONE',  ( 1.000000000000000000, 0.000000000000000000, -1.355252715606880543E-16 ) ) ;
#1687 = ORIENTED_EDGE ( 'NONE', *, *, #921, .T. ) ;
#1688 = DIRECTION ( 'NONE',  ( -3.942553354492742545E-16, 0.000000000000000000, -1.000000000000000000 ) ) ;
#1689 = ORIENTED_EDGE ( 'NONE', *, *, #203, .T. ) ;
#1690 = ADVANCED_FACE ( 'NONE', ( #3404 ), #1681, .T. ) ;
#1691 = ADVANCED_FACE ( 'NONE', ( #2051 ), #4461, .T. ) ;
#1692 = ADVANCED_FACE ( 'NONE', ( #4486 ), #4395, .F. ) ;
#1693 = CARTESIAN_POINT ( 'NONE',  ( 0.1250000000000000555, 0.1000000000000000056, -0.9749999999999997558 ) ) ;
#1694 = VECTOR ( 'NONE', #1788, 1000.000000000000000 ) ;
#1695 = ORIENTED_EDGE ( 'NONE', *, *, #20, .F. ) ;
#1696 = EDGE_CURVE ( 'NONE', #2528, #3347, #1245, .T. ) ;
#1697 = DIRECTION ( 'NONE',  ( 0.000000000000000000, 0.000000000000000000, -1.000000000000000000 ) ) ;
#1698 = ORIENTED_EDGE ( 'NONE', *, *, #548, .T. ) ;
#1699 = ORIENTED_EDGE ( 'NONE', *, *, #1380, .T. ) ;
#1700 = LINE ( 'NONE', #2696, #1253 ) ;
#1701 = VECTOR ( 'NONE', #4324, 1000.000000000000000 ) ;
#1702 = EDGE_CURVE ( 'NONE', #2277, #677, #2314, .T. ) ;
#1703 = CARTESIAN_POINT ( 'NONE',  ( -1.100000000000002087, 0.1000000000000000056, -0.1250000000000000000 ) ) ;
#1704 = CARTESIAN_POINT ( 'NONE',  ( -0.8250000000000020650, 0.1000000000000000056, -0.1250000000000000000 ) ) ;
#1705 = DIRECTION ( 'NONE',  ( 0.000000000000000000, -0.000000000000000000, -1.000000000000000000 ) ) ;
#1706 = EDGE_CURVE ( 'NONE', #1375, #2523, #2074, .T. ) ;
#1707 = ORIENTED_EDGE ( 'NONE', *, *, #107, .F. ) ;
#1708 = CARTESIAN_POINT ( 'NONE',  ( 1.100000000000000311, 0.9860022573334675799, 0.8749999999999994449 ) ) ;
#1709 = CARTESIAN_POINT ( 'NONE',  ( -0.6999999999999998446, 0.05000000000000000278, -0.8749999999999995559 ) ) ;
#1710 = EDGE_LOOP ( 'NONE', ( #1400, #1528, #2130, #1184 ) ) ;
#1711 = CARTESIAN_POINT ( 'NONE',  ( 0.000000000000000000, 0.000000000000000000, 0.000000000000000000 ) ) ;
#1712 = VECTOR ( 'NONE', #3281, 1000.000000000000000 ) ;
#1713 = ORIENTED_EDGE ( 'NONE', *, *, #3261, .F. ) ;
#1714 = CARTESIAN_POINT ( 'NONE',  ( -1.100000000000000311, 0.1000000000000000056, -0.3749999999999998890 ) ) ;
#1715 = CARTESIAN_POINT ( 'NONE',  ( -0.8250000000000002887, 0.000000000000000000, 0.5000000000000000000 ) ) ;
#1716 = EDGE_LOOP ( 'NONE', ( #3286, #299, #2958, #3268 ) ) ;
#1717 = DIRECTION ( 'NONE',  ( 0.000000000000000000, -0.000000000000000000, 1.000000000000000000 ) ) ;
#1718 = PLANE ( 'NONE',  #2921 ) ;
#1719 = ADVANCED_FACE ( 'NONE', ( #750 ), #2766, .T. ) ;
#1720 = VERTEX_POINT ( 'NONE', #3152 ) ;
#1721 = ORIENTED_EDGE ( 'NONE', *, *, #1702, .F. ) ;
#1722 = CARTESIAN_POINT ( 'NONE',  ( -0.9500000000000002887, 0.1000000000000000472, -1.100000000000000755 ) ) ;
#1723 = FACE_OUTER_BOUND ( 'NONE', #1233, .T. ) ;
#1724 = CARTESIAN_POINT ( 'NONE',  ( -0.5499999999999997113, 0.9860022573334675799, -1.250000000000000222 ) ) ;
#1725 = EDGE_CURVE ( 'NONE', #1927, #780, #728, .T. ) ;
#1726 = AXIS2_PLACEMENT_3D ( 'NONE', #1237, #635, #3509 ) ;
#1727 = VECTOR ( 'NONE', #4327, 1000.000000000000000 ) ;
#1728 = VECTOR ( 'NONE', #3616, 1000.000000000000000 ) ;
#1729 = PRESENTATION_LAYER_ASSIGNMENT (  '', '', ( #3123 ) ) ;
#1730 = VECTOR ( 'NONE', #1170, 1000.000000000000000 ) ;
#1731 = DIRECTION ( 'NONE',  ( 0.000000000000000000, 0.000000000000000000, 1.000000000000000000 ) ) ;
#1732 = VECTOR ( 'NONE', #2432, 1000.000000000000000 ) ;
#1733 = CARTESIAN_POINT ( 'NONE',  ( -0.9500000000000002887, 0.000000000000000000, -1.250000000000000444 ) ) ;
#1734 = ORIENTED_EDGE ( 'NONE', *, *, #304, .F. ) ;
#1735 = CARTESIAN_POINT ( 'NONE',  ( -0.7657500870170551588, 1.000000000000000000, -0.9529334416212273950 ) ) ;
#1736 = ORIENTED_EDGE ( 'NONE', *, *, #1361, .T. ) ;
#1737 = DIRECTION ( 'NONE',  ( 0.000000000000000000, 0.000000000000000000, 1.000000000000000000 ) ) ;
#1738 = EDGE_CURVE ( 'NONE', #446, #827, #4506, .T. ) ;
#1739 = ORIENTED_EDGE ( 'NONE', *, *, #4337, .F. ) ;
#1740 = STYLED_ITEM ( 'NONE', ( #1220 ), #1983 ) ;
#1741 = DIRECTION ( 'NONE',  ( 0.000000000000000000, 0.000000000000000000, -1.000000000000000000 ) ) ;
#1742 = ORIENTED_EDGE ( 'NONE', *, *, #801, .T. ) ;
#1743 = CARTESIAN_POINT ( 'NONE',  ( -1.100000000000000311, 0.9860022573334675799, 1.100000000000000755 ) ) ;
#1744 = DIRECTION ( 'NONE',  ( -2.168404344971005417E-16, 0.000000000000000000, 1.000000000000000000 ) ) ;
#1745 = VECTOR ( 'NONE', #2367, 1000.000000000000000 ) ;
#1746 = VECTOR ( 'NONE', #2607, 1000.000000000000000 ) ;
#1747 = EDGE_LOOP ( 'NONE', ( #3947, #1054, #3923, #1840 ) ) ;
#1748 = EDGE_CURVE ( 'NONE', #2011, #3855, #2119, .T. ) ;
#1749 = ORIENTED_EDGE ( 'NONE', *, *, #3723, .T. ) ;
#1750 = CARTESIAN_POINT ( 'NONE',  ( -0.5499999999999997113, 0.1000000000000000472, -1.250000000000000222 ) ) ;
#1751 = ADVANCED_FACE ( 'NONE', ( #2451 ), #4173, .T. ) ;
#1752 = DIRECTION ( 'NONE',  ( -9.637352644315561223E-16, 0.000000000000000000, 1.000000000000000000 ) ) ;
#1753 = AXIS2_PLACEMENT_3D ( 'NONE', #2391, #208, #3362 ) ;
#1754 = DIRECTION ( 'NONE',  ( 5.421010862427514281E-16, -0.000000000000000000, 1.000000000000000000 ) ) ;
#1755 = EDGE_LOOP ( 'NONE', ( #2439, #1436, #667, #1439 ) ) ;
#1756 = CARTESIAN_POINT ( 'NONE',  ( 0.5499999999999997113, 0.1000000000000000472, 1.250000000000000222 ) ) ;
#1757 = DIRECTION ( 'NONE',  ( 0.000000000000000000, -1.000000000000000000, 0.000000000000000000 ) ) ;
#1758 = EDGE_LOOP ( 'NONE', ( #1687, #2321 ) ) ;
#1759 = CARTESIAN_POINT ( 'NONE',  ( -0.7657500870170551588, 1.000000000000000000, -0.9529334416212273950 ) ) ;
#1760 = UNCERTAINTY_MEASURE_WITH_UNIT (LENGTH_MEASURE( 1.000000000000000082E-05 ), #3293, 'distance_accuracy_value', 'NONE');
#1761 = STYLED_ITEM ( 'NONE', ( #83 ), #526 ) ;
#1762 = EDGE_LOOP ( 'NONE', ( #361, #4478, #2398, #752 ) ) ;
#1763 = FACE_OUTER_BOUND ( 'NONE', #959, .T. ) ;
#1764 = PRESENTATION_STYLE_ASSIGNMENT (( #742 ) ) ;
#1765 = CARTESIAN_POINT ( 'NONE',  ( -1.100000000000000311, 0.1000000000000000056, 0.6250000000000000000 ) ) ;
#1766 = VERTEX_POINT ( 'NONE', #3822 ) ;
#1767 = CARTESIAN_POINT ( 'NONE',  ( -0.6999999999999998446, 0.9860022573334675799, -0.8749999999999995559 ) ) ;
#1768 = FILL_AREA_STYLE_COLOUR ( '', #4092 ) ;
#1769 = DIRECTION ( 'NONE',  ( 1.000000000000000000, 0.000000000000000000, 0.000000000000000000 ) ) ;
#1770 = VECTOR ( 'NONE', #1145, 1000.000000000000000 ) ;
#1771 = DIRECTION ( 'NONE',  ( -0.000000000000000000, -1.000000000000000000, -0.000000000000000000 ) ) ;
#1772 = CARTESIAN_POINT ( 'NONE',  ( 0.000000000000000000, 0.1000000000000000056, 0.000000000000000000 ) ) ;
#1773 = EDGE_CURVE ( 'NONE', #802, #4494, #3471, .T. ) ;
#1774 = FILL_AREA_STYLE_COLOUR ( '', #554 ) ;
#1775 = VERTEX_POINT ( 'NONE', #1030 ) ;
#1776 = CARTESIAN_POINT ( 'NONE',  ( 0.000000000000000000, 0.05000000000000000278, 0.6500000000000004663 ) ) ;
#1777 = ORIENTED_EDGE ( 'NONE', *, *, #4074, .T. ) ;
#1778 = CARTESIAN_POINT ( 'NONE',  ( -0.5499999999999999334, 0.9860022573334675799, -1.024999999999999467 ) ) ;
#1779 = EDGE_CURVE ( 'NONE', #1489, #2498, #376, .T. ) ;
#1780 = VERTEX_POINT ( 'NONE', #4194 ) ;
#1781 = DIRECTION ( 'NONE',  ( 0.000000000000000000, 0.000000000000000000, 1.000000000000000000 ) ) ;
#1782 = VECTOR ( 'NONE', #1642, 1000.000000000000000 ) ;
#1783 = DIRECTION ( 'NONE',  ( 0.000000000000000000, 1.000000000000000000, -0.000000000000000000 ) ) ;
#1784 = ORIENTED_EDGE ( 'NONE', *, *, #3487, .F. ) ;
#1785 = CARTESIAN_POINT ( 'NONE',  ( 0.1250000000000000000, 0.000000000000000000, 0.6500000000000004663 ) ) ;
#1786 = DIRECTION ( 'NONE',  ( 0.000000000000000000, 1.000000000000000000, 0.000000000000000000 ) ) ;
#1787 = ORIENTED_EDGE ( 'NONE', *, *, #3187, .F. ) ;
#1788 = DIRECTION ( 'NONE',  ( 0.000000000000000000, -1.000000000000000000, 0.000000000000000000 ) ) ;
#1789 = CARTESIAN_POINT ( 'NONE',  ( -0.9500000000000002887, 0.000000000000000000, -1.250000000000000444 ) ) ;
#1790 = CARTESIAN_POINT ( 'NONE',  ( -0.9500000000000002887, 0.1000000000000000056, -1.100000000000000755 ) ) ;
#1791 = ORIENTED_EDGE ( 'NONE', *, *, #1748, .F. ) ;
#1792 = LINE ( 'NONE', #2522, #1732 ) ;
#1793 = VERTEX_POINT ( 'NONE', #2855 ) ;
#1794 = DIRECTION ( 'NONE',  ( 1.000000000000000000, -0.000000000000000000, 0.000000000000000000 ) ) ;
#1795 = CARTESIAN_POINT ( 'NONE',  ( -1.100000000000000311, 0.1000000000000000056, -1.100000000000000755 ) ) ;
#1796 = VECTOR ( 'NONE', #669, 1000.000000000000000 ) ;
#1797 = ORIENTED_EDGE ( 'NONE', *, *, #2515, .T. ) ;
#1798 = FACE_OUTER_BOUND ( 'NONE', #1390, .T. ) ;
#1799 = VECTOR ( 'NONE', #1093, 1000.000000000000000 ) ;
#1800 = AXIS2_PLACEMENT_3D ( 'NONE', #2081, #3411, #4119 ) ;
#1801 = VERTEX_POINT ( 'NONE', #3538 ) ;
#1802 = ORIENTED_EDGE ( 'NONE', *, *, #2988, .F. ) ;
#1803 = PLANE ( 'NONE',  #747 ) ;
#1804 = EDGE_CURVE ( 'NONE', #3497, #1676, #2095, .T. ) ;
#1805 = EDGE_CURVE ( 'NONE', #3392, #3809, #3173, .T. ) ;
#1806 = DIRECTION ( 'NONE',  ( 0.000000000000000000, -1.000000000000000000, 0.000000000000000000 ) ) ;
#1807 = ORIENTED_EDGE ( 'NONE', *, *, #340, .F. ) ;
#1808 = DIRECTION ( 'NONE',  ( 1.000000000000000000, -0.000000000000000000, 0.000000000000000000 ) ) ;
#1809 = FILL_AREA_STYLE ('',( #1768 ) ) ;
#1810 = VERTEX_POINT ( 'NONE', #1789 ) ;
#1811 = ORIENTED_EDGE ( 'NONE', *, *, #2114, .T. ) ;
#1812 = CARTESIAN_POINT ( 'NONE',  ( 0.2500000000000002776, 0.1000000000000000472, -0.3749999999999999445 ) ) ;
#1813 = CYLINDRICAL_SURFACE ( 'NONE', #2639, 0.1250000000000001110 ) ;
#1814 = AXIS2_PLACEMENT_3D ( 'NONE', #1884, #2215, #1859 ) ;
#1815 = DIRECTION ( 'NONE',  ( 1.000000000000000000, 0.000000000000000000, 0.000000000000000000 ) ) ;
#1816 = ORIENTED_EDGE ( 'NONE', *, *, #366, .F. ) ;
#1817 = EDGE_CURVE ( 'NONE', #1869, #3447, #1417, .T. ) ;
#1818 = ORIENTED_EDGE ( 'NONE', *, *, #1257, .T. ) ;
#1819 = ORIENTED_EDGE ( 'NONE', *, *, #3187, .T. ) ;
#1820 = DIRECTION ( 'NONE',  ( 0.000000000000000000, 0.000000000000000000, 1.000000000000000000 ) ) ;
#1821 = CARTESIAN_POINT ( 'NONE',  ( -0.8250000000000020650, 0.1000000000000000056, -0.1250000000000000000 ) ) ;
#1822 = EDGE_LOOP ( 'NONE', ( #4548, #896, #359, #2923 ) ) ;
#1823 = CARTESIAN_POINT ( 'NONE',  ( -1.100000000000000311, 0.9860022573334675799, -0.8749999999999994449 ) ) ;
#1824 = VECTOR ( 'NONE', #2624, 1000.000000000000000 ) ;
#1825 = ORIENTED_EDGE ( 'NONE', *, *, #1664, .T. ) ;
#1826 = DIRECTION ( 'NONE',  ( 9.637352644315561223E-16, 0.000000000000000000, -1.000000000000000000 ) ) ;
#1827 = CYLINDRICAL_SURFACE ( 'NONE', #496, 0.1269140061042962064 ) ;
#1828 = AXIS2_PLACEMENT_3D ( 'NONE', #2509, #3798, #48 ) ;
#1829 = EDGE_CURVE ( 'NONE', #1363, #2848, #3904, .T. ) ;
#1830 = PLANE ( 'NONE',  #3107 ) ;
#1831 = FACE_OUTER_BOUND ( 'NONE', #1469, .T. ) ;
#1832 = ORIENTED_EDGE ( 'NONE', *, *, #2581, .F. ) ;
#1833 = DIRECTION ( 'NONE',  ( 0.000000000000000000, 0.000000000000000000, -1.000000000000000000 ) ) ;
#1834 = EDGE_CURVE ( 'NONE', #3225, #3558, #3860, .T. ) ;
#1835 = ORIENTED_EDGE ( 'NONE', *, *, #1487, .T. ) ;
#1836 = DIRECTION ( 'NONE',  ( -0.000000000000000000, -1.000000000000000000, -0.000000000000000000 ) ) ;
#1837 = CARTESIAN_POINT ( 'NONE',  ( 0.8250000000000002887, 0.1000000000000000056, 0.3750000000000000000 ) ) ;
#1838 = DIRECTION ( 'NONE',  ( 0.000000000000000000, -1.000000000000000000, 0.000000000000000000 ) ) ;
#1839 = VECTOR ( 'NONE', #308, 1000.000000000000000 ) ;
#1840 = ORIENTED_EDGE ( 'NONE', *, *, #2851, .T. ) ;
#1841 = SURFACE_STYLE_USAGE ( .BOTH. , #404 ) ;
#1842 = ORIENTED_EDGE ( 'NONE', *, *, #1232, .T. ) ;
#1843 = CARTESIAN_POINT ( 'NONE',  ( 1.100000000000000311, 0.05000000000000000278, -0.3749999999999998890 ) ) ;
#1844 = ORIENTED_EDGE ( 'NONE', *, *, #540, .F. ) ;
#1845 = CARTESIAN_POINT ( 'NONE',  ( -1.100000000000000311, 0.000000000000000000, 0.6250000000000000000 ) ) ;
#1846 = AXIS2_PLACEMENT_3D ( 'NONE', #3956, #2221, #1007 ) ;
#1847 = ORIENTED_EDGE ( 'NONE', *, *, #1181, .F. ) ;
#1848 = AXIS2_PLACEMENT_3D ( 'NONE', #1293, #4098, #2006 ) ;
#1849 = VECTOR ( 'NONE', #1229, 1000.000000000000000 ) ;
#1850 = DIRECTION ( 'NONE',  ( -0.000000000000000000, -1.000000000000000000, -0.000000000000000000 ) ) ;
#1851 = LINE ( 'NONE', #883, #1527 ) ;
#1852 = CLOSED_SHELL ( 'NONE', ( #559, #1215, #1691, #525, #513, #3883 ) ) ;
#1853 = ORIENTED_EDGE ( 'NONE', *, *, #3529, .F. ) ;
#1854 = CARTESIAN_POINT ( 'NONE',  ( -0.2500000000000002776, 0.9860022573334675799, -0.3749999999999999445 ) ) ;
#1855 = ORIENTED_EDGE ( 'NONE', *, *, #2690, .F. ) ;
#1856 = PRESENTATION_STYLE_ASSIGNMENT (( #838 ) ) ;
#1857 = ORIENTED_EDGE ( 'NONE', *, *, #1618, .T. ) ;
#1858 = FACE_OUTER_BOUND ( 'NONE', #2263, .T. ) ;
#1859 = DIRECTION ( 'NONE',  ( 1.000000000000000000, 0.000000000000000000, -0.000000000000000000 ) ) ;
#1860 = ADVANCED_FACE ( 'NONE', ( #3197 ), #33, .T. ) ;
#1861 = DIRECTION ( 'NONE',  ( -1.000000000000000000, 0.000000000000000000, 0.000000000000000000 ) ) ;
#1862 = ORIENTED_EDGE ( 'NONE', *, *, #788, .F. ) ;
#1863 = CARTESIAN_POINT ( 'NONE',  ( -1.100000000000000311, 0.9860022573334675799, 0.3750000000000000000 ) ) ;
#1864 = ORIENTED_EDGE ( 'NONE', *, *, #583, .F. ) ;
#1865 = ADVANCED_FACE ( 'NONE', ( #1441 ), #1008, .T. ) ;
#1866 = ADVANCED_FACE ( 'NONE', ( #1723 ), #1078, .T. ) ;
#1867 = CARTESIAN_POINT ( 'NONE',  ( 1.100000000000002087, 0.000000000000000000, -0.1250000000000000000 ) ) ;
#1868 = FACE_OUTER_BOUND ( 'NONE', #3816, .T. ) ;
#1869 = VERTEX_POINT ( 'NONE', #3583 ) ;
#1870 = LINE ( 'NONE', #1177, #2406 ) ;
#1871 = VERTEX_POINT ( 'NONE', #1169 ) ;
#1872 = CARTESIAN_POINT ( 'NONE',  ( 0.9500000000000002887, 0.000000000000000000, -1.250000000000000444 ) ) ;
#1873 = DIRECTION ( 'NONE',  ( -1.000000000000000000, 0.000000000000000000, 0.000000000000000000 ) ) ;
#1874 = CIRCLE ( 'NONE', #3344, 0.1250000000000000000 ) ;
#1875 = VECTOR ( 'NONE', #3913, 1000.000000000000000 ) ;
#1876 = VERTEX_POINT ( 'NONE', #1535 ) ;
#1877 = FACE_OUTER_BOUND ( 'NONE', #2610, .T. ) ;
#1878 = DIRECTION ( 'NONE',  ( 1.000000000000000000, 0.000000000000000000, -3.942553354492739094E-16 ) ) ;
#1879 = AXIS2_PLACEMENT_3D ( 'NONE', #776, #2194, #3585 ) ;
#1880 = ORIENTED_EDGE ( 'NONE', *, *, #2437, .T. ) ;
#1881 = DIRECTION ( 'NONE',  ( 1.000000000000000000, -0.000000000000000000, -9.856383386231857595E-17 ) ) ;
#1882 = VERTEX_POINT ( 'NONE', #1837 ) ;
#1883 = PLANE ( 'NONE',  #148 ) ;
#1884 = CARTESIAN_POINT ( 'NONE',  ( 1.099999999999999867, 5.330165161069341906, -1.249999999999999778 ) ) ;
#1885 = CARTESIAN_POINT ( 'NONE',  ( 0.8250000000000019540, 0.1000000000000000472, 0.1250000000000000000 ) ) ;
#1886 = EDGE_CURVE ( 'NONE', #4494, #3248, #4265, .T. ) ;
#1887 = EDGE_CURVE ( 'NONE', #3932, #422, #4367, .T. ) ;
#1888 = EDGE_LOOP ( 'NONE', ( #3899, #87, #1903, #1341 ) ) ;
#1889 = VECTOR ( 'NONE', #2894, 1000.000000000000000 ) ;
#1890 =( LENGTH_UNIT ( ) NAMED_UNIT ( * ) SI_UNIT ( .MILLI., .METRE. ) );
#1891 = CARTESIAN_POINT ( 'NONE',  ( 0.9500000000000002887, 0.9860022573334675799, -1.100000000000000755 ) ) ;
#1892 = CARTESIAN_POINT ( 'NONE',  ( 0.2500000000000003331, 0.1000000000000000056, -0.6250000000000003331 ) ) ;
#1893 = ORIENTED_EDGE ( 'NONE', *, *, #4024, .T. ) ;
#1894 = DIRECTION ( 'NONE',  ( 2.168404344971005417E-16, 0.000000000000000000, 1.000000000000000000 ) ) ;
#1895 = MECHANICAL_DESIGN_GEOMETRIC_PRESENTATION_REPRESENTATION (  '', ( #936 ), #3144 ) ;
#1896 = EDGE_CURVE ( 'NONE', #1292, #1130, #2565, .T. ) ;
#1897 = CARTESIAN_POINT ( 'NONE',  ( -0.8250000000000020650, 0.1000000000000000056, 0.000000000000000000 ) ) ;
#1898 = CARTESIAN_POINT ( 'NONE',  ( 0.9500000000000002887, 0.05000000000000000278, 0.000000000000000000 ) ) ;
#1899 = CIRCLE ( 'NONE', #4164, 0.1250000000000001110 ) ;
#1900 = VERTEX_POINT ( 'NONE', #2588 ) ;
#1901 = DIRECTION ( 'NONE',  ( -1.000000000000000000, 0.000000000000000000, 0.000000000000000000 ) ) ;
#1902 = CARTESIAN_POINT ( 'NONE',  ( -1.100000000000000311, 0.05000000000000000278, 1.250000000000000444 ) ) ;
#1903 = ORIENTED_EDGE ( 'NONE', *, *, #2763, .T. ) ;
#1904 = DIRECTION ( 'NONE',  ( -1.000000000000000000, 0.000000000000000000, -0.000000000000000000 ) ) ;
#1905 = EDGE_CURVE ( 'NONE', #1801, #457, #424, .T. ) ;
#1906 = ORIENTED_EDGE ( 'NONE', *, *, #1097, .F. ) ;
#1907 = CARTESIAN_POINT ( 'NONE',  ( -0.5499999999999997113, 0.9860022573334675799, -1.250000000000000222 ) ) ;
#1908 = SURFACE_STYLE_USAGE ( .BOTH. , #499 ) ;
#1909 = CARTESIAN_POINT ( 'NONE',  ( -0.5499999999999997113, 0.05000000000000000278, 0.000000000000000000 ) ) ;
#1910 = VERTEX_POINT ( 'NONE', #402 ) ;
#1911 = EDGE_LOOP ( 'NONE', ( #1270, #1545, #2481, #3827 ) ) ;
#1912 = DIRECTION ( 'NONE',  ( 0.000000000000000000, 1.000000000000000000, 0.000000000000000000 ) ) ;
#1913 = CARTESIAN_POINT ( 'NONE',  ( 0.5499999999999997113, 0.9860022573334675799, 1.250000000000000222 ) ) ;
#1914 = VERTEX_POINT ( 'NONE', #3288 ) ;
#1915 = CARTESIAN_POINT ( 'NONE',  ( 0.000000000000000000, 0.1000000000000000056, 0.000000000000000000 ) ) ;
#1916 = EDGE_CURVE ( 'NONE', #1313, #2717, #3971, .T. ) ;
#1917 = VECTOR ( 'NONE', #615, 1000.000000000000000 ) ;
#1918 = DIRECTION ( 'NONE',  ( -0.000000000000000000, -1.000000000000000000, -0.000000000000000000 ) ) ;
#1919 = DIRECTION ( 'NONE',  ( 0.000000000000000000, 1.000000000000000000, 0.000000000000000000 ) ) ;
#1920 = AXIS2_PLACEMENT_3D ( 'NONE', #375, #3129, #3903 ) ;
#1921 = EDGE_CURVE ( 'NONE', #825, #3924, #3994, .T. ) ;
#1922 = ORIENTED_EDGE ( 'NONE', *, *, #4120, .F. ) ;
#1923 = CARTESIAN_POINT ( 'NONE',  ( 1.100000000000000311, 0.05000000000000000278, -1.100000000000000755 ) ) ;
#1924 = DIRECTION ( 'NONE',  ( 0.000000000000000000, -1.000000000000000000, 0.000000000000000000 ) ) ;
#1925 = DIRECTION ( 'NONE',  ( 1.000000000000000000, 0.000000000000000000, 0.000000000000000000 ) ) ;
#1926 = CARTESIAN_POINT ( 'NONE',  ( -0.2500000000000003331, 0.9860022573334675799, -0.6250000000000003331 ) ) ;
#1927 = VERTEX_POINT ( 'NONE', #79 ) ;
#1928 = FACE_OUTER_BOUND ( 'NONE', #521, .T. ) ;
#1929 = DIRECTION ( 'NONE',  ( -0.000000000000000000, -0.000000000000000000, 1.000000000000000000 ) ) ;
#1930 = AXIS2_PLACEMENT_3D ( 'NONE', #4103, #1020, #2440 ) ;
#1931 = ORIENTED_EDGE ( 'NONE', *, *, #2786, .F. ) ;
#1932 = DIRECTION ( 'NONE',  ( 0.000000000000000000, -1.000000000000000000, 0.000000000000000000 ) ) ;
#1933 = DIRECTION ( 'NONE',  ( 2.168404344971005417E-16, 0.000000000000000000, -1.000000000000000000 ) ) ;
#1934 = FACE_OUTER_BOUND ( 'NONE', #113, .T. ) ;
#1935 = LINE ( 'NONE', #807, #395 ) ;
#1936 = LINE ( 'NONE', #4279, #3734 ) ;
#1937 = LINE ( 'NONE', #2664, #2427 ) ;
#1938 = ORIENTED_EDGE ( 'NONE', *, *, #1999, .T. ) ;
#1939 = ADVANCED_FACE ( 'NONE', ( #775 ), #1813, .T. ) ;
#1940 = COLOUR_RGB ( '',0.7960784313725489669, 0.8235294117647058432, 0.9372549019607843146 ) ;
#1941 = ADVANCED_FACE ( 'NONE', ( #4343 ), #3926, .F. ) ;
#1942 = CARTESIAN_POINT ( 'NONE',  ( 1.100000000000000311, 0.1000000000000000056, 1.100000000000000755 ) ) ;
#1943 = CARTESIAN_POINT ( 'NONE',  ( -1.100000000000002087, 0.9860022573334675799, 0.1250000000000000000 ) ) ;
#1944 = VECTOR ( 'NONE', #4415, 1000.000000000000000 ) ;
#1945 = ADVANCED_FACE ( 'NONE', ( #4019 ), #2192, .F. ) ;
#1946 = AXIS2_PLACEMENT_3D ( 'NONE', #3533, #1783, #3188 ) ;
#1947 = VECTOR ( 'NONE', #783, 1000.000000000000000 ) ;
#1948 = VECTOR ( 'NONE', #3498, 1000.000000000000000 ) ;
#1949 = FACE_OUTER_BOUND ( 'NONE', #1758, .T. ) ;
#1950 = ORIENTED_EDGE ( 'NONE', *, *, #2524, .F. ) ;
#1951 = LINE ( 'NONE', #3100, #3895 ) ;
#1952 =( NAMED_UNIT ( * ) PLANE_ANGLE_UNIT ( ) SI_UNIT ( $, .RADIAN. ) );
#1953 = LINE ( 'NONE', #895, #98 ) ;
#1954 = ORIENTED_EDGE ( 'NONE', *, *, #3269, .T. ) ;
#1955 =( NAMED_UNIT ( * ) PLANE_ANGLE_UNIT ( ) SI_UNIT ( $, .RADIAN. ) );
#1956 = PLANE ( 'NONE',  #1256 ) ;
#1957 = DIRECTION ( 'NONE',  ( 0.000000000000000000, -1.000000000000000000, 0.000000000000000000 ) ) ;
#1958 = DIRECTION ( 'NONE',  ( 0.000000000000000000, 0.000000000000000000, -1.000000000000000000 ) ) ;
#1959 = ORIENTED_EDGE ( 'NONE', *, *, #881, .F. ) ;
#1960 = ORIENTED_EDGE ( 'NONE', *, *, #3299, .F. ) ;
#1961 = DIRECTION ( 'NONE',  ( 1.000000000000000000, -0.000000000000000000, 3.942553354492739094E-16 ) ) ;
#1962 = PLANE ( 'NONE',  #1753 ) ;
#1963 = ORIENTED_EDGE ( 'NONE', *, *, #1548, .F. ) ;
#1964 = LINE ( 'NONE', #1254, #374 ) ;
#1965 = DIRECTION ( 'NONE',  ( 0.000000000000000000, -0.000000000000000000, -1.000000000000000000 ) ) ;
#1966 = EDGE_CURVE ( 'NONE', #2044, #3879, #2612, .T. ) ;
#1967 = LINE ( 'NONE', #1645, #393 ) ;
#1968 = VERTEX_POINT ( 'NONE', #3311 ) ;
#1969 = CARTESIAN_POINT ( 'NONE',  ( -0.7657500870170551588, 0.9000000000000000222, -0.9529334416212273950 ) ) ;
#1970 = CARTESIAN_POINT ( 'NONE',  ( 0.1249999999999998890, 0.1000000000000000056, -1.249999999999999778 ) ) ;
#1971 = ADVANCED_FACE ( 'NONE', ( #2925 ), #2634, .F. ) ;
#1972 = ORIENTED_EDGE ( 'NONE', *, *, #46, .F. ) ;
#1973 = ORIENTED_EDGE ( 'NONE', *, *, #1405, .T. ) ;
#1974 = SURFACE_SIDE_STYLE ('',( #3736 ) ) ;
#1975 = DIRECTION ( 'NONE',  ( -3.826595902890015736E-16, 0.000000000000000000, 1.000000000000000000 ) ) ;
#1976 = DIRECTION ( 'NONE',  ( -0.000000000000000000, -1.000000000000000000, -0.000000000000000000 ) ) ;
#1977 = LINE ( 'NONE', #2342, #1651 ) ;
#1978 = CARTESIAN_POINT ( 'NONE',  ( -0.1250000000000000555, 0.1000000000000000472, 1.250000000000000444 ) ) ;
#1979 = ORIENTED_EDGE ( 'NONE', *, *, #2844, .T. ) ;
#1980 = CARTESIAN_POINT ( 'NONE',  ( 1.100000000000000311, 0.000000000000000000, 0.3750000000000000000 ) ) ;
#1981 = VERTEX_POINT ( 'NONE', #2972 ) ;
#1982 = CARTESIAN_POINT ( 'NONE',  ( 0.000000000000000000, 0.1000000000000000056, -0.9749999999999997558 ) ) ;
#1983 = MANIFOLD_SOLID_BREP ( 'Boss-Extrude3[9]', #324 ) ;
#1984 = ORIENTED_EDGE ( 'NONE', *, *, #4261, .T. ) ;
#1985 = AXIS2_PLACEMENT_3D ( 'NONE', #286, #2403, #3752 ) ;
#1986 = CARTESIAN_POINT ( 'NONE',  ( -0.5499999999999997113, 0.000000000000000000, 0.8749999999999996669 ) ) ;
#1987 =( LENGTH_UNIT ( ) NAMED_UNIT ( * ) SI_UNIT ( .MILLI., .METRE. ) );
#1988 = VERTEX_POINT ( 'NONE', #3425 ) ;
#1989 = CARTESIAN_POINT ( 'NONE',  ( -0.7657500870170551588, 0.9000000000000000222, -0.9529334416212273950 ) ) ;
#1990 = ORIENTED_EDGE ( 'NONE', *, *, #2993, .F. ) ;
#1991 = CARTESIAN_POINT ( 'NONE',  ( -1.100000000000000311, 0.9860022573334675799, -0.8749999999999994449 ) ) ;
#1992 = DIRECTION ( 'NONE',  ( 0.000000000000000000, 0.000000000000000000, 1.000000000000000000 ) ) ;
#1993 = CARTESIAN_POINT ( 'NONE',  ( -1.100000000000000311, 5.330165161069341906, 1.250000000000000444 ) ) ;
#1994 = EDGE_LOOP ( 'NONE', ( #3215, #2357, #3463, #14 ) ) ;
#1995 = VERTEX_POINT ( 'NONE', #194 ) ;
#1996 = LINE ( 'NONE', #3777, #2285 ) ;
#1997 = EDGE_CURVE ( 'NONE', #2092, #3257, #822, .T. ) ;
#1998 = DIRECTION ( 'NONE',  ( 0.000000000000000000, 0.000000000000000000, 1.000000000000000000 ) ) ;
#1999 = EDGE_CURVE ( 'NONE', #1624, #2445, #568, .T. ) ;
#2000 = CARTESIAN_POINT ( 'NONE',  ( -1.100000000000000311, 0.05000000000000000278, 1.250000000000000444 ) ) ;
#2001 = APPLICATION_CONTEXT ( 'automotive_design' ) ;
#2002 = FACE_OUTER_BOUND ( 'NONE', #1298, .T. ) ;
#2003 = VECTOR ( 'NONE', #4563, 1000.000000000000000 ) ;
#2004 = EDGE_CURVE ( 'NONE', #1200, #1720, #4059, .T. ) ;
#2005 = ORIENTED_EDGE ( 'NONE', *, *, #1702, .T. ) ;
#2006 = DIRECTION ( 'NONE',  ( 1.000000000000000000, 0.000000000000000000, -0.000000000000000000 ) ) ;
#2007 = EDGE_LOOP ( 'NONE', ( #288, #433, #3319, #1488 ) ) ;
#2008 = CARTESIAN_POINT ( 'NONE',  ( -1.100000000000000311, 0.9860022573334675799, -1.100000000000000755 ) ) ;
#2009 = ORIENTED_EDGE ( 'NONE', *, *, #2690, .T. ) ;
#2010 = DIRECTION ( 'NONE',  ( -0.7071067811865479058, 0.000000000000000000, 0.7071067811865472397 ) ) ;
#2011 = VERTEX_POINT ( 'NONE', #3372 ) ;
#2012 = DIRECTION ( 'NONE',  ( 0.000000000000000000, 1.000000000000000000, 0.000000000000000000 ) ) ;
#2013 = PLANE ( 'NONE',  #1432 ) ;
#2014 = ORIENTED_EDGE ( 'NONE', *, *, #988, .F. ) ;
#2015 = CARTESIAN_POINT ( 'NONE',  ( 1.100000000000000311, 0.1000000000000000056, -0.8749999999999994449 ) ) ;
#2016 = VECTOR ( 'NONE', #4045, 1000.000000000000000 ) ;
#2017 = ORIENTED_EDGE ( 'NONE', *, *, #1834, .T. ) ;
#2018 = ORIENTED_EDGE ( 'NONE', *, *, #2938, .T. ) ;
#2019 = CARTESIAN_POINT ( 'NONE',  ( 0.2500000000000003331, 0.1000000000000000056, -0.6250000000000003331 ) ) ;
#2020 = DIRECTION ( 'NONE',  ( -1.807003620809174139E-16, -0.000000000000000000, -1.000000000000000000 ) ) ;
#2021 = VECTOR ( 'NONE', #2444, 1000.000000000000000 ) ;
#2022 = VECTOR ( 'NONE', #4005, 1000.000000000000000 ) ;
#2023 = PLANE ( 'NONE',  #872 ) ;
#2024 = ORIENTED_EDGE ( 'NONE', *, *, #221, .F. ) ;
#2025 = DIRECTION ( 'NONE',  ( -1.000000000000000000, 0.000000000000000000, 6.899468370362299330E-16 ) ) ;
#2026 = CARTESIAN_POINT ( 'NONE',  ( -1.100000000000000311, 0.1000000000000000056, 0.3750000000000000000 ) ) ;
#2027 = VECTOR ( 'NONE', #3494, 1000.000000000000000 ) ;
#2028 = CARTESIAN_POINT ( 'NONE',  ( -1.100000000000000311, 0.1000000000000000472, 1.100000000000000755 ) ) ;
#2029 = EDGE_CURVE ( 'NONE', #4157, #3432, #4038, .T. ) ;
#2030 = EDGE_CURVE ( 'NONE', #2936, #1318, #1307, .T. ) ;
#2031 = LINE ( 'NONE', #2318, #1520 ) ;
#2032 = DIRECTION ( 'NONE',  ( 3.826595902890015736E-16, -0.000000000000000000, 1.000000000000000000 ) ) ;
#2033 = ORIENTED_EDGE ( 'NONE', *, *, #4120, .T. ) ;
#2034 = DIRECTION ( 'NONE',  ( 1.000000000000000000, -0.000000000000000000, -5.421010862427514281E-16 ) ) ;
#2035 = EDGE_CURVE ( 'NONE', #1505, #331, #2380, .T. ) ;
#2036 = EDGE_CURVE ( 'NONE', #3171, #2900, #265, .T. ) ;
#2037 = ORIENTED_EDGE ( 'NONE', *, *, #4552, .T. ) ;
#2038 = DIRECTION ( 'NONE',  ( 3.942553354492739094E-16, 0.000000000000000000, 1.000000000000000000 ) ) ;
#2039 = PRESENTATION_STYLE_ASSIGNMENT (( #1084 ) ) ;
#2040 = VECTOR ( 'NONE', #1649, 1000.000000000000000 ) ;
#2041 = ORIENTED_EDGE ( 'NONE', *, *, #2395, .T. ) ;
#2042 = CARTESIAN_POINT ( 'NONE',  ( -0.8250000000000002887, 0.1000000000000000056, 0.3750000000000000000 ) ) ;
#2043 = ORIENTED_EDGE ( 'NONE', *, *, #3529, .T. ) ;
#2044 = VERTEX_POINT ( 'NONE', #172 ) ;
#2045 = DIRECTION ( 'NONE',  ( -0.000000000000000000, 1.000000000000000000, -0.000000000000000000 ) ) ;
#2046 = EDGE_CURVE ( 'NONE', #2848, #929, #2307, .T. ) ;
#2047 = VECTOR ( 'NONE', #1594, 1000.000000000000000 ) ;
#2048 = ORIENTED_EDGE ( 'NONE', *, *, #190, .T. ) ;
#2049 = ORIENTED_EDGE ( 'NONE', *, *, #1586, .T. ) ;
#2050 = CARTESIAN_POINT ( 'NONE',  ( 0.8250000000000002887, 0.000000000000000000, 0.5000000000000000000 ) ) ;
#2051 = FACE_OUTER_BOUND ( 'NONE', #3026, .T. ) ;
#2052 = CARTESIAN_POINT ( 'NONE',  ( -0.1250000000000000000, 0.1000000000000000056, 1.250000000000000444 ) ) ;
#2053 = MANIFOLD_SOLID_BREP ( 'Cut-Extrude2', #1039 ) ;
#2054 = VERTEX_POINT ( 'NONE', #1280 ) ;
#2055 = LINE ( 'NONE', #3408, #670 ) ;
#2056 = FACE_OUTER_BOUND ( 'NONE', #3001, .T. ) ;
#2057 = ORIENTED_EDGE ( 'NONE', *, *, #3991, .T. ) ;
#2058 = PRODUCT_DEFINITION ( 'UNKNOWN', '', #246, #2129 ) ;
#2059 = CYLINDRICAL_SURFACE ( 'NONE', #1579, 0.1250000000000001110 ) ;
#2060 = EDGE_LOOP ( 'NONE', ( #587, #4097, #549, #2392 ) ) ;
#2061 = DIRECTION ( 'NONE',  ( 0.000000000000000000, 0.000000000000000000, -1.000000000000000000 ) ) ;
#2062 = LINE ( 'NONE', #301, #2329 ) ;
#2063 = ADVANCED_FACE ( 'NONE', ( #2697 ), #4086, .F. ) ;
#2064 = EDGE_CURVE ( 'NONE', #1793, #16, #3396, .T. ) ;
#2065 = VECTOR ( 'NONE', #312, 1000.000000000000000 ) ;
#2066 = ADVANCED_FACE ( 'NONE', ( #3057 ), #2404, .F. ) ;
#2067 = FACE_OUTER_BOUND ( 'NONE', #862, .T. ) ;
#2068 = VERTEX_POINT ( 'NONE', #3818 ) ;
#2069 = CARTESIAN_POINT ( 'NONE',  ( 1.099999999999999867, 0.05000000000000000278, 1.250000000000000222 ) ) ;
#2070 =( NAMED_UNIT ( * ) SI_UNIT ( $, .STERADIAN. ) SOLID_ANGLE_UNIT ( ) );
#2071 = VECTOR ( 'NONE', #504, 1000.000000000000000 ) ;
#2072 = VERTEX_POINT ( 'NONE', #1414 ) ;
#2073 = LINE ( 'NONE', #2517, #218 ) ;
#2074 = LINE ( 'NONE', #1704, #991 ) ;
#2075 = DIRECTION ( 'NONE',  ( 1.000000000000000000, 0.000000000000000000, 6.377659838150026227E-17 ) ) ;
#2076 = ADVANCED_FACE ( 'NONE', ( #2823 ), #1718, .F. ) ;
#2077 = ORIENTED_EDGE ( 'NONE', *, *, #2355, .T. ) ;
#2078 = LINE ( 'NONE', #3203, #3346 ) ;
#2079 = FACE_OUTER_BOUND ( 'NONE', #1326, .T. ) ;
#2080 = EDGE_LOOP ( 'NONE', ( #2569, #136, #4102, #2394 ) ) ;
#2081 = CARTESIAN_POINT ( 'NONE',  ( 0.9500000000000002887, 0.9860022573334675799, -1.250000000000000444 ) ) ;
#2082 = MANIFOLD_SOLID_BREP ( 'Boss-Extrude3[4]', #4518 ) ;
#2083 = EDGE_LOOP ( 'NONE', ( #3865, #2572, #4541, #2289 ) ) ;
#2084 = DIRECTION ( 'NONE',  ( -1.000000000000000000, 0.000000000000000000, -0.000000000000000000 ) ) ;
#2085 = EDGE_CURVE ( 'NONE', #614, #820, #3065, .T. ) ;
#2086 = EDGE_CURVE ( 'NONE', #2809, #885, #3191, .T. ) ;
#2087 = EDGE_LOOP ( 'NONE', ( #490, #1954, #405, #725 ) ) ;
#2088 = LINE ( 'NONE', #1765, #179 ) ;
#2089 = ORIENTED_EDGE ( 'NONE', *, *, #3673, .F. ) ;
#2090 = DIRECTION ( 'NONE',  ( -0.000000000000000000, -1.000000000000000000, -0.000000000000000000 ) ) ;
#2091 = LINE ( 'NONE', #3486, #3289 ) ;
#2092 = VERTEX_POINT ( 'NONE', #29 ) ;
#2093 = VERTEX_POINT ( 'NONE', #1438 ) ;
#2094 = PLANE ( 'NONE',  #4113 ) ;
#2095 = LINE ( 'NONE', #3493, #1006 ) ;
#2096 = DIRECTION ( 'NONE',  ( 0.000000000000000000, 1.000000000000000000, 0.000000000000000000 ) ) ;
#2097 = VECTOR ( 'NONE', #1137, 1000.000000000000000 ) ;
#2098 = VECTOR ( 'NONE', #3297, 1000.000000000000000 ) ;
#2099 = MANIFOLD_SOLID_BREP ( 'Boss-Extrude3[3]', #2550 ) ;
#2100 = ORIENTED_EDGE ( 'NONE', *, *, #4074, .F. ) ;
#2101 = VECTOR ( 'NONE', #8, 1000.000000000000000 ) ;
#2102 = CARTESIAN_POINT ( 'NONE',  ( 0.9500000000000002887, 0.000000000000000000, -1.250000000000000444 ) ) ;
#2103 = LINE ( 'NONE', #3178, #1135 ) ;
#2104 = ORIENTED_EDGE ( 'NONE', *, *, #908, .T. ) ;
#2105 = CARTESIAN_POINT ( 'NONE',  ( -1.100000000000002087, 0.1000000000000000472, 0.1250000000000000000 ) ) ;
#2106 = ORIENTED_EDGE ( 'NONE', *, *, #3968, .T. ) ;
#2107 = CARTESIAN_POINT ( 'NONE',  ( 0.1250000000000001110, 0.1000000000000000056, 1.250000000000000444 ) ) ;
#2108 = PRESENTATION_LAYER_ASSIGNMENT (  '', '', ( #4088 ) ) ;
#2109 = CARTESIAN_POINT ( 'NONE',  ( -1.100000000000000311, 0.1000000000000000472, -0.8749999999999994449 ) ) ;
#2110 = CARTESIAN_POINT ( 'NONE',  ( 1.099999999999999867, 0.05000000000000000278, 1.250000000000000222 ) ) ;
#2111 = ORIENTED_EDGE ( 'NONE', *, *, #3640, .F. ) ;
#2112 = DIRECTION ( 'NONE',  ( -0.7071067811865472397, 0.000000000000000000, -0.7071067811865479058 ) ) ;
#2113 = SURFACE_STYLE_FILL_AREA ( #4213 ) ;
#2114 = EDGE_CURVE ( 'NONE', #1140, #4504, #4235, .T. ) ;
#2115 = VECTOR ( 'NONE', #1881, 1000.000000000000000 ) ;
#2116 = ORIENTED_EDGE ( 'NONE', *, *, #3662, .F. ) ;
#2117 = EDGE_LOOP ( 'NONE', ( #3128, #5, #452, #3569 ) ) ;
#2118 = CARTESIAN_POINT ( 'NONE',  ( 0.8250000000000020650, 0.000000000000000000, -0.1250000000000000000 ) ) ;
#2119 = LINE ( 'NONE', #3561, #119 ) ;
#2120 = AXIS2_PLACEMENT_3D ( 'NONE', #4137, #3067, #927 ) ;
#2121 = EDGE_CURVE ( 'NONE', #331, #115, #2091, .T. ) ;
#2122 = CARTESIAN_POINT ( 'NONE',  ( -0.1250000000000000000, 0.05000000000000000278, 1.250000000000000444 ) ) ;
#2123 = ORIENTED_EDGE ( 'NONE', *, *, #3991, .F. ) ;
#2124 = LINE ( 'NONE', #3825, #4521 ) ;
#2125 = EDGE_LOOP ( 'NONE', ( #1383, #3259, #267, #1330 ) ) ;
#2126 = LINE ( 'NONE', #1795, #22 ) ;
#2127 = VERTEX_POINT ( 'NONE', #2466 ) ;
#2128 = CARTESIAN_POINT ( 'NONE',  ( -0.1250000000000001110, 0.05000000000000000278, -1.249999999999999778 ) ) ;
#2129 = PRODUCT_DEFINITION_CONTEXT ( 'detailed design', #2250, 'design' ) ;
#2130 = ORIENTED_EDGE ( 'NONE', *, *, #1001, .T. ) ;
#2131 = ORIENTED_EDGE ( 'NONE', *, *, #3363, .T. ) ;
#2132 = CARTESIAN_POINT ( 'NONE',  ( -0.5499999999999997113, 0.05000000000000000278, 0.8749999999999996669 ) ) ;
#2133 = PRESENTATION_STYLE_ASSIGNMENT (( #4458 ) ) ;
#2134 = CARTESIAN_POINT ( 'NONE',  ( 1.100000000000000311, 0.05000000000000000278, 0.8749999999999994449 ) ) ;
#2135 = MANIFOLD_SOLID_BREP ( 'Boss-Extrude2', #992 ) ;
#2136 = ORIENTED_EDGE ( 'NONE', *, *, #727, .T. ) ;
#2137 = DIRECTION ( 'NONE',  ( -0.000000000000000000, -0.000000000000000000, 1.000000000000000000 ) ) ;
#2138 = ORIENTED_EDGE ( 'NONE', *, *, #2269, .T. ) ;
#2139 = CYLINDRICAL_SURFACE ( 'NONE', #963, 0.1250000000000000000 ) ;
#2140 = VECTOR ( 'NONE', #2468, 1000.000000000000000 ) ;
#2141 = DIRECTION ( 'NONE',  ( -1.355252715606880543E-16, 0.000000000000000000, -1.000000000000000000 ) ) ;
#2142 = LINE ( 'NONE', #3539, #4077 ) ;
#2143 = ADVANCED_FACE ( 'NONE', ( #418 ), #700, .F. ) ;
#2144 = EDGE_CURVE ( 'NONE', #65, #1200, #1616, .T. ) ;
#2145 = ORIENTED_EDGE ( 'NONE', *, *, #3141, .T. ) ;
#2146 = DIRECTION ( 'NONE',  ( -1.000000000000000000, 0.000000000000000000, -5.421010862427514281E-16 ) ) ;
#2147 = ORIENTED_EDGE ( 'NONE', *, *, #788, .T. ) ;
#2148 = PLANE ( 'NONE',  #3488 ) ;
#2149 = CARTESIAN_POINT ( 'NONE',  ( -0.9500000000000002887, 0.1000000000000000056, 1.250000000000000444 ) ) ;
#2150 = EDGE_LOOP ( 'NONE', ( #1150, #2771, #1684, #2596 ) ) ;
#2151 = CARTESIAN_POINT ( 'NONE',  ( -0.8250000000000002887, 0.1000000000000000472, 0.3750000000000000000 ) ) ;
#2152 = ADVANCED_FACE ( 'NONE', ( #75 ), #795, .F. ) ;
#2153 = ADVANCED_FACE ( 'NONE', ( #2160 ), #1191, .T. ) ;
#2154 = ORIENTED_EDGE ( 'NONE', *, *, #196, .F. ) ;
#2155 = DIRECTION ( 'NONE',  ( 1.000000000000000000, -0.000000000000000000, 0.000000000000000000 ) ) ;
#2156 = VECTOR ( 'NONE', #887, 1000.000000000000000 ) ;
#2157 = FACE_OUTER_BOUND ( 'NONE', #4482, .T. ) ;
#2158 = ORIENTED_EDGE ( 'NONE', *, *, #1665, .F. ) ;
#2159 = CARTESIAN_POINT ( 'NONE',  ( -0.9500000000000002887, 0.1000000000000000056, 1.250000000000000444 ) ) ;
#2160 = FACE_OUTER_BOUND ( 'NONE', #2711, .T. ) ;
#2161 = EDGE_CURVE ( 'NONE', #3840, #597, #3603, .T. ) ;
#2162 = LINE ( 'NONE', #3560, #2140 ) ;
#2163 = DIRECTION ( 'NONE',  ( -0.000000000000000000, -0.000000000000000000, 1.000000000000000000 ) ) ;
#2164 = CARTESIAN_POINT ( 'NONE',  ( 0.5499999999999997113, 0.000000000000000000, -0.8749999999999996669 ) ) ;
#2165 = ORIENTED_EDGE ( 'NONE', *, *, #2182, .F. ) ;
#2166 = DIRECTION ( 'NONE',  ( 0.000000000000000000, -1.000000000000000000, 0.000000000000000000 ) ) ;
#2167 = VERTEX_POINT ( 'NONE', #97 ) ;
#2168 =( LENGTH_UNIT ( ) NAMED_UNIT ( * ) SI_UNIT ( .MILLI., .METRE. ) );
#2169 = FACE_OUTER_BOUND ( 'NONE', #421, .T. ) ;
#2170 = AXIS2_PLACEMENT_3D ( 'NONE', #1152, #2571, #86 ) ;
#2171 = VERTEX_POINT ( 'NONE', #3308 ) ;
#2172 = LINE ( 'NONE', #3138, #2760 ) ;
#2173 = EDGE_CURVE ( 'NONE', #2286, #1871, #3556, .T. ) ;
#2174 = EDGE_CURVE ( 'NONE', #4475, #1140, #2927, .T. ) ;
#2175 = VECTOR ( 'NONE', #809, 1000.000000000000000 ) ;
#2176 = VECTOR ( 'NONE', #542, 999.9999999999998863 ) ;
#2177 = VECTOR ( 'NONE', #1087, 1000.000000000000000 ) ;
#2178 = ORIENTED_EDGE ( 'NONE', *, *, #2724, .T. ) ;
#2179 = CIRCLE ( 'NONE', #2983, 0.1269140061042962064 ) ;
#2180 = VERTEX_POINT ( 'NONE', #1532 ) ;
#2181 = DIRECTION ( 'NONE',  ( 0.000000000000000000, 0.000000000000000000, 1.000000000000000000 ) ) ;
#2182 = EDGE_CURVE ( 'NONE', #1027, #2092, #1142, .T. ) ;
#2183 = FACE_OUTER_BOUND ( 'NONE', #560, .T. ) ;
#2184 = LINE ( 'NONE', #1902, #3480 ) ;
#2185 = ORIENTED_EDGE ( 'NONE', *, *, #4024, .F. ) ;
#2186 = FILL_AREA_STYLE_COLOUR ( '', #1940 ) ;
#2187 = EDGE_CURVE ( 'NONE', #2231, #4320, #2947, .T. ) ;
#2188 =( NAMED_UNIT ( * ) SI_UNIT ( $, .STERADIAN. ) SOLID_ANGLE_UNIT ( ) );
#2189 = ORIENTED_EDGE ( 'NONE', *, *, #2029, .F. ) ;
#2190 = DIRECTION ( 'NONE',  ( -0.000000000000000000, -1.000000000000000000, -0.000000000000000000 ) ) ;
#2191 = EDGE_CURVE ( 'NONE', #1676, #4451, #3901, .T. ) ;
#2192 = PLANE ( 'NONE',  #409 ) ;
#2193 = VECTOR ( 'NONE', #2804, 1000.000000000000000 ) ;
#2194 = DIRECTION ( 'NONE',  ( 6.377659838150026227E-17, 0.000000000000000000, -1.000000000000000000 ) ) ;
#2195 = ORIENTED_EDGE ( 'NONE', *, *, #1186, .F. ) ;
#2196 = CARTESIAN_POINT ( 'NONE',  ( 0.1250000000000001110, 0.05000000000000000278, 1.250000000000000444 ) ) ;
#2197 = ORIENTED_EDGE ( 'NONE', *, *, #1143, .T. ) ;
#2198 =( LENGTH_UNIT ( ) NAMED_UNIT ( * ) SI_UNIT ( .MILLI., .METRE. ) );
#2199 = CARTESIAN_POINT ( 'NONE',  ( -1.100000000000000311, 5.330165161069341906, 1.250000000000000444 ) ) ;
#2200 = VERTEX_POINT ( 'NONE', #2919 ) ;
#2201 = LINE ( 'NONE', #364, #4146 ) ;
#2202 = AXIS2_PLACEMENT_3D ( 'NONE', #3675, #512, #535 ) ;
#2203 = ORIENTED_EDGE ( 'NONE', *, *, #930, .F. ) ;
#2204 = CARTESIAN_POINT ( 'NONE',  ( 0.8250000000000020650, 0.1000000000000000056, 0.1250000000000000000 ) ) ;
#2205 = DIRECTION ( 'NONE',  ( 0.000000000000000000, 0.000000000000000000, 1.000000000000000000 ) ) ;
#2206 = AXIS2_PLACEMENT_3D ( 'NONE', #1653, #1286, #2290 ) ;
#2207 = ORIENTED_EDGE ( 'NONE', *, *, #2768, .F. ) ;
#2208 = EDGE_CURVE ( 'NONE', #780, #3126, #1165, .T. ) ;
#2209 = SURFACE_SIDE_STYLE ('',( #4231 ) ) ;
#2210 = CARTESIAN_POINT ( 'NONE',  ( 1.100000000000000311, 0.1000000000000000472, 0.8749999999999994449 ) ) ;
#2211 = ORIENTED_EDGE ( 'NONE', *, *, #138, .F. ) ;
#2212 = DIRECTION ( 'NONE',  ( 1.000000000000000000, 0.000000000000000000, 0.000000000000000000 ) ) ;
#2213 = ORIENTED_EDGE ( 'NONE', *, *, #4142, .T. ) ;
#2214 = CARTESIAN_POINT ( 'NONE',  ( -0.8250000000000002887, 0.000000000000000000, 0.6250000000000000000 ) ) ;
#2215 = DIRECTION ( 'NONE',  ( 0.000000000000000000, -0.000000000000000000, 1.000000000000000000 ) ) ;
#2216 = CARTESIAN_POINT ( 'NONE',  ( -0.7657500870170551588, 1.000000000000000000, -0.9529334416212273950 ) ) ;
#2217 = VECTOR ( 'NONE', #4264, 1000.000000000000000 ) ;
#2218 = VERTEX_POINT ( 'NONE', #466 ) ;
#2219 = LINE ( 'NONE', #1563, #3672 ) ;
#2220 = EDGE_LOOP ( 'NONE', ( #2593, #1564, #2650, #3099, #2453, #3592 ) ) ;
#2221 = DIRECTION ( 'NONE',  ( 0.000000000000000000, 0.000000000000000000, 1.000000000000000000 ) ) ;
#2222 = LINE ( 'NONE', #1913, #622 ) ;
#2223 = EDGE_LOOP ( 'NONE', ( #2104, #3870, #1641, #31 ) ) ;
#2224 = CARTESIAN_POINT ( 'NONE',  ( 0.000000000000000000, 0.1000000000000000056, 0.000000000000000000 ) ) ;
#2225 = VECTOR ( 'NONE', #2313, 1000.000000000000000 ) ;
#2226 = EDGE_CURVE ( 'NONE', #3559, #2068, #3989, .T. ) ;
#2227 = ORIENTED_EDGE ( 'NONE', *, *, #623, .F. ) ;
#2228 = LINE ( 'NONE', #4030, #765 ) ;
#2229 = LINE ( 'NONE', #3343, #4230 ) ;
#2230 = CLOSED_SHELL ( 'NONE', ( #3574, #1606, #3238, #2614, #358, #2519 ) ) ;
#2231 = VERTEX_POINT ( 'NONE', #2870 ) ;
#2232 = LINE ( 'NONE', #3626, #1712 ) ;
#2233 = CARTESIAN_POINT ( 'NONE',  ( -1.100000000000002087, 0.1000000000000000472, -0.1250000000000000000 ) ) ;
#2234 = VERTEX_POINT ( 'NONE', #230 ) ;
#2235 = CARTESIAN_POINT ( 'NONE',  ( 1.099999999999999867, 1.000000000000000000, 1.250000000000000222 ) ) ;
#2236 = AXIS2_PLACEMENT_3D ( 'NONE', #3479, #632, #1620 ) ;
#2237 = ADVANCED_FACE ( 'NONE', ( #1297 ), #608, .T. ) ;
#2238 = EDGE_CURVE ( 'NONE', #3332, #2861, #3433, .T. ) ;
#2239 = EDGE_LOOP ( 'NONE', ( #157, #269 ) ) ;
#2240 = CARTESIAN_POINT ( 'NONE',  ( 1.100000000000000311, 0.000000000000000000, -0.3749999999999998890 ) ) ;
#2241 = DIRECTION ( 'NONE',  ( 0.000000000000000000, -1.000000000000000000, 0.000000000000000000 ) ) ;
#2242 = FACE_OUTER_BOUND ( 'NONE', #1747, .T. ) ;
#2243 = ORIENTED_EDGE ( 'NONE', *, *, #3698, .T. ) ;
#2244 = CARTESIAN_POINT ( 'NONE',  ( -0.2500000000000002776, 0.000000000000000000, -0.3749999999999999445 ) ) ;
#2245 = ORIENTED_EDGE ( 'NONE', *, *, #1522, .T. ) ;
#2246 = CARTESIAN_POINT ( 'NONE',  ( -0.5499999999999997113, 0.1000000000000000056, -1.250000000000000222 ) ) ;
#2247 = PLANE ( 'NONE',  #174 ) ;
#2248 = ORIENTED_EDGE ( 'NONE', *, *, #4488, .F. ) ;
#2249 = DIRECTION ( 'NONE',  ( -1.000000000000000000, 0.000000000000000000, 0.000000000000000000 ) ) ;
#2250 = APPLICATION_CONTEXT ( 'automotive_design' ) ;
#2251 = ORIENTED_EDGE ( 'NONE', *, *, #980, .T. ) ;
#2252 = AXIS2_PLACEMENT_3D ( 'NONE', #3800, #292, #2702 ) ;
#2253 = CARTESIAN_POINT ( 'NONE',  ( -1.100000000000000311, 0.1000000000000000056, -1.100000000000000755 ) ) ;
#2254 = CARTESIAN_POINT ( 'NONE',  ( 0.8250000000000002887, 0.1000000000000000472, 0.3750000000000000000 ) ) ;
#2255 = ADVANCED_FACE ( 'NONE', ( #3088 ), #2728, .T. ) ;
#2256 = AXIS2_PLACEMENT_3D ( 'NONE', #2535, #1163, #2261 ) ;
#2257 = AXIS2_PLACEMENT_3D ( 'NONE', #1443, #1815, #2470 ) ;
#2258 = ORIENTED_EDGE ( 'NONE', *, *, #2174, .F. ) ;
#2259 = AXIS2_PLACEMENT_3D ( 'NONE', #3790, #3438, #3889 ) ;
#2260 = LINE ( 'NONE', #1942, #3699 ) ;
#2261 = DIRECTION ( 'NONE',  ( 1.000000000000000000, 0.000000000000000000, 3.942553354492739094E-16 ) ) ;
#2262 = VECTOR ( 'NONE', #1511, 1000.000000000000000 ) ;
#2263 = EDGE_LOOP ( 'NONE', ( #441, #4447, #4032, #2213 ) ) ;
#2264 = ADVANCED_FACE ( 'NONE', ( #2393 ), #2370, .F. ) ;
#2265 = ORIENTED_EDGE ( 'NONE', *, *, #651, .T. ) ;
#2266 = DIRECTION ( 'NONE',  ( 0.000000000000000000, 0.000000000000000000, -1.000000000000000000 ) ) ;
#2267 = DIRECTION ( 'NONE',  ( 0.000000000000000000, 0.000000000000000000, -1.000000000000000000 ) ) ;
#2268 = FACE_OUTER_BOUND ( 'NONE', #1569, .T. ) ;
#2269 = EDGE_CURVE ( 'NONE', #2093, #1115, #1374, .T. ) ;
#2270 = ORIENTED_EDGE ( 'NONE', *, *, #1829, .T. ) ;
#2271 =( GEOMETRIC_REPRESENTATION_CONTEXT ( 3 ) GLOBAL_UNCERTAINTY_ASSIGNED_CONTEXT ( ( #4179 ) ) GLOBAL_UNIT_ASSIGNED_CONTEXT ( ( #57, #4407, #3774 ) ) REPRESENTATION_CONTEXT ( 'NONE', 'WORKASPACE' ) );
#2272 = ADVANCED_FACE ( 'NONE', ( #952 ), #3807, .F. ) ;
#2273 = PLANE ( 'NONE',  #294 ) ;
#2274 = DIRECTION ( 'NONE',  ( -1.000000000000000000, -0.000000000000000000, -0.000000000000000000 ) ) ;
#2275 = ORIENTED_EDGE ( 'NONE', *, *, #1123, .T. ) ;
#2276 = LINE ( 'NONE', #4378, #1138 ) ;
#2277 = VERTEX_POINT ( 'NONE', #3111 ) ;
#2278 = ORIENTED_EDGE ( 'NONE', *, *, #3495, .T. ) ;
#2279 = LINE ( 'NONE', #2940, #983 ) ;
#2280 = LINE ( 'NONE', #2576, #2047 ) ;
#2281 = VECTOR ( 'NONE', #162, 1000.000000000000000 ) ;
#2282 = EDGE_LOOP ( 'NONE', ( #4405, #3407, #4192, #3614, #3355, #1098 ) ) ;
#2283 = DIRECTION ( 'NONE',  ( -0.000000000000000000, 0.000000000000000000, -1.000000000000000000 ) ) ;
#2284 = SURFACE_SIDE_STYLE ('',( #907 ) ) ;
#2285 = VECTOR ( 'NONE', #268, 1000.000000000000000 ) ;
#2286 = VERTEX_POINT ( 'NONE', #650 ) ;
#2287 = DIRECTION ( 'NONE',  ( -5.421010862427514281E-16, 0.000000000000000000, 1.000000000000000000 ) ) ;
#2288 = LINE ( 'NONE', #3334, #1067 ) ;
#2289 = ORIENTED_EDGE ( 'NONE', *, *, #1554, .T. ) ;
#2290 = DIRECTION ( 'NONE',  ( -1.000000000000000000, 0.000000000000000000, 0.000000000000000000 ) ) ;
#2291 = DIRECTION ( 'NONE',  ( -0.000000000000000000, -1.000000000000000000, -0.000000000000000000 ) ) ;
#2292 = LINE ( 'NONE', #3957, #2400 ) ;
#2293 = DIRECTION ( 'NONE',  ( 1.000000000000000000, 0.000000000000000000, 0.000000000000000000 ) ) ;
#2294 = EDGE_CURVE ( 'NONE', #869, #1801, #1317, .T. ) ;
#2296 = ADVANCED_FACE ( 'NONE', ( #1273 ), #2059, .F. ) ;
#2295 = VECTOR ( 'NONE', #1372, 1000.000000000000000 ) ;
#2297 = CARTESIAN_POINT ( 'NONE',  ( -0.5499999999999997113, 0.000000000000000000, 0.8749999999999996669 ) ) ;
#2298 = DIRECTION ( 'NONE',  ( -1.000000000000000000, 0.000000000000000000, -6.377659838150026227E-17 ) ) ;
#2299 = VECTOR ( 'NONE', #1933, 1000.000000000000000 ) ;
#2300 = EDGE_CURVE ( 'NONE', #4042, #3150, #3387, .T. ) ;
#2301 = ORIENTED_EDGE ( 'NONE', *, *, #302, .F. ) ;
#2302 = CARTESIAN_POINT ( 'NONE',  ( 0.9500000000000002887, 0.000000000000000000, 1.250000000000000444 ) ) ;
#2303 = CARTESIAN_POINT ( 'NONE',  ( -0.5499999999999997113, 0.000000000000000000, -1.250000000000000222 ) ) ;
#2304 = CARTESIAN_POINT ( 'NONE',  ( 1.100000000000000311, 0.1000000000000000056, 1.100000000000000755 ) ) ;
#2305 = ORIENTED_EDGE ( 'NONE', *, *, #2524, .T. ) ;
#2306 = FACE_OUTER_BOUND ( 'NONE', #2080, .T. ) ;
#2307 = LINE ( 'NONE', #616, #2484 ) ;
#2308 = LINE ( 'NONE', #1970, #3858 ) ;
#2309 = AXIS2_PLACEMENT_3D ( 'NONE', #4382, #2283, #462 ) ;
#2310 = EDGE_CURVE ( 'NONE', #82, #771, #3767, .T. ) ;
#2311 = ORIENTED_EDGE ( 'NONE', *, *, #1124, .T. ) ;
#2312 = DIRECTION ( 'NONE',  ( -1.000000000000000000, 0.000000000000000000, 6.377659838150026227E-17 ) ) ;
#2313 = DIRECTION ( 'NONE',  ( 0.000000000000000000, -1.000000000000000000, 0.000000000000000000 ) ) ;
#2314 = LINE ( 'NONE', #4530, #3922 ) ;
#2315 = CARTESIAN_POINT ( 'NONE',  ( 0.2500000000000003331, 0.1000000000000000056, -0.6250000000000003331 ) ) ;
#2316 = EDGE_LOOP ( 'NONE', ( #2695, #3340, #4509, #1950 ) ) ;
#2317 = ORIENTED_EDGE ( 'NONE', *, *, #138, .T. ) ;
#2318 = CARTESIAN_POINT ( 'NONE',  ( -1.100000000000000311, 0.1000000000000000056, 0.6250000000000000000 ) ) ;
#2319 = FACE_OUTER_BOUND ( 'NONE', #4538, .T. ) ;
#2320 = EDGE_CURVE ( 'NONE', #3455, #2493, #1640, .T. ) ;
#2321 = ORIENTED_EDGE ( 'NONE', *, *, #3330, .T. ) ;
#2322 = CARTESIAN_POINT ( 'NONE',  ( -0.8250000000000002887, 0.000000000000000000, 0.3750000000000000000 ) ) ;
#2323 = FILL_AREA_STYLE_COLOUR ( '', #848 ) ;
#2324 = EDGE_CURVE ( 'NONE', #457, #2824, #4467, .T. ) ;
#2325 = VECTOR ( 'NONE', #261, 1000.000000000000000 ) ;
#2326 = AXIS2_PLACEMENT_3D ( 'NONE', #2410, #1355, #3064 ) ;
#2327 = VECTOR ( 'NONE', #1976, 1000.000000000000000 ) ;
#2328 = CLOSED_SHELL ( 'NONE', ( #931, #3902, #3298, #2928, #4427, #3921 ) ) ;
#2329 = VECTOR ( 'NONE', #3115, 1000.000000000000000 ) ;
#2330 = CIRCLE ( 'NONE', #3648, 0.1250000000000000000 ) ;
#2331 = PRESENTATION_LAYER_ASSIGNMENT (  '', '', ( #1139 ) ) ;
#2332 = FACE_OUTER_BOUND ( 'NONE', #3377, .T. ) ;
#2333 = VERTEX_POINT ( 'NONE', #998 ) ;
#2334 = LINE ( 'NONE', #4085, #2590 ) ;
#2335 = DIRECTION ( 'NONE',  ( 1.000000000000000000, 0.000000000000000000, 0.000000000000000000 ) ) ;
#2336 = CARTESIAN_POINT ( 'NONE',  ( 0.1250000000000000000, 0.05000000000000000278, -1.249999999999999778 ) ) ;
#2337 = EDGE_CURVE ( 'NONE', #4233, #2833, #3456, .T. ) ;
#2338 = VERTEX_POINT ( 'NONE', #4101 ) ;
#2339 = CARTESIAN_POINT ( 'NONE',  ( -0.1250000000000001110, 0.1000000000000000056, -1.249999999999999778 ) ) ;
#2340 = DIRECTION ( 'NONE',  ( -1.000000000000000000, 0.000000000000000000, -0.000000000000000000 ) ) ;
#2341 = DIRECTION ( 'NONE',  ( -1.000000000000000000, 0.000000000000000000, 0.000000000000000000 ) ) ;
#2342 = CARTESIAN_POINT ( 'NONE',  ( 1.100000000000000311, 0.1000000000000000056, -0.6250000000000000000 ) ) ;
#2343 = VECTOR ( 'NONE', #1146, 1000.000000000000000 ) ;
#2344 = LINE ( 'NONE', #3000, #3505 ) ;
#2345 = ORIENTED_EDGE ( 'NONE', *, *, #707, .T. ) ;
#2346 = LINE ( 'NONE', #4465, #4315 ) ;
#2347 = ORIENTED_EDGE ( 'NONE', *, *, #2671, .T. ) ;
#2348 = DIRECTION ( 'NONE',  ( -2.710505431213758620E-16, 0.000000000000000000, -1.000000000000000000 ) ) ;
#2349 = VECTOR ( 'NONE', #250, 1000.000000000000000 ) ;
#2350 = AXIS2_PLACEMENT_3D ( 'NONE', #1711, #278, #629 ) ;
#2351 = VERTEX_POINT ( 'NONE', #4513 ) ;
#2352 = PLANE ( 'NONE',  #3622 ) ;
#2353 = DIRECTION ( 'NONE',  ( -9.637352644315561223E-16, 0.000000000000000000, 1.000000000000000000 ) ) ;
#2354 = AXIS2_PLACEMENT_3D ( 'NONE', #627, #2032, #3158 ) ;
#2355 = EDGE_CURVE ( 'NONE', #3184, #2234, #3046, .T. ) ;
#2356 = DIRECTION ( 'NONE',  ( 0.000000000000000000, -1.000000000000000000, 0.000000000000000000 ) ) ;
#2357 = ORIENTED_EDGE ( 'NONE', *, *, #2712, .T. ) ;
#2358 = ORIENTED_EDGE ( 'NONE', *, *, #4061, .T. ) ;
#2359 = DIRECTION ( 'NONE',  ( 0.000000000000000000, -0.000000000000000000, 1.000000000000000000 ) ) ;
#2360 = SURFACE_STYLE_FILL_AREA ( #3033 ) ;
#2361 = DIRECTION ( 'NONE',  ( 0.000000000000000000, -1.000000000000000000, 0.000000000000000000 ) ) ;
#2362 = MECHANICAL_DESIGN_GEOMETRIC_PRESENTATION_REPRESENTATION (  '', ( #1761 ), #3954 ) ;
#2363 = ORIENTED_EDGE ( 'NONE', *, *, #1361, .F. ) ;
#2364 = CARTESIAN_POINT ( 'NONE',  ( -0.2500000000000003331, 0.1000000000000000056, -0.6250000000000003331 ) ) ;
#2365 = CARTESIAN_POINT ( 'NONE',  ( -0.8250000000000002887, 0.9860022573334675799, 0.3750000000000000000 ) ) ;
#2366 = CYLINDRICAL_SURFACE ( 'NONE', #2326, 0.1269140061042962064 ) ;
#2367 = DIRECTION ( 'NONE',  ( -0.000000000000000000, -1.000000000000000000, -0.000000000000000000 ) ) ;
#2368 = DIRECTION ( 'NONE',  ( 0.000000000000000000, 0.000000000000000000, -1.000000000000000000 ) ) ;
#2369 = VERTEX_POINT ( 'NONE', #3828 ) ;
#2370 = PLANE ( 'NONE',  #3356 ) ;
#2371 = ADVANCED_FACE ( 'NONE', ( #673 ), #4075, .T. ) ;
#2372 = ORIENTED_EDGE ( 'NONE', *, *, #801, .F. ) ;
#2373 = AXIS2_PLACEMENT_3D ( 'NONE', #3310, #2924, #4342 ) ;
#2374 = DIRECTION ( 'NONE',  ( -1.000000000000000000, 0.000000000000000000, -6.377659838150026227E-17 ) ) ;
#2375 =( NAMED_UNIT ( * ) SI_UNIT ( $, .STERADIAN. ) SOLID_ANGLE_UNIT ( ) );
#2376 = CARTESIAN_POINT ( 'NONE',  ( 0.9500000000000002887, 0.9860022573334675799, 1.100000000000000755 ) ) ;
#2377 = VERTEX_POINT ( 'NONE', #2128 ) ;
#2378 = ORIENTED_EDGE ( 'NONE', *, *, #414, .T. ) ;
#2379 = CARTESIAN_POINT ( 'NONE',  ( -0.9500000000000002887, 0.9860022573334675799, 1.100000000000000755 ) ) ;
#2380 = LINE ( 'NONE', #912, #3576 ) ;
#2381 = ADVANCED_FACE ( 'NONE', ( #1798 ), #2457, .F. ) ;
#2382 = EDGE_CURVE ( 'NONE', #597, #2180, #2201, .T. ) ;
#2383 = ORIENTED_EDGE ( 'NONE', *, *, #4443, .T. ) ;
#2384 = FACE_OUTER_BOUND ( 'NONE', #2316, .T. ) ;
#2385 = PLANE ( 'NONE',  #4489 ) ;
#2386 = DIRECTION ( 'NONE',  ( -1.000000000000000000, 0.000000000000000000, 0.000000000000000000 ) ) ;
#2387 = EDGE_CURVE ( 'NONE', #192, #3840, #3593, .T. ) ;
#2388 = CARTESIAN_POINT ( 'NONE',  ( 0.8250000000000020650, 0.05000000000000000278, -0.1250000000000000000 ) ) ;
#2389 = VECTOR ( 'NONE', #561, 1000.000000000000000 ) ;
#2390 = CARTESIAN_POINT ( 'NONE',  ( 0.000000000000000000, 0.1000000000000000056, 0.000000000000000000 ) ) ;
#2391 = CARTESIAN_POINT ( 'NONE',  ( 0.000000000000000000, 0.05000000000000000278, 0.000000000000000000 ) ) ;
#2392 = ORIENTED_EDGE ( 'NONE', *, *, #1916, .T. ) ;
#2393 = FACE_OUTER_BOUND ( 'NONE', #857, .T. ) ;
#2394 = ORIENTED_EDGE ( 'NONE', *, *, #2121, .T. ) ;
#2395 = EDGE_CURVE ( 'NONE', #837, #514, #2864, .T. ) ;
#2396 = FACE_OUTER_BOUND ( 'NONE', #2814, .T. ) ;
#2397 = FACE_OUTER_BOUND ( 'NONE', #3227, .T. ) ;
#2398 = ORIENTED_EDGE ( 'NONE', *, *, #184, .T. ) ;
#2399 = LINE ( 'NONE', #3421, #993 ) ;
#2400 = VECTOR ( 'NONE', #531, 1000.000000000000000 ) ;
#2401 = ORIENTED_EDGE ( 'NONE', *, *, #2320, .F. ) ;
#2402 = ORIENTED_EDGE ( 'NONE', *, *, #4403, .T. ) ;
#2403 = DIRECTION ( 'NONE',  ( 0.000000000000000000, -1.000000000000000000, 0.000000000000000000 ) ) ;
#2404 = PLANE ( 'NONE',  #1368 ) ;
#2405 = VECTOR ( 'NONE', #1674, 1000.000000000000000 ) ;
#2406 = VECTOR ( 'NONE', #4027, 1000.000000000000000 ) ;
#2407 = EDGE_CURVE ( 'NONE', #1766, #3969, #2504, .T. ) ;
#2408 = FACE_OUTER_BOUND ( 'NONE', #4251, .T. ) ;
#2409 = CARTESIAN_POINT ( 'NONE',  ( 0.9500000000000002887, 0.1000000000000000056, 1.100000000000000755 ) ) ;
#2410 = CARTESIAN_POINT ( 'NONE',  ( -0.7657500870170551588, 1.000000000000000000, -0.9529334416212273950 ) ) ;
#2411 = EDGE_CURVE ( 'NONE', #4441, #1247, #432, .T. ) ;
#2412 = ORIENTED_EDGE ( 'NONE', *, *, #444, .T. ) ;
#2413 = CARTESIAN_POINT ( 'NONE',  ( -0.6999999999999998446, 0.1000000000000000472, -0.8749999999999995559 ) ) ;
#2414 = FACE_OUTER_BOUND ( 'NONE', #1888, .T. ) ;
#2415 = EDGE_LOOP ( 'NONE', ( #1587, #2402, #2656, #2946 ) ) ;
#2416 = CARTESIAN_POINT ( 'NONE',  ( -1.100000000000000311, 0.000000000000000000, -0.8749999999999994449 ) ) ;
#2417 = EDGE_CURVE ( 'NONE', #3222, #2751, #2172, .T. ) ;
#2418 = ORIENTED_EDGE ( 'NONE', *, *, #1349, .T. ) ;
#2419 = PLANE ( 'NONE',  #310 ) ;
#2420 = DIRECTION ( 'NONE',  ( 0.000000000000000000, 0.000000000000000000, -1.000000000000000000 ) ) ;
#2421 = VECTOR ( 'NONE', #2652, 1000.000000000000000 ) ;
#2422 = DIRECTION ( 'NONE',  ( 0.000000000000000000, -1.000000000000000000, 0.000000000000000000 ) ) ;
#2423 = EDGE_LOOP ( 'NONE', ( #3336, #3846, #2401, #4050, #3676, #4424 ) ) ;
#2424 = CARTESIAN_POINT ( 'NONE',  ( 0.9500000000000002887, 0.1000000000000000472, 1.250000000000000444 ) ) ;
#2425 = ADVANCED_FACE ( 'NONE', ( #2480 ), #3524, .T. ) ;
#2426 = DIRECTION ( 'NONE',  ( 0.000000000000000000, 0.000000000000000000, 1.000000000000000000 ) ) ;
#2427 = VECTOR ( 'NONE', #4051, 1000.000000000000000 ) ;
#2428 = VERTEX_POINT ( 'NONE', #4178 ) ;
#2429 = LINE ( 'NONE', #1654, #3685 ) ;
#2430 = CARTESIAN_POINT ( 'NONE',  ( 0.9500000000000002887, 0.1000000000000000056, -1.250000000000000444 ) ) ;
#2431 = PLANE ( 'NONE',  #3345 ) ;
#2432 = DIRECTION ( 'NONE',  ( 0.000000000000000000, -1.000000000000000000, 0.000000000000000000 ) ) ;
#2433 = LINE ( 'NONE', #3826, #1796 ) ;
#2434 = EDGE_LOOP ( 'NONE', ( #210, #3452, #3978, #4009 ) ) ;
#2435 = CARTESIAN_POINT ( 'NONE',  ( 1.099999999999999867, 0.05000000000000000278, 1.250000000000000222 ) ) ;
#2436 = ADVANCED_FACE ( 'NONE', ( #3501 ), #1128, .F. ) ;
#2437 = EDGE_CURVE ( 'NONE', #3210, #3500, #1449, .T. ) ;
#2438 = ADVANCED_FACE ( 'NONE', ( #3180 ), #15, .F. ) ;
#2439 = ORIENTED_EDGE ( 'NONE', *, *, #4281, .F. ) ;
#2440 = DIRECTION ( 'NONE',  ( 1.000000000000000000, 0.000000000000000000, -0.000000000000000000 ) ) ;
#2441 = EDGE_CURVE ( 'NONE', #2848, #1213, #3936, .T. ) ;
#2442 = VECTOR ( 'NONE', #2090, 1000.000000000000000 ) ;
#2443 = ORIENTED_EDGE ( 'NONE', *, *, #2920, .F. ) ;
#2444 = DIRECTION ( 'NONE',  ( 1.000000000000000000, 0.000000000000000000, -0.000000000000000000 ) ) ;
#2445 = VERTEX_POINT ( 'NONE', #737 ) ;
#2446 = CARTESIAN_POINT ( 'NONE',  ( 0.5499999999999997113, 0.1000000000000000472, 1.250000000000000222 ) ) ;
#2447 = VECTOR ( 'NONE', #530, 1000.000000000000000 ) ;
#2448 = AXIS2_PLACEMENT_3D ( 'NONE', #2476, #295, #3863 ) ;
#2449 = ORIENTED_EDGE ( 'NONE', *, *, #2417, .T. ) ;
#2450 = DIRECTION ( 'NONE',  ( 1.000000000000000000, 0.000000000000000000, -0.000000000000000000 ) ) ;
#2451 = FACE_OUTER_BOUND ( 'NONE', #3962, .T. ) ;
#2452 = CARTESIAN_POINT ( 'NONE',  ( -0.9500000000000002887, 0.000000000000000000, -1.100000000000000755 ) ) ;
#2453 = ORIENTED_EDGE ( 'NONE', *, *, #4547, .F. ) ;
#2454 = DIRECTION ( 'NONE',  ( 1.000000000000000000, -0.000000000000000000, 0.000000000000000000 ) ) ;
#2455 = FACE_OUTER_BOUND ( 'NONE', #4400, .T. ) ;
#2456 = ORIENTED_EDGE ( 'NONE', *, *, #3888, .T. ) ;
#2457 = PLANE ( 'NONE',  #3929 ) ;
#2458 = ADVANCED_FACE ( 'NONE', ( #4537 ), #1384, .T. ) ;
#2459 = CARTESIAN_POINT ( 'NONE',  ( 0.9500000000000002887, 0.000000000000000000, 1.250000000000000444 ) ) ;
#2460 = ADVANCED_FACE ( 'NONE', ( #4225 ), #3847, .F. ) ;
#2461 = CARTESIAN_POINT ( 'NONE',  ( -1.100000000000000311, 0.000000000000000000, 1.100000000000000755 ) ) ;
#2462 = EDGE_CURVE ( 'NONE', #1968, #2511, #691, .T. ) ;
#2463 = CARTESIAN_POINT ( 'NONE',  ( 0.8250000000000020650, 0.000000000000000000, 0.1250000000000000000 ) ) ;
#2464 = ORIENTED_EDGE ( 'NONE', *, *, #2701, .F. ) ;
#2465 = DIRECTION ( 'NONE',  ( 1.000000000000000000, 0.000000000000000000, 5.421010862427514281E-16 ) ) ;
#2466 = CARTESIAN_POINT ( 'NONE',  ( -0.7657500870170551588, 0.9000000000000000222, -1.079847447725523546 ) ) ;
#2467 = ORIENTED_EDGE ( 'NONE', *, *, #3878, .F. ) ;
#2468 = DIRECTION ( 'NONE',  ( -0.000000000000000000, -1.000000000000000000, -0.000000000000000000 ) ) ;
#2469 = CARTESIAN_POINT ( 'NONE',  ( 1.100000000000000311, 0.000000000000000000, -1.100000000000000755 ) ) ;
#2470 = DIRECTION ( 'NONE',  ( 0.000000000000000000, 0.000000000000000000, -1.000000000000000000 ) ) ;
#2471 = AXIS2_PLACEMENT_3D ( 'NONE', #1989, #958, #1259 ) ;
#2472 = VECTOR ( 'NONE', #1312, 1000.000000000000000 ) ;
#2473 = AXIS2_PLACEMENT_3D ( 'NONE', #2733, #1106, #3462 ) ;
#2474 = ORIENTED_EDGE ( 'NONE', *, *, #2724, .F. ) ;
#2475 = AXIS2_PLACEMENT_3D ( 'NONE', #1463, #1754, #3154 ) ;
#2476 = CARTESIAN_POINT ( 'NONE',  ( 0.000000000000000000, 1.000000000000000000, 0.000000000000000000 ) ) ;
#2477 = VERTEX_POINT ( 'NONE', #343 ) ;
#2478 = CARTESIAN_POINT ( 'NONE',  ( -0.8250000000000020650, 0.05000000000000000278, 0.1250000000000000000 ) ) ;
#2479 = ORIENTED_EDGE ( 'NONE', *, *, #3880, .T. ) ;
#2480 = FACE_OUTER_BOUND ( 'NONE', #892, .T. ) ;
#2481 = ORIENTED_EDGE ( 'NONE', *, *, #1205, .T. ) ;
#2482 = DIRECTION ( 'NONE',  ( 0.000000000000000000, 1.000000000000000000, -0.000000000000000000 ) ) ;
#2483 = EDGE_CURVE ( 'NONE', #3879, #1420, #384, .T. ) ;
#2484 = VECTOR ( 'NONE', #4127, 1000.000000000000000 ) ;
#2485 = LINE ( 'NONE', #2110, #3928 ) ;
#2486 = ORIENTED_EDGE ( 'NONE', *, *, #1476, .T. ) ;
#2487 = DIRECTION ( 'NONE',  ( 0.000000000000000000, 0.000000000000000000, -1.000000000000000000 ) ) ;
#2488 =( LENGTH_UNIT ( ) NAMED_UNIT ( * ) SI_UNIT ( .MILLI., .METRE. ) );
#2489 = PRESENTATION_LAYER_ASSIGNMENT (  '', '', ( #563 ) ) ;
#2490 = EDGE_CURVE ( 'NONE', #1130, #2528, #3689, .T. ) ;
#2491 = ADVANCED_FACE ( 'NONE', ( #1544 ), #3252, .T. ) ;
#2492 = ORIENTED_EDGE ( 'NONE', *, *, #304, .T. ) ;
#2493 = VERTEX_POINT ( 'NONE', #137 ) ;
#2494 = FACE_OUTER_BOUND ( 'NONE', #3543, .T. ) ;
#2495 = DIRECTION ( 'NONE',  ( 6.899468370362299330E-16, 0.000000000000000000, 1.000000000000000000 ) ) ;
#2496 = VECTOR ( 'NONE', #13, 1000.000000000000000 ) ;
#2497 = DIRECTION ( 'NONE',  ( -0.000000000000000000, -0.000000000000000000, 1.000000000000000000 ) ) ;
#2498 = VERTEX_POINT ( 'NONE', #4302 ) ;
#2499 = CARTESIAN_POINT ( 'NONE',  ( 1.100000000000000311, 0.1000000000000000472, 0.6250000000000000000 ) ) ;
#2500 = ORIENTED_EDGE ( 'NONE', *, *, #163, .F. ) ;
#2501 =( NAMED_UNIT ( * ) PLANE_ANGLE_UNIT ( ) SI_UNIT ( $, .RADIAN. ) );
#2502 = DIRECTION ( 'NONE',  ( 0.000000000000000000, 0.000000000000000000, -1.000000000000000000 ) ) ;
#2503 = ORIENTED_EDGE ( 'NONE', *, *, #2395, .F. ) ;
#2504 = LINE ( 'NONE', #3208, #1875 ) ;
#2505 = ORIENTED_EDGE ( 'NONE', *, *, #843, .T. ) ;
#2506 = ORIENTED_EDGE ( 'NONE', *, *, #1997, .T. ) ;
#2507 = DIRECTION ( 'NONE',  ( -0.000000000000000000, -1.000000000000000000, -0.000000000000000000 ) ) ;
#2508 = EDGE_CURVE ( 'NONE', #4008, #4561, #4396, .T. ) ;
#2509 = CARTESIAN_POINT ( 'NONE',  ( -0.5499999999999999334, 0.1000000000000000056, -1.024999999999999467 ) ) ;
#2510 = CARTESIAN_POINT ( 'NONE',  ( 0.1250000000000000833, 0.1000000000000000472, -0.9749999999999997558 ) ) ;
#2511 = VERTEX_POINT ( 'NONE', #3979 ) ;
#2512 = FACE_OUTER_BOUND ( 'NONE', #2239, .T. ) ;
#2513 = DIRECTION ( 'NONE',  ( -1.000000000000000000, 0.000000000000000000, 5.421010862427514281E-16 ) ) ;
#2514 = VECTOR ( 'NONE', #2487, 1000.000000000000000 ) ;
#2515 = EDGE_CURVE ( 'NONE', #2861, #1292, #2642, .T. ) ;
#2516 = VERTEX_POINT ( 'NONE', #3959 ) ;
#2517 = CARTESIAN_POINT ( 'NONE',  ( 0.5499999999999997113, 0.1000000000000000056, -0.8749999999999996669 ) ) ;
#2519 = ADVANCED_FACE ( 'NONE', ( #2959 ), #2908, .F. ) ;
#2518 = VECTOR ( 'NONE', #1119, 1000.000000000000000 ) ;
#2520 = DIRECTION ( 'NONE',  ( -1.000000000000000000, 0.000000000000000000, 0.000000000000000000 ) ) ;
#2521 = DIRECTION ( 'NONE',  ( -0.000000000000000000, -1.000000000000000000, -0.000000000000000000 ) ) ;
#2522 = CARTESIAN_POINT ( 'NONE',  ( -0.9500000000000002887, 0.1000000000000000056, -1.100000000000000755 ) ) ;
#2523 = VERTEX_POINT ( 'NONE', #183 ) ;
#2524 = EDGE_CURVE ( 'NONE', #2591, #4220, #1935, .T. ) ;
#2525 = CARTESIAN_POINT ( 'NONE',  ( -0.5500000000000001554, 0.05000000000000000278, -1.024999999999999467 ) ) ;
#2526 = EDGE_LOOP ( 'NONE', ( #3059, #607, #3253, #760, #3998, #4310, #1111 ) ) ;
#2527 = CARTESIAN_POINT ( 'NONE',  ( 1.100000000000000311, 0.9860022573334675799, -1.100000000000000755 ) ) ;
#2528 = VERTEX_POINT ( 'NONE', #114 ) ;
#2529 = ORIENTED_EDGE ( 'NONE', *, *, #3850, .F. ) ;
#2530 = VERTEX_POINT ( 'NONE', #2977 ) ;
#2531 = DIRECTION ( 'NONE',  ( 1.000000000000000000, -0.000000000000000000, -0.000000000000000000 ) ) ;
#2532 = CIRCLE ( 'NONE', #2811, 0.1250000000000000000 ) ;
#2533 = EDGE_CURVE ( 'NONE', #2493, #1927, #1870, .T. ) ;
#2534 = CARTESIAN_POINT ( 'NONE',  ( -0.8250000000000002887, 0.1000000000000000056, 0.5000000000000000000 ) ) ;
#2535 = CARTESIAN_POINT ( 'NONE',  ( -1.100000000000000311, 0.9860022573334675799, 0.8749999999999994449 ) ) ;
#2536 = ORIENTED_EDGE ( 'NONE', *, *, #3464, .T. ) ;
#2537 =( LENGTH_UNIT ( ) NAMED_UNIT ( * ) SI_UNIT ( .MILLI., .METRE. ) );
#2538 = ORIENTED_EDGE ( 'NONE', *, *, #956, .F. ) ;
#2539 = CARTESIAN_POINT ( 'NONE',  ( 1.100000000000000311, 0.05000000000000000278, -0.8749999999999994449 ) ) ;
#2540 = CARTESIAN_POINT ( 'NONE',  ( -0.9500000000000002887, 0.9860022573334675799, -1.250000000000000444 ) ) ;
#2541 = CARTESIAN_POINT ( 'NONE',  ( -1.100000000000000311, 0.05000000000000000278, 1.250000000000000444 ) ) ;
#2542 = LINE ( 'NONE', #1199, #3153 ) ;
#2543 = ORIENTED_EDGE ( 'NONE', *, *, #3261, .T. ) ;
#2544 = VECTOR ( 'NONE', #3354, 1000.000000000000000 ) ;
#2545 = DIRECTION ( 'NONE',  ( 0.000000000000000000, -0.000000000000000000, -1.000000000000000000 ) ) ;
#2546 = AXIS2_PLACEMENT_3D ( 'NONE', #1050, #3105, #2495 ) ;
#2547 = ORIENTED_EDGE ( 'NONE', *, *, #3122, .T. ) ;
#2548 = DIRECTION ( 'NONE',  ( -1.000000000000000000, 0.000000000000000000, -9.637352644315561223E-16 ) ) ;
#2549 = EDGE_CURVE ( 'NONE', #3257, #1019, #3339, .T. ) ;
#2550 = CLOSED_SHELL ( 'NONE', ( #3819, #741, #4363, #3950, #652, #247 ) ) ;
#2551 = VECTOR ( 'NONE', #2698, 1000.000000000000000 ) ;
#2552 = ORIENTED_EDGE ( 'NONE', *, *, #1905, .F. ) ;
#2553 = VECTOR ( 'NONE', #3157, 1000.000000000000000 ) ;
#2554 = ORIENTED_EDGE ( 'NONE', *, *, #3435, .F. ) ;
#2555 = LINE ( 'NONE', #3938, #4308 ) ;
#2556 = CARTESIAN_POINT ( 'NONE',  ( 0.5499999999999997113, 0.9860022573334675799, -0.8749999999999996669 ) ) ;
#2557 = DIRECTION ( 'NONE',  ( -5.421010862427514281E-16, 0.000000000000000000, -1.000000000000000000 ) ) ;
#2558 = LINE ( 'NONE', #1503, #3852 ) ;
#2559 = ORIENTED_EDGE ( 'NONE', *, *, #724, .T. ) ;
#2560 = VECTOR ( 'NONE', #2020, 1000.000000000000000 ) ;
#2561 = ADVANCED_FACE ( 'NONE', ( #456 ), #1246, .F. ) ;
#2562 = ORIENTED_EDGE ( 'NONE', *, *, #4236, .F. ) ;
#2563 = ORIENTED_EDGE ( 'NONE', *, *, #3880, .F. ) ;
#2564 = CARTESIAN_POINT ( 'NONE',  ( 0.8250000000000002887, 0.000000000000000000, 0.3750000000000000000 ) ) ;
#2565 = LINE ( 'NONE', #129, #41 ) ;
#2566 = DIRECTION ( 'NONE',  ( -0.000000000000000000, -1.000000000000000000, -0.000000000000000000 ) ) ;
#2567 = ORIENTED_EDGE ( 'NONE', *, *, #3679, .T. ) ;
#2568 = CARTESIAN_POINT ( 'NONE',  ( -1.100000000000000311, 0.9860022573334675799, 0.6250000000000000000 ) ) ;
#2569 = ORIENTED_EDGE ( 'NONE', *, *, #478, .F. ) ;
#2570 = FACE_OUTER_BOUND ( 'NONE', #1173, .T. ) ;
#2571 = DIRECTION ( 'NONE',  ( -6.377659838150026227E-17, 0.000000000000000000, -1.000000000000000000 ) ) ;
#2572 = ORIENTED_EDGE ( 'NONE', *, *, #1773, .T. ) ;
#2573 = DIRECTION ( 'NONE',  ( 2.168404344971005417E-16, 0.000000000000000000, -1.000000000000000000 ) ) ;
#2574 = ORIENTED_EDGE ( 'NONE', *, *, #3907, .T. ) ;
#2575 = LINE ( 'NONE', #1546, #671 ) ;
#2576 = CARTESIAN_POINT ( 'NONE',  ( 1.099999999999999867, 5.330165161069341906, -1.249999999999999778 ) ) ;
#2577 = ADVANCED_FACE ( 'NONE', ( #2999 ), #2659, .F. ) ;
#2578 = EDGE_CURVE ( 'NONE', #1981, #3185, #1519, .T. ) ;
#2579 =( GEOMETRIC_REPRESENTATION_CONTEXT ( 3 ) GLOBAL_UNCERTAINTY_ASSIGNED_CONTEXT ( ( #3867 ) ) GLOBAL_UNIT_ASSIGNED_CONTEXT ( ( #4043, #3037, #529 ) ) REPRESENTATION_CONTEXT ( 'NONE', 'WORKASPACE' ) );
#2580 = VERTEX_POINT ( 'NONE', #3710 ) ;
#2581 = EDGE_CURVE ( 'NONE', #1456, #875, #831, .T. ) ;
#2582 = LINE ( 'NONE', #3005, #824 ) ;
#2583 = DIRECTION ( 'NONE',  ( -1.000000000000000000, -0.000000000000000000, -0.000000000000000000 ) ) ;
#2584 = ORIENTED_EDGE ( 'NONE', *, *, #277, .F. ) ;
#2585 = SHAPE_DEFINITION_REPRESENTATION ( #784, #3717 ) ;
#2586 = ORIENTED_EDGE ( 'NONE', *, *, #46, .T. ) ;
#2587 = FACE_OUTER_BOUND ( 'NONE', #2423, .T. ) ;
#2588 = CARTESIAN_POINT ( 'NONE',  ( -0.7657500870170551588, 0.9000000000000000222, -0.8260194355169312441 ) ) ;
#2589 = LINE ( 'NONE', #1993, #255 ) ;
#2590 = VECTOR ( 'NONE', #2045, 1000.000000000000000 ) ;
#2591 = VERTEX_POINT ( 'NONE', #1845 ) ;
#2592 = PRESENTATION_STYLE_ASSIGNMENT (( #1841 ) ) ;
#2593 = ORIENTED_EDGE ( 'NONE', *, *, #2411, .F. ) ;
#2594 = LINE ( 'NONE', #4348, #890 ) ;
#2595 = DIRECTION ( 'NONE',  ( 1.000000000000000000, -0.000000000000000000, 0.000000000000000000 ) ) ;
#2596 = ORIENTED_EDGE ( 'NONE', *, *, #283, .F. ) ;
#2597 = DIRECTION ( 'NONE',  ( 0.000000000000000000, -1.000000000000000000, 0.000000000000000000 ) ) ;
#2598 = ORIENTED_EDGE ( 'NONE', *, *, #3324, .T. ) ;
#2599 = VERTEX_POINT ( 'NONE', #88 ) ;
#2600 = DIRECTION ( 'NONE',  ( 0.000000000000000000, 0.000000000000000000, -1.000000000000000000 ) ) ;
#2601 = CARTESIAN_POINT ( 'NONE',  ( 0.000000000000000000, 0.05000000000000000278, 0.000000000000000000 ) ) ;
#2602 = EDGE_CURVE ( 'NONE', #2900, #3958, #2276, .T. ) ;
#2603 = ORIENTED_EDGE ( 'NONE', *, *, #2004, .F. ) ;
#2604 = DIRECTION ( 'NONE',  ( -1.000000000000000000, 0.000000000000000000, 0.000000000000000000 ) ) ;
#2605 = DIRECTION ( 'NONE',  ( -0.000000000000000000, -0.000000000000000000, 1.000000000000000000 ) ) ;
#2606 = ORIENTED_EDGE ( 'NONE', *, *, #4526, .F. ) ;
#2607 = DIRECTION ( 'NONE',  ( -1.000000000000000000, -0.000000000000000000, -0.000000000000000000 ) ) ;
#2608 = VECTOR ( 'NONE', #3894, 1000.000000000000000 ) ;
#2609 = EDGE_CURVE ( 'NONE', #929, #2591, #1494, .T. ) ;
#2610 = EDGE_LOOP ( 'NONE', ( #9, #3589, #1238, #4536, #2990, #2821, #2939 ) ) ;
#2611 = DIRECTION ( 'NONE',  ( 1.000000000000000000, 0.000000000000000000, 5.421010862427514281E-16 ) ) ;
#2612 = LINE ( 'NONE', #472, #2773 ) ;
#2613 = DIRECTION ( 'NONE',  ( -0.000000000000000000, -1.000000000000000000, -0.000000000000000000 ) ) ;
#2614 = ADVANCED_FACE ( 'NONE', ( #2937 ), #3320, .T. ) ;
#2615 = EDGE_LOOP ( 'NONE', ( #4284, #367, #92, #690 ) ) ;
#2616 = ORIENTED_EDGE ( 'NONE', *, *, #2654, .T. ) ;
#2617 = CARTESIAN_POINT ( 'NONE',  ( -0.8250000000000002887, 0.1000000000000000056, 0.3750000000000000000 ) ) ;
#2618 = DIRECTION ( 'NONE',  ( 0.000000000000000000, -1.000000000000000000, 0.000000000000000000 ) ) ;
#2619 = VERTEX_POINT ( 'NONE', #4462 ) ;
#2620 = DIRECTION ( 'NONE',  ( 1.000000000000000000, 0.000000000000000000, 0.000000000000000000 ) ) ;
#2621 = EDGE_LOOP ( 'NONE', ( #1210, #146, #4057, #1263 ) ) ;
#2622 = AXIS2_PLACEMENT_3D ( 'NONE', #4223, #1055, #406 ) ;
#2623 = DIRECTION ( 'NONE',  ( -0.7071067811865479058, 0.000000000000000000, 0.7071067811865472397 ) ) ;
#2624 = DIRECTION ( 'NONE',  ( -0.000000000000000000, -1.000000000000000000, -0.000000000000000000 ) ) ;
#2625 = VECTOR ( 'NONE', #1002, 1000.000000000000000 ) ;
#2626 = VECTOR ( 'NONE', #1404, 1000.000000000000000 ) ;
#2627 = ORIENTED_EDGE ( 'NONE', *, *, #1155, .T. ) ;
#2628 = CARTESIAN_POINT ( 'NONE',  ( 0.5499999999999997113, 0.000000000000000000, -0.8749999999999996669 ) ) ;
#2629 = CARTESIAN_POINT ( 'NONE',  ( 0.8250000000000020650, 0.000000000000000000, 0.000000000000000000 ) ) ;
#2630 = AXIS2_PLACEMENT_3D ( 'NONE', #1536, #3927, #2952 ) ;
#2631 = VERTEX_POINT ( 'NONE', #3429 ) ;
#2632 = ORIENTED_EDGE ( 'NONE', *, *, #4303, .F. ) ;
#2633 = CARTESIAN_POINT ( 'NONE',  ( -0.1250000000000000000, 0.9860022573334675799, -0.9749999999999997558 ) ) ;
#2634 = CYLINDRICAL_SURFACE ( 'NONE', #934, 0.1250000000000000000 ) ;
#2635 = ADVANCED_FACE ( 'NONE', ( #602 ), #621, .T. ) ;
#2636 = CARTESIAN_POINT ( 'NONE',  ( 1.100000000000000311, 0.9860022573334675799, -0.6250000000000000000 ) ) ;
#2637 = EDGE_CURVE ( 'NONE', #514, #1968, #3854, .T. ) ;
#2638 = VERTEX_POINT ( 'NONE', #2052 ) ;
#2639 = AXIS2_PLACEMENT_3D ( 'NONE', #2951, #799, #4293 ) ;
#2640 = PLANE ( 'NONE',  #1846 ) ;
#2641 = CARTESIAN_POINT ( 'NONE',  ( 0.000000000000000000, 0.000000000000000000, 0.000000000000000000 ) ) ;
#2642 = LINE ( 'NONE', #1568, #320 ) ;
#2643 = CARTESIAN_POINT ( 'NONE',  ( -1.100000000000000311, 0.1000000000000000056, -0.3749999999999998890 ) ) ;
#2644 = DIRECTION ( 'NONE',  ( -0.000000000000000000, -1.000000000000000000, -0.000000000000000000 ) ) ;
#2645 = VECTOR ( 'NONE', #2531, 1000.000000000000000 ) ;
#2646 = ORIENTED_EDGE ( 'NONE', *, *, #790, .F. ) ;
#2647 = FACE_OUTER_BOUND ( 'NONE', #1412, .T. ) ;
#2648 = CARTESIAN_POINT ( 'NONE',  ( 0.5499999999999997113, 0.1000000000000000056, -1.250000000000000222 ) ) ;
#2649 = DIRECTION ( 'NONE',  ( 0.000000000000000000, -1.000000000000000000, 0.000000000000000000 ) ) ;
#2650 = ORIENTED_EDGE ( 'NONE', *, *, #3095, .F. ) ;
#2651 = LINE ( 'NONE', #3353, #1917 ) ;
#2652 = DIRECTION ( 'NONE',  ( 1.000000000000000000, 0.000000000000000000, -3.826595902890015736E-16 ) ) ;
#2653 = DIRECTION ( 'NONE',  ( -0.000000000000000000, -1.000000000000000000, -0.000000000000000000 ) ) ;
#2654 = EDGE_CURVE ( 'NONE', #2833, #1086, #3360, .T. ) ;
#2655 = ADVANCED_FACE ( 'NONE', ( #293 ), #2431, .F. ) ;
#2656 = ORIENTED_EDGE ( 'NONE', *, *, #3299, .T. ) ;
#2657 = FACE_OUTER_BOUND ( 'NONE', #4497, .T. ) ;
#2658 = CARTESIAN_POINT ( 'NONE',  ( -0.1250000000000001110, 0.000000000000000000, -1.249999999999999778 ) ) ;
#2659 = PLANE ( 'NONE',  #625 ) ;
#2660 = ADVANCED_FACE ( 'NONE', ( #4416 ), #2767, .F. ) ;
#2661 = AXIS2_PLACEMENT_3D ( 'NONE', #2950, #821, #498 ) ;
#2662 = EDGE_CURVE ( 'NONE', #1086, #3595, #2745, .T. ) ;
#2663 = PLANE ( 'NONE',  #3245 ) ;
#2664 = CARTESIAN_POINT ( 'NONE',  ( -0.5499999999999999334, 0.1000000000000000056, -1.024999999999999467 ) ) ;
#2665 = AXIS2_PLACEMENT_3D ( 'NONE', #3448, #2679, #920 ) ;
#2666 = AXIS2_PLACEMENT_3D ( 'NONE', #1250, #626, #1685 ) ;
#2667 = ORIENTED_EDGE ( 'NONE', *, *, #2852, .F. ) ;
#2668 = ORIENTED_EDGE ( 'NONE', *, *, #536, .F. ) ;
#2669 = LINE ( 'NONE', #3725, #974 ) ;
#2670 = FACE_OUTER_BOUND ( 'NONE', #1593, .T. ) ;
#2671 = EDGE_CURVE ( 'NONE', #730, #285, #1612, .T. ) ;
#2672 = CARTESIAN_POINT ( 'NONE',  ( -1.100000000000002087, 0.05000000000000000278, 0.1250000000000000000 ) ) ;
#2673 = ORIENTED_EDGE ( 'NONE', *, *, #4460, .T. ) ;
#2674 = ORIENTED_EDGE ( 'NONE', *, *, #3620, .F. ) ;
#2675 = DIRECTION ( 'NONE',  ( 1.000000000000000000, 0.000000000000000000, -3.826595902890015736E-16 ) ) ;
#2676 = CARTESIAN_POINT ( 'NONE',  ( 3.449734185181146214E-16, 0.05000000000000000278, 0.8749999999999998890 ) ) ;
#2677 = LINE ( 'NONE', #594, #1497 ) ;
#2678 = VERTEX_POINT ( 'NONE', #2681 ) ;
#2679 = DIRECTION ( 'NONE',  ( 0.000000000000000000, -1.000000000000000000, 0.000000000000000000 ) ) ;
#2680 = LINE ( 'NONE', #2409, #1944 ) ;
#2681 = CARTESIAN_POINT ( 'NONE',  ( -1.100000000000000311, 0.1000000000000000472, 0.8749999999999994449 ) ) ;
#2682 = DIRECTION ( 'NONE',  ( -0.000000000000000000, -0.000000000000000000, 1.000000000000000000 ) ) ;
#2683 = DIRECTION ( 'NONE',  ( 0.000000000000000000, -0.000000000000000000, 1.000000000000000000 ) ) ;
#2684 = DIRECTION ( 'NONE',  ( 1.000000000000000000, -0.000000000000000000, -9.856383386231857595E-17 ) ) ;
#2685 = UNCERTAINTY_MEASURE_WITH_UNIT (LENGTH_MEASURE( 1.000000000000000082E-05 ), #3284, 'distance_accuracy_value', 'NONE');
#2686 = ADVANCED_FACE ( 'NONE', ( #3760 ), #2366, .T. ) ;
#2687 = ORIENTED_EDGE ( 'NONE', *, *, #4388, .T. ) ;
#2688 = CARTESIAN_POINT ( 'NONE',  ( -1.100000000000000311, 0.000000000000000000, -1.100000000000000755 ) ) ;
#2689 = CARTESIAN_POINT ( 'NONE',  ( 1.100000000000000311, 0.000000000000000000, 1.100000000000000755 ) ) ;
#2690 = EDGE_CURVE ( 'NONE', #3222, #4008, #645, .T. ) ;
#2691 = AXIS2_PLACEMENT_3D ( 'NONE', #4123, #2716, #3727 ) ;
#2692 = VECTOR ( 'NONE', #2034, 1000.000000000000000 ) ;
#2693 = AXIS2_PLACEMENT_3D ( 'NONE', #3678, #1924, #2986 ) ;
#2694 = DIRECTION ( 'NONE',  ( 0.000000000000000000, -1.000000000000000000, 0.000000000000000000 ) ) ;
#2695 = ORIENTED_EDGE ( 'NONE', *, *, #2609, .F. ) ;
#2696 = CARTESIAN_POINT ( 'NONE',  ( 1.100000000000000311, 0.9860022573334675799, -1.100000000000000755 ) ) ;
#2697 = FACE_OUTER_BOUND ( 'NONE', #1755, .T. ) ;
#2698 = DIRECTION ( 'NONE',  ( 0.000000000000000000, -1.000000000000000000, 0.000000000000000000 ) ) ;
#2699 = CARTESIAN_POINT ( 'NONE',  ( -1.100000000000000311, 0.1000000000000000472, -0.6250000000000000000 ) ) ;
#2700 = DIRECTION ( 'NONE',  ( 0.000000000000000000, -1.000000000000000000, 0.000000000000000000 ) ) ;
#2701 = EDGE_CURVE ( 'NONE', #603, #65, #468, .T. ) ;
#2702 = DIRECTION ( 'NONE',  ( 0.000000000000000000, 0.000000000000000000, -1.000000000000000000 ) ) ;
#2703 = PLANE ( 'NONE',  #3051 ) ;
#2704 = VECTOR ( 'NONE', #1120, 1000.000000000000000 ) ;
#2705 = ORIENTED_EDGE ( 'NONE', *, *, #4540, .T. ) ;
#2706 = PLANE ( 'NONE',  #1848 ) ;
#2707 = LINE ( 'NONE', #606, #646 ) ;
#2708 = ORIENTED_EDGE ( 'NONE', *, *, #675, .F. ) ;
#2709 = CARTESIAN_POINT ( 'NONE',  ( -0.1250000000000001110, 0.1000000000000000472, -1.249999999999999778 ) ) ;
#2710 = VECTOR ( 'NONE', #1688, 1000.000000000000000 ) ;
#2711 = EDGE_LOOP ( 'NONE', ( #3080, #3369, #1857, #502 ) ) ;
#2712 = EDGE_CURVE ( 'NONE', #446, #2678, #4436, .T. ) ;
#2713 = ADVANCED_FACE ( 'NONE', ( #2002 ), #2703, .T. ) ;
#2714 = DIRECTION ( 'NONE',  ( 0.000000000000000000, 0.000000000000000000, 1.000000000000000000 ) ) ;
#2715 = EDGE_CURVE ( 'NONE', #1871, #1337, #555, .T. ) ;
#2716 = DIRECTION ( 'NONE',  ( 3.942553354492739094E-16, -0.000000000000000000, 1.000000000000000000 ) ) ;
#2717 = VERTEX_POINT ( 'NONE', #925 ) ;
#2718 = ORIENTED_EDGE ( 'NONE', *, *, #3440, .T. ) ;
#2719 = CARTESIAN_POINT ( 'NONE',  ( 0.2500000000000003331, 0.9860022573334675799, -0.6250000000000003331 ) ) ;
#2720 = EDGE_LOOP ( 'NONE', ( #124, #2730 ) ) ;
#2721 = CARTESIAN_POINT ( 'NONE',  ( 0.2500000000000003331, 0.05000000000000000278, -0.6250000000000003331 ) ) ;
#2722 = DIRECTION ( 'NONE',  ( -0.000000000000000000, -1.000000000000000000, -0.000000000000000000 ) ) ;
#2723 = DIRECTION ( 'NONE',  ( 0.000000000000000000, -1.000000000000000000, 0.000000000000000000 ) ) ;
#2724 = EDGE_CURVE ( 'NONE', #2869, #422, #1977, .T. ) ;
#2725 = DIRECTION ( 'NONE',  ( 1.000000000000000000, 0.000000000000000000, -3.942553354492743038E-16 ) ) ;
#2726 = CARTESIAN_POINT ( 'NONE',  ( 0.1249999999999998890, 0.1000000000000000472, -1.249999999999999778 ) ) ;
#2727 = VERTEX_POINT ( 'NONE', #2388 ) ;
#2728 = PLANE ( 'NONE',  #785 ) ;
#2729 = UNCERTAINTY_MEASURE_WITH_UNIT (LENGTH_MEASURE( 1.000000000000000082E-05 ), #3579, 'distance_accuracy_value', 'NONE');
#2730 = ORIENTED_EDGE ( 'NONE', *, *, #4443, .F. ) ;
#2731 = AXIS2_PLACEMENT_3D ( 'NONE', #3263, #4386, #128 ) ;
#2732 = DIRECTION ( 'NONE',  ( -1.000000000000000000, 0.000000000000000000, 0.000000000000000000 ) ) ;
#2733 = CARTESIAN_POINT ( 'NONE',  ( 0.9500000000000002887, 0.9860022573334675799, 1.100000000000000755 ) ) ;
#2734 = EDGE_CURVE ( 'NONE', #1995, #4177, #576, .T. ) ;
#2735 = ORIENTED_EDGE ( 'NONE', *, *, #3041, .T. ) ;
#2736 = CARTESIAN_POINT ( 'NONE',  ( 0.000000000000000000, 0.05000000000000000278, 0.3750000000000000000 ) ) ;
#2737 = ORIENTED_EDGE ( 'NONE', *, *, #812, .F. ) ;
#2738 = FACE_OUTER_BOUND ( 'NONE', #782, .T. ) ;
#2739 = CARTESIAN_POINT ( 'NONE',  ( -0.2500000000000003331, 0.1000000000000000472, -0.6250000000000003331 ) ) ;
#2740 = ADVANCED_FACE ( 'NONE', ( #3040 ), #947, .F. ) ;
#2741 = ORIENTED_EDGE ( 'NONE', *, *, #2407, .F. ) ;
#2742 = DIRECTION ( 'NONE',  ( 0.000000000000000000, 0.000000000000000000, -1.000000000000000000 ) ) ;
#2743 = CARTESIAN_POINT ( 'NONE',  ( -0.6999999999999998446, 0.1000000000000000056, -0.8749999999999995559 ) ) ;
#2744 = CARTESIAN_POINT ( 'NONE',  ( 1.100000000000002087, 0.9860022573334675799, -0.1250000000000000000 ) ) ;
#2745 = LINE ( 'NONE', #1634, #4438 ) ;
#2746 = AXIS2_PLACEMENT_3D ( 'NONE', #2793, #3186, #1737 ) ;
#2747 = LINE ( 'NONE', #647, #3611 ) ;
#2748 = DIRECTION ( 'NONE',  ( 0.000000000000000000, -1.000000000000000000, 0.000000000000000000 ) ) ;
#2749 = ORIENTED_EDGE ( 'NONE', *, *, #3673, .T. ) ;
#2750 = CARTESIAN_POINT ( 'NONE',  ( 1.099999999999999867, 5.330165161069341906, 1.250000000000000222 ) ) ;
#2751 = VERTEX_POINT ( 'NONE', #314 ) ;
#2752 = LINE ( 'NONE', #1986, #1043 ) ;
#2753 = FILL_AREA_STYLE_COLOUR ( '', #2832 ) ;
#2754 = LINE ( 'NONE', #25, #1799 ) ;
#2755 = VECTOR ( 'NONE', #898, 1000.000000000000000 ) ;
#2756 = ORIENTED_EDGE ( 'NONE', *, *, #147, .F. ) ;
#2757 = ORIENTED_EDGE ( 'NONE', *, *, #3019, .T. ) ;
#2758 = LINE ( 'NONE', #4545, #595 ) ;
#2759 = VECTOR ( 'NONE', #349, 1000.000000000000000 ) ;
#2760 = VECTOR ( 'NONE', #66, 1000.000000000000000 ) ;
#2761 = EDGE_CURVE ( 'NONE', #1869, #3595, #3861, .T. ) ;
#2762 = VERTEX_POINT ( 'NONE', #2857 ) ;
#2763 = EDGE_CURVE ( 'NONE', #4475, #655, #335, .T. ) ;
#2764 = DIRECTION ( 'NONE',  ( -6.377659838150026227E-17, 0.000000000000000000, -1.000000000000000000 ) ) ;
#2765 = EDGE_CURVE ( 'NONE', #1876, #1775, #2828, .T. ) ;
#2766 = PLANE ( 'NONE',  #2546 ) ;
#2767 = CYLINDRICAL_SURFACE ( 'NONE', #3720, 0.1269140061042962064 ) ;
#2768 = EDGE_CURVE ( 'NONE', #484, #1027, #1102, .T. ) ;
#2769 = LINE ( 'NONE', #1756, #4377 ) ;
#2770 = CARTESIAN_POINT ( 'NONE',  ( -0.8250000000000020650, 0.1000000000000000056, 0.000000000000000000 ) ) ;
#2771 = ORIENTED_EDGE ( 'NONE', *, *, #3724, .F. ) ;
#2772 = DIRECTION ( 'NONE',  ( 1.000000000000000000, -0.000000000000000000, -6.377659838150026227E-17 ) ) ;
#2773 = VECTOR ( 'NONE', #845, 1000.000000000000000 ) ;
#2774 = VERTEX_POINT ( 'NONE', #729 ) ;
#2775 = LINE ( 'NONE', #4163, #1782 ) ;
#2776 =( GEOMETRIC_REPRESENTATION_CONTEXT ( 3 ) GLOBAL_UNCERTAINTY_ASSIGNED_CONTEXT ( ( #2812 ) ) GLOBAL_UNIT_ASSIGNED_CONTEXT ( ( #3445, #3101, #1005 ) ) REPRESENTATION_CONTEXT ( 'NONE', 'WORKASPACE' ) );
#2777 = ORIENTED_EDGE ( 'NONE', *, *, #1725, .T. ) ;
#2778 = DIRECTION ( 'NONE',  ( 0.000000000000000000, 0.000000000000000000, 1.000000000000000000 ) ) ;
#2779 = ORIENTED_EDGE ( 'NONE', *, *, #4390, .F. ) ;
#2780 = CARTESIAN_POINT ( 'NONE',  ( 1.100000000000000311, 0.1000000000000000472, 0.3750000000000000000 ) ) ;
#2781 = ORIENTED_EDGE ( 'NONE', *, *, #1629, .F. ) ;
#2782 = LINE ( 'NONE', #1077, #2217 ) ;
#2783 = DIRECTION ( 'NONE',  ( -0.000000000000000000, -0.000000000000000000, -1.000000000000000000 ) ) ;
#2784 = VECTOR ( 'NONE', #3357, 1000.000000000000000 ) ;
#2785 = PLANE ( 'NONE',  #30 ) ;
#2786 = EDGE_CURVE ( 'NONE', #2445, #1313, #3905, .T. ) ;
#2787 = FACE_BOUND ( 'NONE', #2720, .T. ) ;
#2788 = DIRECTION ( 'NONE',  ( 0.000000000000000000, 0.000000000000000000, 1.000000000000000000 ) ) ;
#2789 = ORIENTED_EDGE ( 'NONE', *, *, #2226, .F. ) ;
#2790 = CARTESIAN_POINT ( 'NONE',  ( 0.000000000000000000, 0.05000000000000000278, 0.000000000000000000 ) ) ;
#2791 = ADVANCED_FACE ( 'NONE', ( #3843 ), #403, .F. ) ;
#2792 = ORIENTED_EDGE ( 'NONE', *, *, #508, .F. ) ;
#2793 = CARTESIAN_POINT ( 'NONE',  ( -0.7657500870170551588, 1.000000000000000000, -0.9529334416212273950 ) ) ;
#2794 = DIRECTION ( 'NONE',  ( 0.000000000000000000, 1.000000000000000000, 0.000000000000000000 ) ) ;
#2795 = EDGE_LOOP ( 'NONE', ( #18, #3797, #1938, #1562 ) ) ;
#2796 = LINE ( 'NONE', #3817, #546 ) ;
#2797 = FILL_AREA_STYLE ('',( #682 ) ) ;
#2798 = EDGE_CURVE ( 'NONE', #237, #710, #4266, .T. ) ;
#2799 = CIRCLE ( 'NONE', #4184, 0.1250000000000000000 ) ;
#2800 = ORIENTED_EDGE ( 'NONE', *, *, #2662, .T. ) ;
#2801 = ORIENTED_EDGE ( 'NONE', *, *, #509, .T. ) ;
#2802 = PRODUCT ( 'RPS12', 'RPS12', '', ( #96 ) ) ;
#2803 = CARTESIAN_POINT ( 'NONE',  ( -0.8250000000000002887, 0.9860022573334675799, 0.6250000000000000000 ) ) ;
#2804 = DIRECTION ( 'NONE',  ( 0.000000000000000000, 0.000000000000000000, -1.000000000000000000 ) ) ;
#2805 = DIRECTION ( 'NONE',  ( 0.000000000000000000, -0.000000000000000000, -1.000000000000000000 ) ) ;
#2806 = ORIENTED_EDGE ( 'NONE', *, *, #3698, .F. ) ;
#2807 = DIRECTION ( 'NONE',  ( 0.000000000000000000, 0.000000000000000000, 1.000000000000000000 ) ) ;
#2808 = DIRECTION ( 'NONE',  ( -0.000000000000000000, 0.000000000000000000, 1.000000000000000000 ) ) ;
#2809 = VERTEX_POINT ( 'NONE', #2452 ) ;
#2810 = DIRECTION ( 'NONE',  ( -1.000000000000000000, 0.000000000000000000, 0.000000000000000000 ) ) ;
#2811 = AXIS2_PLACEMENT_3D ( 'NONE', #4208, #2944, #4335 ) ;
#2812 = UNCERTAINTY_MEASURE_WITH_UNIT (LENGTH_MEASURE( 1.000000000000000082E-05 ), #3445, 'distance_accuracy_value', 'NONE');
#2813 = ORIENTED_EDGE ( 'NONE', *, *, #3740, .F. ) ;
#2814 = EDGE_LOOP ( 'NONE', ( #3820, #4259, #2718, #1209 ) ) ;
#2815 = DIRECTION ( 'NONE',  ( 0.000000000000000000, 1.000000000000000000, 0.000000000000000000 ) ) ;
#2816 = EDGE_CURVE ( 'NONE', #2477, #2727, #3562, .T. ) ;
#2817 = ADVANCED_FACE ( 'NONE', ( #34 ), #58, .F. ) ;
#2818 = ADVANCED_FACE ( 'NONE', ( #4551 ), #1418, .T. ) ;
#2819 = DIRECTION ( 'NONE',  ( 0.000000000000000000, 0.000000000000000000, -1.000000000000000000 ) ) ;
#2820 = CARTESIAN_POINT ( 'NONE',  ( 0.9500000000000002887, 0.1000000000000000472, 1.250000000000000444 ) ) ;
#2821 = ORIENTED_EDGE ( 'NONE', *, *, #80, .F. ) ;
#2822 = DIRECTION ( 'NONE',  ( 0.000000000000000000, 0.000000000000000000, 1.000000000000000000 ) ) ;
#2823 = FACE_OUTER_BOUND ( 'NONE', #3893, .T. ) ;
#2824 = VERTEX_POINT ( 'NONE', #2122 ) ;
#2825 = VECTOR ( 'NONE', #3295, 1000.000000000000000 ) ;
#2826 = DIRECTION ( 'NONE',  ( 1.000000000000000000, 0.000000000000000000, 5.421010862427514281E-16 ) ) ;
#2827 = DIRECTION ( 'NONE',  ( 0.000000000000000000, 0.000000000000000000, 1.000000000000000000 ) ) ;
#2828 = LINE ( 'NONE', #1379, #2027 ) ;
#2829 = COLOUR_RGB ( '',0.7960784313725489669, 0.8235294117647058432, 0.9372549019607843146 ) ;
#2830 = VECTOR ( 'NONE', #4275, 1000.000000000000000 ) ;
#2831 = ADVANCED_FACE ( 'NONE', ( #3884 ), #2785, .T. ) ;
#2832 = COLOUR_RGB ( '',0.7960784313725489669, 0.8235294117647058432, 0.9372549019607843146 ) ;
#2833 = VERTEX_POINT ( 'NONE', #1031 ) ;
#2834 = VECTOR ( 'NONE', #2361, 1000.000000000000000 ) ;
#2835 = SURFACE_STYLE_FILL_AREA ( #1419 ) ;
#2836 = ORIENTED_EDGE ( 'NONE', *, *, #203, .F. ) ;
#2837 = PLANE ( 'NONE',  #2473 ) ;
#2838 = CARTESIAN_POINT ( 'NONE',  ( 0.2500000000000003331, 0.000000000000000000, -0.6250000000000003331 ) ) ;
#2839 = ORIENTED_EDGE ( 'NONE', *, *, #3708, .T. ) ;
#2840 = DIRECTION ( 'NONE',  ( 3.942553354492739094E-16, 0.000000000000000000, -1.000000000000000000 ) ) ;
#2841 = ORIENTED_EDGE ( 'NONE', *, *, #3662, .T. ) ;
#2842 = LINE ( 'NONE', #787, #942 ) ;
#2843 = EDGE_CURVE ( 'NONE', #115, #4160, #665, .T. ) ;
#2844 = EDGE_CURVE ( 'NONE', #837, #1200, #3472, .T. ) ;
#2845 = AXIS2_PLACEMENT_3D ( 'NONE', #3682, #3753, #592 ) ;
#2846 = CARTESIAN_POINT ( 'NONE',  ( -0.8250000000000020650, 0.000000000000000000, 0.1250000000000000000 ) ) ;
#2847 = DIRECTION ( 'NONE',  ( 0.000000000000000000, -1.000000000000000000, 0.000000000000000000 ) ) ;
#2848 = VERTEX_POINT ( 'NONE', #356 ) ;
#2849 = CARTESIAN_POINT ( 'NONE',  ( -0.9500000000000002887, 0.05000000000000000278, 1.250000000000000444 ) ) ;
#2850 = DIRECTION ( 'NONE',  ( -1.000000000000000000, 0.000000000000000000, 0.000000000000000000 ) ) ;
#2851 = EDGE_CURVE ( 'NONE', #2333, #4455, #3174, .T. ) ;
#2852 = EDGE_CURVE ( 'NONE', #771, #1472, #2142, .T. ) ;
#2853 = ORIENTED_EDGE ( 'NONE', *, *, #4488, .T. ) ;
#2854 = CARTESIAN_POINT ( 'NONE',  ( -1.100000000000000311, 0.05000000000000000278, -1.249999999999999778 ) ) ;
#2855 = CARTESIAN_POINT ( 'NONE',  ( -0.9500000000000002887, 0.05000000000000000278, -1.100000000000000755 ) ) ;
#2856 = AXIS2_PLACEMENT_3D ( 'NONE', #4440, #3454, #3109 ) ;
#2857 = CARTESIAN_POINT ( 'NONE',  ( -1.100000000000000311, 0.1000000000000000056, 1.100000000000000755 ) ) ;
#2858 = VERTEX_POINT ( 'NONE', #1790 ) ;
#2859 = CARTESIAN_POINT ( 'NONE',  ( 0.5499999999999997113, 0.1000000000000000472, -1.250000000000000222 ) ) ;
#2860 = AXIS2_PLACEMENT_3D ( 'NONE', #1863, #133, #3223 ) ;
#2861 = VERTEX_POINT ( 'NONE', #4344 ) ;
#2862 = CARTESIAN_POINT ( 'NONE',  ( -0.1250000000000000833, 0.1000000000000000056, 0.6500000000000004663 ) ) ;
#2863 = ORIENTED_EDGE ( 'NONE', *, *, #3133, .T. ) ;
#2864 = LINE ( 'NONE', #1425, #181 ) ;
#2865 = ORIENTED_EDGE ( 'NONE', *, *, #2004, .T. ) ;
#2866 = LINE ( 'NONE', #346, #1236 ) ;
#2867 = CARTESIAN_POINT ( 'NONE',  ( -0.1250000000000000000, 0.1000000000000000056, -0.9749999999999997558 ) ) ;
#2868 = DIRECTION ( 'NONE',  ( -1.000000000000000000, 0.000000000000000000, 0.000000000000000000 ) ) ;
#2869 = VERTEX_POINT ( 'NONE', #1196 ) ;
#2870 = CARTESIAN_POINT ( 'NONE',  ( 1.100000000000000311, 0.1000000000000000472, 1.100000000000000755 ) ) ;
#2871 = ORIENTED_EDGE ( 'NONE', *, *, #1966, .T. ) ;
#2872 = DIRECTION ( 'NONE',  ( -0.000000000000000000, -1.000000000000000000, -0.000000000000000000 ) ) ;
#2873 = VECTOR ( 'NONE', #4299, 1000.000000000000000 ) ;
#2874 = DIRECTION ( 'NONE',  ( 1.000000000000000000, -0.000000000000000000, 3.826595902890015736E-16 ) ) ;
#2875 = ADVANCED_FACE ( 'NONE', ( #2242 ), #3312, .F. ) ;
#2876 = CARTESIAN_POINT ( 'NONE',  ( 0.000000000000000000, 0.000000000000000000, 0.000000000000000000 ) ) ;
#2877 = VECTOR ( 'NONE', #2913, 1000.000000000000000 ) ;
#2878 = DIRECTION ( 'NONE',  ( 0.000000000000000000, 0.000000000000000000, -1.000000000000000000 ) ) ;
#2879 = ORIENTED_EDGE ( 'NONE', *, *, #3269, .F. ) ;
#2880 = EDGE_CURVE ( 'NONE', #649, #3771, #2992, .T. ) ;
#2881 = CARTESIAN_POINT ( 'NONE',  ( 0.000000000000000000, 0.000000000000000000, -0.9749999999999997558 ) ) ;
#2882 = ORIENTED_EDGE ( 'NONE', *, *, #3075, .F. ) ;
#2883 = DIRECTION ( 'NONE',  ( 0.000000000000000000, -0.000000000000000000, 1.000000000000000000 ) ) ;
#2884 = ORIENTED_EDGE ( 'NONE', *, *, #3515, .F. ) ;
#2885 = LINE ( 'NONE', #3960, #1369 ) ;
#2886 = CARTESIAN_POINT ( 'NONE',  ( 1.100000000000000311, 0.1000000000000000056, 0.6250000000000000000 ) ) ;
#2887 = AXIS2_PLACEMENT_3D ( 'NONE', #3652, #211, #3677 ) ;
#2888 = EDGE_CURVE ( 'NONE', #972, #457, #173, .T. ) ;
#2889 = PLANE ( 'NONE',  #2256 ) ;
#2890 = ORIENTED_EDGE ( 'NONE', *, *, #80, .T. ) ;
#2891 = DIRECTION ( 'NONE',  ( 0.000000000000000000, -1.000000000000000000, 0.000000000000000000 ) ) ;
#2892 = ORIENTED_EDGE ( 'NONE', *, *, #4345, .F. ) ;
#2893 = FACE_OUTER_BOUND ( 'NONE', #598, .T. ) ;
#2894 = DIRECTION ( 'NONE',  ( -0.000000000000000000, -1.000000000000000000, -0.000000000000000000 ) ) ;
#2895 = DIRECTION ( 'NONE',  ( 0.000000000000000000, 0.000000000000000000, -1.000000000000000000 ) ) ;
#2896 = EDGE_CURVE ( 'NONE', #3296, #82, #823, .T. ) ;
#2897 = EDGE_CURVE ( 'NONE', #802, #4036, #2973, .T. ) ;
#2898 = PRESENTATION_LAYER_ASSIGNMENT (  '', '', ( #3116 ) ) ;
#2899 = EDGE_CURVE ( 'NONE', #2930, #802, #2330, .T. ) ;
#2900 = VERTEX_POINT ( 'NONE', #4389 ) ;
#2901 = ORIENTED_EDGE ( 'NONE', *, *, #2508, .T. ) ;
#2902 = DIRECTION ( 'NONE',  ( -1.355252715606880543E-16, 0.000000000000000000, -1.000000000000000000 ) ) ;
#2903 = VECTOR ( 'NONE', #145, 1000.000000000000000 ) ;
#2904 = DIRECTION ( 'NONE',  ( 1.000000000000000000, 0.000000000000000000, 0.000000000000000000 ) ) ;
#2905 = AXIS2_PLACEMENT_3D ( 'NONE', #158, #1228, #968 ) ;
#2906 = CIRCLE ( 'NONE', #4205, 0.1250000000000000000 ) ;
#2907 = VERTEX_POINT ( 'NONE', #3995 ) ;
#2908 = PLANE ( 'NONE',  #3273 ) ;
#2909 = CLOSED_SHELL ( 'NONE', ( #4237, #1366, #1636, #3182, #1122, #3636, #2577, #3406 ) ) ;
#2910 = VECTOR ( 'NONE', #4034, 1000.000000000000000 ) ;
#2911 = VECTOR ( 'NONE', #1838, 1000.000000000000000 ) ;
#2912 = VERTEX_POINT ( 'NONE', #847 ) ;
#2913 = DIRECTION ( 'NONE',  ( -1.000000000000000000, 0.000000000000000000, 0.000000000000000000 ) ) ;
#2914 = LINE ( 'NONE', #1898, #3812 ) ;
#2915 = ORIENTED_EDGE ( 'NONE', *, *, #1817, .T. ) ;
#2916 = CARTESIAN_POINT ( 'NONE',  ( -0.2500000000000002776, 0.1000000000000000472, -0.3749999999999999445 ) ) ;
#2917 = LINE ( 'NONE', #2510, #4437 ) ;
#2918 = ORIENTED_EDGE ( 'NONE', *, *, #508, .T. ) ;
#2919 = CARTESIAN_POINT ( 'NONE',  ( 0.1250000000000000555, 0.000000000000000000, -0.9749999999999997558 ) ) ;
#2920 = EDGE_CURVE ( 'NONE', #3491, #1072, #524, .T. ) ;
#2921 = AXIS2_PLACEMENT_3D ( 'NONE', #3149, #1074, #4500 ) ;
#2922 = ORIENTED_EDGE ( 'NONE', *, *, #852, .T. ) ;
#2923 = ORIENTED_EDGE ( 'NONE', *, *, #1696, .T. ) ;
#2924 = DIRECTION ( 'NONE',  ( 0.000000000000000000, -1.000000000000000000, 0.000000000000000000 ) ) ;
#2925 = FACE_OUTER_BOUND ( 'NONE', #1063, .T. ) ;
#2926 = VECTOR ( 'NONE', #1918, 1000.000000000000000 ) ;
#2927 = CIRCLE ( 'NONE', #1157, 0.1250000000000000000 ) ;
#2928 = ADVANCED_FACE ( 'NONE', ( #2268 ), #500, .F. ) ;
#2929 = CARTESIAN_POINT ( 'NONE',  ( -1.100000000000000311, 0.1000000000000000472, -0.3749999999999998890 ) ) ;
#2930 = VERTEX_POINT ( 'NONE', #1885 ) ;
#2931 = AXIS2_PLACEMENT_3D ( 'NONE', #4176, #1757, #64 ) ;
#2932 = DIRECTION ( 'NONE',  ( -1.000000000000000000, 0.000000000000000000, -0.000000000000000000 ) ) ;
#2933 = EDGE_LOOP ( 'NONE', ( #1695, #761, #2741, #1026, #1959, #3525, #3980 ) ) ;
#2934 = CARTESIAN_POINT ( 'NONE',  ( -0.8250000000000002887, 0.1000000000000000472, 0.5000000000000000000 ) ) ;
#2935 = LINE ( 'NONE', #430, #1728 ) ;
#2936 = VERTEX_POINT ( 'NONE', #3290 ) ;
#2937 = FACE_OUTER_BOUND ( 'NONE', #1613, .T. ) ;
#2938 = EDGE_CURVE ( 'NONE', #280, #2833, #152, .T. ) ;
#2939 = ORIENTED_EDGE ( 'NONE', *, *, #1817, .F. ) ;
#2940 = CARTESIAN_POINT ( 'NONE',  ( -0.7657500870170551588, 1.000000000000000000, -1.079847447725523546 ) ) ;
#2941 = CARTESIAN_POINT ( 'NONE',  ( 1.100000000000000311, 0.1000000000000000472, 0.3750000000000000000 ) ) ;
#2942 = EDGE_CURVE ( 'NONE', #1505, #649, #3972, .T. ) ;
#2943 = ORIENTED_EDGE ( 'NONE', *, *, #4267, .T. ) ;
#2944 = DIRECTION ( 'NONE',  ( 0.000000000000000000, 1.000000000000000000, -0.000000000000000000 ) ) ;
#2945 = DIRECTION ( 'NONE',  ( -0.000000000000000000, -1.000000000000000000, -0.000000000000000000 ) ) ;
#2946 = ORIENTED_EDGE ( 'NONE', *, *, #2086, .T. ) ;
#2947 = LINE ( 'NONE', #1096, #3660 ) ;
#2948 = EDGE_CURVE ( 'NONE', #4419, #95, #2288, .T. ) ;
#2949 = ORIENTED_EDGE ( 'NONE', *, *, #3122, .F. ) ;
#2950 = CARTESIAN_POINT ( 'NONE',  ( 0.000000000000000000, 0.000000000000000000, 0.000000000000000000 ) ) ;
#2951 = CARTESIAN_POINT ( 'NONE',  ( 0.000000000000000000, 0.9860022573334675799, -0.9749999999999997558 ) ) ;
#2952 = DIRECTION ( 'NONE',  ( 1.807003620809174139E-16, 0.000000000000000000, 1.000000000000000000 ) ) ;
#2953 = VECTOR ( 'NONE', #3470, 1000.000000000000000 ) ;
#2954 = ORIENTED_EDGE ( 'NONE', *, *, #623, .T. ) ;
#2955 =( NAMED_UNIT ( * ) SI_UNIT ( $, .STERADIAN. ) SOLID_ANGLE_UNIT ( ) );
#2956 = DIRECTION ( 'NONE',  ( 0.000000000000000000, -1.000000000000000000, 0.000000000000000000 ) ) ;
#2957 = LINE ( 'NONE', #4273, #3119 ) ;
#2958 = ORIENTED_EDGE ( 'NONE', *, *, #1282, .T. ) ;
#2959 = FACE_OUTER_BOUND ( 'NONE', #159, .T. ) ;
#2960 = ORIENTED_EDGE ( 'NONE', *, *, #2144, .T. ) ;
#2961 = DIRECTION ( 'NONE',  ( 0.000000000000000000, 0.000000000000000000, -1.000000000000000000 ) ) ;
#2962 = DIRECTION ( 'NONE',  ( -0.000000000000000000, -0.000000000000000000, 1.000000000000000000 ) ) ;
#2963 = ORIENTED_EDGE ( 'NONE', *, *, #1671, .F. ) ;
#2964 = EDGE_CURVE ( 'NONE', #514, #65, #3952, .T. ) ;
#2965 = EDGE_CURVE ( 'NONE', #2762, #3497, #131, .T. ) ;
#2966 = CARTESIAN_POINT ( 'NONE',  ( -0.8250000000000020650, 0.9860022573334675799, -0.1250000000000000000 ) ) ;
#2967 = CYLINDRICAL_SURFACE ( 'NONE', #3117, 0.1250000000000000000 ) ;
#2968 = ORIENTED_EDGE ( 'NONE', *, *, #196, .T. ) ;
#2969 = VECTOR ( 'NONE', #3365, 1000.000000000000000 ) ;
#2970 = ORIENTED_EDGE ( 'NONE', *, *, #2942, .F. ) ;
#2971 = CARTESIAN_POINT ( 'NONE',  ( 0.1250000000000001110, 0.1000000000000000472, 1.250000000000000222 ) ) ;
#2972 = CARTESIAN_POINT ( 'NONE',  ( -0.1250000000000001110, 0.1000000000000000472, 0.6500000000000004663 ) ) ;
#2973 = LINE ( 'NONE', #4294, #4446 ) ;
#2974 = ORIENTED_EDGE ( 'NONE', *, *, #2888, .F. ) ;
#2975 = CARTESIAN_POINT ( 'NONE',  ( 1.100000000000000311, 0.000000000000000000, -0.6250000000000000000 ) ) ;
#2976 = PLANE ( 'NONE',  #3715 ) ;
#2977 = CARTESIAN_POINT ( 'NONE',  ( 0.2500000000000002776, 0.05000000000000000278, -0.3749999999999999445 ) ) ;
#2978 = AXIS2_PLACEMENT_3D ( 'NONE', #967, #2386, #620 ) ;
#2979 = CARTESIAN_POINT ( 'NONE',  ( 1.100000000000002087, 0.1000000000000000056, 0.1250000000000000000 ) ) ;
#2980 = CARTESIAN_POINT ( 'NONE',  ( -0.7657500870170551588, 1.000000000000000000, -0.8260194355169312441 ) ) ;
#2981 = VECTOR ( 'NONE', #4107, 1000.000000000000000 ) ;
#2982 = VECTOR ( 'NONE', #2249, 1000.000000000000000 ) ;
#2983 = AXIS2_PLACEMENT_3D ( 'NONE', #3108, #4510, #1359 ) ;
#2984 = ORIENTED_EDGE ( 'NONE', *, *, #1075, .T. ) ;
#2985 = LINE ( 'NONE', #491, #450 ) ;
#2986 = DIRECTION ( 'NONE',  ( 0.000000000000000000, -0.000000000000000000, -1.000000000000000000 ) ) ;
#2987 = ADVANCED_FACE ( 'NONE', ( #3244 ), #81, .T. ) ;
#2988 = EDGE_CURVE ( 'NONE', #4228, #252, #1147, .T. ) ;
#2989 = PLANE ( 'NONE',  #1726 ) ;
#2990 = ORIENTED_EDGE ( 'NONE', *, *, #651, .F. ) ;
#2991 = DIRECTION ( 'NONE',  ( 0.000000000000000000, 0.000000000000000000, -1.000000000000000000 ) ) ;
#2992 = LINE ( 'NONE', #2636, #630 ) ;
#2993 = EDGE_CURVE ( 'NONE', #710, #1927, #3265, .T. ) ;
#2994 = ORIENTED_EDGE ( 'NONE', *, *, #2897, .T. ) ;
#2995 = COLOUR_RGB ( '',0.7960784313725489669, 0.8235294117647058432, 0.9372549019607843146 ) ;
#2996 = DIRECTION ( 'NONE',  ( 0.000000000000000000, -0.000000000000000000, 1.000000000000000000 ) ) ;
#2997 = CARTESIAN_POINT ( 'NONE',  ( 1.100000000000000311, 0.1000000000000000056, -0.3749999999999998890 ) ) ;
#2998 = LINE ( 'NONE', #3083, #839 ) ;
#2999 = FACE_OUTER_BOUND ( 'NONE', #1630, .T. ) ;
#3000 = CARTESIAN_POINT ( 'NONE',  ( 0.000000000000000000, 0.05000000000000000278, 0.3750000000000000000 ) ) ;
#3001 = EDGE_LOOP ( 'NONE', ( #1689, #866, #1148, #1365 ) ) ;
#3002 = CARTESIAN_POINT ( 'NONE',  ( -1.100000000000000311, 0.1000000000000000472, -1.100000000000000755 ) ) ;
#3003 = AXIS2_PLACEMENT_3D ( 'NONE', #1615, #1272, #3742 ) ;
#3004 = ORIENTED_EDGE ( 'NONE', *, *, #2182, .T. ) ;
#3005 = CARTESIAN_POINT ( 'NONE',  ( -1.100000000000000311, 0.1000000000000000472, 0.8749999999999994449 ) ) ;
#3006 = CARTESIAN_POINT ( 'NONE',  ( -1.100000000000000311, 0.9860022573334675799, -0.6250000000000000000 ) ) ;
#3007 = MECHANICAL_DESIGN_GEOMETRIC_PRESENTATION_REPRESENTATION (  '', ( #419 ), #231 ) ;
#3008 = CARTESIAN_POINT ( 'NONE',  ( 0.000000000000000000, 0.1000000000000000056, 0.000000000000000000 ) ) ;
#3009 = VERTEX_POINT ( 'NONE', #2929 ) ;
#3010 = PLANE ( 'NONE',  #3090 ) ;
#3011 = CARTESIAN_POINT ( 'NONE',  ( 0.1250000000000000000, 0.9860022573334675799, 0.6500000000000004663 ) ) ;
#3012 = VERTEX_POINT ( 'NONE', #4319 ) ;
#3013 = LINE ( 'NONE', #3552, #3441 ) ;
#3014 = EDGE_CURVE ( 'NONE', #3840, #1676, #2589, .T. ) ;
#3015 = CARTESIAN_POINT ( 'NONE',  ( -0.8250000000000002887, 0.05000000000000000278, 0.5000000000000000000 ) ) ;
#3016 = CARTESIAN_POINT ( 'NONE',  ( -0.2500000000000003331, 0.1000000000000000056, -0.6250000000000003331 ) ) ;
#3017 = CARTESIAN_POINT ( 'NONE',  ( -0.8250000000000020650, 0.1000000000000000472, 0.000000000000000000 ) ) ;
#3018 = VECTOR ( 'NONE', #3658, 1000.000000000000000 ) ;
#3019 = EDGE_CURVE ( 'NONE', #3500, #2092, #1262, .T. ) ;
#3020 = EDGE_CURVE ( 'NONE', #655, #3924, #1627, .T. ) ;
#3021 = DIRECTION ( 'NONE',  ( 0.000000000000000000, -0.000000000000000000, -1.000000000000000000 ) ) ;
#3022 = DIRECTION ( 'NONE',  ( 0.000000000000000000, 0.000000000000000000, 1.000000000000000000 ) ) ;
#3023 = DIRECTION ( 'NONE',  ( 0.000000000000000000, 0.000000000000000000, -1.000000000000000000 ) ) ;
#3024 = AXIS2_PLACEMENT_3D ( 'NONE', #1680, #4414, #3737 ) ;
#3025 = VECTOR ( 'NONE', #2454, 1000.000000000000000 ) ;
#3026 = EDGE_LOOP ( 'NONE', ( #2963, #3839, #4168, #2598 ) ) ;
#3027 = CARTESIAN_POINT ( 'NONE',  ( -0.1250000000000000000, 0.05000000000000000278, -0.9749999999999997558 ) ) ;
#3028 = PLANE ( 'NONE',  #552 ) ;
#3029 = CLOSED_SHELL ( 'NONE', ( #2237, #2272, #3868, #2460, #2066, #1018, #2817, #4170 ) ) ;
#3030 = CARTESIAN_POINT ( 'NONE',  ( -0.9500000000000002887, 0.000000000000000000, 1.100000000000000755 ) ) ;
#3031 = ORIENTED_EDGE ( 'NONE', *, *, #2609, .T. ) ;
#3032 = PLANE ( 'NONE',  #1619 ) ;
#3033 = FILL_AREA_STYLE ('',( #1678 ) ) ;
#3034 = AXIS2_PLACEMENT_3D ( 'NONE', #2966, #3696, #1211 ) ;
#3035 = DIRECTION ( 'NONE',  ( 0.000000000000000000, 0.000000000000000000, 1.000000000000000000 ) ) ;
#3036 = ORIENTED_EDGE ( 'NONE', *, *, #4180, .T. ) ;
#3037 =( NAMED_UNIT ( * ) PLANE_ANGLE_UNIT ( ) SI_UNIT ( $, .RADIAN. ) );
#3038 = CARTESIAN_POINT ( 'NONE',  ( 1.100000000000000311, 0.000000000000000000, 0.6250000000000000000 ) ) ;
#3039 = PLANE ( 'NONE',  #1423 ) ;
#3040 = FACE_OUTER_BOUND ( 'NONE', #1911, .T. ) ;
#3041 = EDGE_CURVE ( 'NONE', #3414, #1037, #2308, .T. ) ;
#3042 = EDGE_CURVE ( 'NONE', #2930, #3326, #2677, .T. ) ;
#3043 = FACE_OUTER_BOUND ( 'NONE', #1540, .T. ) ;
#3044 = DIRECTION ( 'NONE',  ( -0.000000000000000000, -1.000000000000000000, -0.000000000000000000 ) ) ;
#3045 = ORIENTED_EDGE ( 'NONE', *, *, #564, .F. ) ;
#3046 = LINE ( 'NONE', #1364, #1358 ) ;
#3047 = ORIENTED_EDGE ( 'NONE', *, *, #59, .F. ) ;
#3048 = DIRECTION ( 'NONE',  ( 0.000000000000000000, -0.000000000000000000, 1.000000000000000000 ) ) ;
#3049 = PRESENTATION_STYLE_ASSIGNMENT (( #4449 ) ) ;
#3050 = VECTOR ( 'NONE', #2583, 1000.000000000000000 ) ;
#3051 = AXIS2_PLACEMENT_3D ( 'NONE', #1009, #2723, #1705 ) ;
#3052 = VECTOR ( 'NONE', #734, 1000.000000000000000 ) ;
#3053 = AXIS2_PLACEMENT_3D ( 'NONE', #686, #2096, #4174 ) ;
#3054 = CARTESIAN_POINT ( 'NONE',  ( 1.100000000000000311, 0.1000000000000000056, -0.6250000000000000000 ) ) ;
#3055 = ORIENTED_EDGE ( 'NONE', *, *, #1160, .T. ) ;
#3056 = CARTESIAN_POINT ( 'NONE',  ( 0.8250000000000020650, 0.1000000000000000056, 0.1250000000000000000 ) ) ;
#3057 = FACE_OUTER_BOUND ( 'NONE', #1305, .T. ) ;
#3058 = EDGE_CURVE ( 'NONE', #4455, #3185, #3754, .T. ) ;
#3059 = ORIENTED_EDGE ( 'NONE', *, *, #2662, .F. ) ;
#3060 = ORIENTED_EDGE ( 'NONE', *, *, #4029, .F. ) ;
#3061 = FILL_AREA_STYLE ('',( #919 ) ) ;
#3062 = DIRECTION ( 'NONE',  ( 0.000000000000000000, 0.000000000000000000, -1.000000000000000000 ) ) ;
#3063 = DIRECTION ( 'NONE',  ( 1.000000000000000000, 0.000000000000000000, -0.000000000000000000 ) ) ;
#3064 = DIRECTION ( 'NONE',  ( 0.000000000000000000, 0.000000000000000000, -1.000000000000000000 ) ) ;
#3065 = CIRCLE ( 'NONE', #1079, 0.1250000000000001110 ) ;
#3066 = FACE_OUTER_BOUND ( 'NONE', #1582, .T. ) ;
#3067 = DIRECTION ( 'NONE',  ( 0.000000000000000000, 0.000000000000000000, 1.000000000000000000 ) ) ;
#3068 = ORIENTED_EDGE ( 'NONE', *, *, #2896, .F. ) ;
#3069 = EDGE_CURVE ( 'NONE', #820, #1501, #3398, .T. ) ;
#3070 = DIRECTION ( 'NONE',  ( 0.000000000000000000, -1.000000000000000000, 0.000000000000000000 ) ) ;
#3071 = EDGE_LOOP ( 'NONE', ( #2372, #2890, #2018, #2616 ) ) ;
#3072 = CARTESIAN_POINT ( 'NONE',  ( -0.9500000000000002887, 0.1000000000000000056, -1.100000000000000755 ) ) ;
#3073 = FILL_AREA_STYLE_COLOUR ( '', #2829 ) ;
#3074 = AXIS2_PLACEMENT_3D ( 'NONE', #19, #1389, #4229 ) ;
#3075 = EDGE_CURVE ( 'NONE', #2180, #192, #941, .T. ) ;
#3076 = FACE_OUTER_BOUND ( 'NONE', #3743, .T. ) ;
#3077 = EDGE_LOOP ( 'NONE', ( #4522, #2048, #1388, #2922 ) ) ;
#3078 = ORIENTED_EDGE ( 'NONE', *, *, #1670, .T. ) ;
#3079 = CARTESIAN_POINT ( 'NONE',  ( -0.2500000000000003331, 0.1000000000000000056, -0.6250000000000003331 ) ) ;
#3080 = ORIENTED_EDGE ( 'NONE', *, *, #2581, .T. ) ;
#3081 = FILL_AREA_STYLE_COLOUR ( '', #796 ) ;
#3082 = CARTESIAN_POINT ( 'NONE',  ( 0.5499999999999997113, 0.1000000000000000056, -1.250000000000000222 ) ) ;
#3083 = CARTESIAN_POINT ( 'NONE',  ( -2.371692252312037991E-16, 0.05000000000000000278, -0.8749999999999997780 ) ) ;
#3084 = DIRECTION ( 'NONE',  ( 0.000000000000000000, 1.000000000000000000, 0.000000000000000000 ) ) ;
#3085 = CARTESIAN_POINT ( 'NONE',  ( 0.1250000000000001110, 0.000000000000000000, 1.250000000000000444 ) ) ;
#3086 = DIRECTION ( 'NONE',  ( -1.355252715606880543E-16, 0.000000000000000000, -1.000000000000000000 ) ) ;
#3087 = ORIENTED_EDGE ( 'NONE', *, *, #653, .F. ) ;
#3088 = FACE_OUTER_BOUND ( 'NONE', #2117, .T. ) ;
#3089 = UNCERTAINTY_MEASURE_WITH_UNIT (LENGTH_MEASURE( 1.000000000000000082E-05 ), #2168, 'distance_accuracy_value', 'NONE');
#3090 = AXIS2_PLACEMENT_3D ( 'NONE', #3079, #3729, #2675 ) ;
#3091 = ORIENTED_EDGE ( 'NONE', *, *, #2508, .F. ) ;
#3092 = VECTOR ( 'NONE', #1174, 1000.000000000000000 ) ;
#3093 = CARTESIAN_POINT ( 'NONE',  ( 1.100000000000000311, 0.1000000000000000056, 0.8749999999999994449 ) ) ;
#3094 = EDGE_CURVE ( 'NONE', #2619, #4455, #4039, .T. ) ;
#3095 = EDGE_CURVE ( 'NONE', #3500, #2054, #1953, .T. ) ;
#3096 = ORIENTED_EDGE ( 'NONE', *, *, #3640, .T. ) ;
#3097 = CARTESIAN_POINT ( 'NONE',  ( -0.1250000000000000000, 0.000000000000000000, -0.9749999999999997558 ) ) ;
#3098 = ORIENTED_EDGE ( 'NONE', *, *, #4503, .T. ) ;
#3099 = ORIENTED_EDGE ( 'NONE', *, *, #2437, .F. ) ;
#3100 = CARTESIAN_POINT ( 'NONE',  ( -0.9500000000000002887, 0.1000000000000000472, -1.100000000000000755 ) ) ;
#3101 =( NAMED_UNIT ( * ) PLANE_ANGLE_UNIT ( ) SI_UNIT ( $, .RADIAN. ) );
#3102 = ADVANCED_FACE ( 'NONE', ( #3704 ), #545, .F. ) ;
#3103 = VERTEX_POINT ( 'NONE', #2336 ) ;
#3104 = PLANE ( 'NONE',  #3242 ) ;
#3105 = DIRECTION ( 'NONE',  ( -1.000000000000000000, 0.000000000000000000, 6.899468370362299330E-16 ) ) ;
#3106 = DIRECTION ( 'NONE',  ( 0.7071067811865479058, 0.000000000000000000, -0.7071067811865472397 ) ) ;
#3107 = AXIS2_PLACEMENT_3D ( 'NONE', #439, #348, #2819 ) ;
#3108 = CARTESIAN_POINT ( 'NONE',  ( -0.7657500870170551588, 0.9000000000000000222, -0.9529334416212273950 ) ) ;
#3109 = DIRECTION ( 'NONE',  ( 0.000000000000000000, -0.000000000000000000, -1.000000000000000000 ) ) ;
#3110 = EDGE_LOOP ( 'NONE', ( #1572, #3630, #572, #3910 ) ) ;
#3111 = CARTESIAN_POINT ( 'NONE',  ( 0.9500000000000002887, 0.05000000000000000278, -1.100000000000000755 ) ) ;
#3112 = EDGE_CURVE ( 'NONE', #3809, #2869, #3368, .T. ) ;
#3113 = EDGE_LOOP ( 'NONE', ( #3625, #2474, #3955, #3669 ) ) ;
#3114 = CARTESIAN_POINT ( 'NONE',  ( 0.000000000000000000, 0.1000000000000000056, 0.000000000000000000 ) ) ;
#3115 = DIRECTION ( 'NONE',  ( -1.000000000000000000, 0.000000000000000000, -5.421010862427514281E-16 ) ) ;
#3116 = STYLED_ITEM ( 'NONE', ( #4285 ), #3717 ) ;
#3117 = AXIS2_PLACEMENT_3D ( 'NONE', #793, #1806, #1114 ) ;
#3118 = CARTESIAN_POINT ( 'NONE',  ( -0.5499999999999997113, 0.1000000000000000056, 0.8749999999999996669 ) ) ;
#3119 = VECTOR ( 'NONE', #1227, 1000.000000000000000 ) ;
#3120 = ORIENTED_EDGE ( 'NONE', *, *, #23, .F. ) ;
#3121 = CARTESIAN_POINT ( 'NONE',  ( 0.9500000000000002887, 0.1000000000000000472, -1.250000000000000444 ) ) ;
#3122 = EDGE_CURVE ( 'NONE', #2351, #260, #191, .T. ) ;
#3123 = STYLED_ITEM ( 'NONE', ( #2039 ), #3646 ) ;
#3124 = VECTOR ( 'NONE', #2772, 1000.000000000000000 ) ;
#3125 =( GEOMETRIC_REPRESENTATION_CONTEXT ( 3 ) GLOBAL_UNCERTAINTY_ASSIGNED_CONTEXT ( ( #1760 ) ) GLOBAL_UNIT_ASSIGNED_CONTEXT ( ( #3293, #3999, #2955 ) ) REPRESENTATION_CONTEXT ( 'NONE', 'WORKASPACE' ) );
#3126 = VERTEX_POINT ( 'NONE', #1303 ) ;
#3127 = ORIENTED_EDGE ( 'NONE', *, *, #3112, .F. ) ;
#3128 = ORIENTED_EDGE ( 'NONE', *, *, #3131, .T. ) ;
#3129 = DIRECTION ( 'NONE',  ( -0.000000000000000000, 0.000000000000000000, 1.000000000000000000 ) ) ;
#3130 = CARTESIAN_POINT ( 'NONE',  ( -0.1250000000000000833, 0.1000000000000000056, 0.6500000000000004663 ) ) ;
#3131 = EDGE_CURVE ( 'NONE', #1346, #1241, #1967, .T. ) ;
#3132 = CARTESIAN_POINT ( 'NONE',  ( -1.100000000000002087, 0.9860022573334675799, -0.1250000000000000000 ) ) ;
#3133 = EDGE_CURVE ( 'NONE', #4561, #610, #4450, .T. ) ;
#3134 = VERTEX_POINT ( 'NONE', #3750 ) ;
#3135 = LINE ( 'NONE', #2499, #4147 ) ;
#3136 = DIRECTION ( 'NONE',  ( -1.000000000000000000, -0.000000000000000000, -3.826595902890015736E-16 ) ) ;
#3137 = VERTEX_POINT ( 'NONE', #3030 ) ;
#3138 = CARTESIAN_POINT ( 'NONE',  ( 1.100000000000000311, 0.1000000000000000056, -1.100000000000000755 ) ) ;
#3139 = VECTOR ( 'NONE', #4387, 1000.000000000000000 ) ;
#3140 = ORIENTED_EDGE ( 'NONE', *, *, #4526, .T. ) ;
#3141 = EDGE_CURVE ( 'NONE', #1375, #2580, #891, .T. ) ;
#3142 = DIRECTION ( 'NONE',  ( 0.000000000000000000, 0.000000000000000000, -1.000000000000000000 ) ) ;
#3143 = VECTOR ( 'NONE', #3804, 1000.000000000000000 ) ;
#3144 =( GEOMETRIC_REPRESENTATION_CONTEXT ( 3 ) GLOBAL_UNCERTAINTY_ASSIGNED_CONTEXT ( ( #279 ) ) GLOBAL_UNIT_ASSIGNED_CONTEXT ( ( #2537, #125, #2188 ) ) REPRESENTATION_CONTEXT ( 'NONE', 'WORKASPACE' ) );
#3145 = EDGE_LOOP ( 'NONE', ( #1922, #4222, #2317, #1428 ) ) ;
#3146 = DIRECTION ( 'NONE',  ( 0.000000000000000000, 0.000000000000000000, 1.000000000000000000 ) ) ;
#3147 = ORIENTED_EDGE ( 'NONE', *, *, #2948, .T. ) ;
#3148 = DIRECTION ( 'NONE',  ( -0.7071067811865479058, 0.000000000000000000, 0.7071067811865472397 ) ) ;
#3149 = CARTESIAN_POINT ( 'NONE',  ( 0.000000000000000000, 0.1000000000000000056, -0.9749999999999997558 ) ) ;
#3150 = VERTEX_POINT ( 'NONE', #1277 ) ;
#3151 = CARTESIAN_POINT ( 'NONE',  ( 0.8250000000000002887, 0.9860022573334675799, 0.3750000000000000000 ) ) ;
#3152 = CARTESIAN_POINT ( 'NONE',  ( -1.100000000000002087, 0.000000000000000000, 0.1250000000000000000 ) ) ;
#3153 = VECTOR ( 'NONE', #4347, 1000.000000000000000 ) ;
#3154 = DIRECTION ( 'NONE',  ( 1.000000000000000000, 0.000000000000000000, -5.421010862427514281E-16 ) ) ;
#3155 = ADVANCED_FACE ( 'NONE', ( #1949 ), #3393, .T. ) ;
#3156 = ORIENTED_EDGE ( 'NONE', *, *, #3350, .T. ) ;
#3157 = DIRECTION ( 'NONE',  ( -0.000000000000000000, -0.000000000000000000, -1.000000000000000000 ) ) ;
#3158 = DIRECTION ( 'NONE',  ( 1.000000000000000000, 0.000000000000000000, -3.826595902890015736E-16 ) ) ;
#3159 = ORIENTED_EDGE ( 'NONE', *, *, #3459, .T. ) ;
#3160 = CARTESIAN_POINT ( 'NONE',  ( 1.099999999999999867, 0.05000000000000000278, 1.250000000000000222 ) ) ;
#3161 = ORIENTED_EDGE ( 'NONE', *, *, #4502, .T. ) ;
#3162 = ORIENTED_EDGE ( 'NONE', *, *, #266, .F. ) ;
#3163 = CARTESIAN_POINT ( 'NONE',  ( 0.1250000000000007494, 0.05000000000000000278, -8.624335462952925932E-17 ) ) ;
#3164 = VECTOR ( 'NONE', #238, 1000.000000000000000 ) ;
#3165 = CARTESIAN_POINT ( 'NONE',  ( 1.100000000000000311, 0.1000000000000000472, -0.6250000000000000000 ) ) ;
#3166 = LINE ( 'NONE', #1, #467 ) ;
#3167 = ORIENTED_EDGE ( 'NONE', *, *, #1896, .T. ) ;
#3168 = CARTESIAN_POINT ( 'NONE',  ( 0.8250000000000001776, 0.1000000000000000472, 0.6250000000000000000 ) ) ;
#3169 = SURFACE_STYLE_FILL_AREA ( #2797 ) ;
#3170 = EDGE_CURVE ( 'NONE', #3969, #1241, #1600, .T. ) ;
#3171 = VERTEX_POINT ( 'NONE', #213 ) ;
#3172 = CARTESIAN_POINT ( 'NONE',  ( -0.1250000000000000000, 0.1000000000000000056, 1.250000000000000444 ) ) ;
#3173 = LINE ( 'NONE', #1100, #1300 ) ;
#3174 = LINE ( 'NONE', #4219, #1657 ) ;
#3175 = ORIENTED_EDGE ( 'NONE', *, *, #4445, .F. ) ;
#3176 = DIRECTION ( 'NONE',  ( 1.000000000000000000, 0.000000000000000000, -0.000000000000000000 ) ) ;
#3177 = EDGE_LOOP ( 'NONE', ( #4239, #55, #1171, #773 ) ) ;
#3178 = CARTESIAN_POINT ( 'NONE',  ( -0.1249999999999996253, 0.05000000000000000278, 4.928191693115914006E-17 ) ) ;
#3179 = VERTEX_POINT ( 'NONE', #2304 ) ;
#3180 = FACE_OUTER_BOUND ( 'NONE', #3987, .T. ) ;
#3181 = VECTOR ( 'NONE', #2604, 1000.000000000000000 ) ;
#3182 = ADVANCED_FACE ( 'NONE', ( #3076 ), #1623, .F. ) ;
#3183 = ADVANCED_FACE ( 'NONE', ( #4056 ), #4428, .T. ) ;
#3184 = VERTEX_POINT ( 'NONE', #2672 ) ;
#3185 = VERTEX_POINT ( 'NONE', #909 ) ;
#3186 = DIRECTION ( 'NONE',  ( 0.000000000000000000, 1.000000000000000000, 0.000000000000000000 ) ) ;
#3187 = EDGE_CURVE ( 'NONE', #4320, #3134, #937, .T. ) ;
#3188 = DIRECTION ( 'NONE',  ( 0.000000000000000000, 0.000000000000000000, 1.000000000000000000 ) ) ;
#3189 = EDGE_LOOP ( 'NONE', ( #3096, #338, #4171, #880 ) ) ;
#3190 = CARTESIAN_POINT ( 'NONE',  ( -0.9500000000000002887, 0.000000000000000000, 1.250000000000000444 ) ) ;
#3191 = LINE ( 'NONE', #3468, #3942 ) ;
#3192 = AXIS2_PLACEMENT_3D ( 'NONE', #3307, #4362, #1925 ) ;
#3193 = AXIS2_PLACEMENT_3D ( 'NONE', #1202, #3338, #1590 ) ;
#3194 = ORIENTED_EDGE ( 'NONE', *, *, #4081, .F. ) ;
#3195 = DIRECTION ( 'NONE',  ( 2.168404344971005417E-16, 0.000000000000000000, 1.000000000000000000 ) ) ;
#3196 = ADVANCED_FACE ( 'NONE', ( #2332 ), #4477, .F. ) ;
#3197 = FACE_OUTER_BOUND ( 'NONE', #2795, .T. ) ;
#3198 = CARTESIAN_POINT ( 'NONE',  ( 1.099999999999999867, 0.05000000000000000278, 1.250000000000000222 ) ) ;
#3199 = MECHANICAL_DESIGN_GEOMETRIC_PRESENTATION_REPRESENTATION (  '', ( #840 ), #695 ) ;
#3200 = VECTOR ( 'NONE', #4095, 1000.000000000000000 ) ;
#3201 = ORIENTED_EDGE ( 'NONE', *, *, #2761, .F. ) ;
#3202 = VECTOR ( 'NONE', #1398, 1000.000000000000000 ) ;
#3203 = CARTESIAN_POINT ( 'NONE',  ( -0.8250000000000020650, 0.1000000000000000056, 0.1250000000000000000 ) ) ;
#3204 = ORIENTED_EDGE ( 'NONE', *, *, #2226, .T. ) ;
#3205 = DIRECTION ( 'NONE',  ( 0.000000000000000000, 0.000000000000000000, -1.000000000000000000 ) ) ;
#3206 = DIRECTION ( 'NONE',  ( 0.000000000000000000, 0.000000000000000000, 1.000000000000000000 ) ) ;
#3207 = EDGE_LOOP ( 'NONE', ( #3159, #1713, #3209, #2245 ) ) ;
#3208 = CARTESIAN_POINT ( 'NONE',  ( -1.100000000000000311, 0.1000000000000000056, -0.8749999999999994449 ) ) ;
#3209 = ORIENTED_EDGE ( 'NONE', *, *, #221, .T. ) ;
#3210 = VERTEX_POINT ( 'NONE', #979 ) ;
#3211 = PLANE ( 'NONE',  #3220 ) ;
#3212 = STYLED_ITEM ( 'NONE', ( #4453 ), #2053 ) ;
#3213 = EDGE_CURVE ( 'NONE', #3969, #187, #588, .T. ) ;
#3214 = CARTESIAN_POINT ( 'NONE',  ( 1.100000000000002087, 0.1000000000000000056, 0.1250000000000000000 ) ) ;
#3215 = ORIENTED_EDGE ( 'NONE', *, *, #1738, .F. ) ;
#3216 = DIRECTION ( 'NONE',  ( 0.000000000000000000, 0.000000000000000000, 1.000000000000000000 ) ) ;
#3217 = DIRECTION ( 'NONE',  ( -0.000000000000000000, -0.000000000000000000, -1.000000000000000000 ) ) ;
#3218 = FACE_OUTER_BOUND ( 'NONE', #1021, .T. ) ;
#3219 = DIRECTION ( 'NONE',  ( 1.000000000000000000, 0.000000000000000000, 0.000000000000000000 ) ) ;
#3220 = AXIS2_PLACEMENT_3D ( 'NONE', #2556, #2155, #3551 ) ;
#3221 = CARTESIAN_POINT ( 'NONE',  ( 0.8250000000000020650, 0.1000000000000000056, -0.1250000000000000000 ) ) ;
#3222 = VERTEX_POINT ( 'NONE', #2015 ) ;
#3223 = DIRECTION ( 'NONE',  ( 0.000000000000000000, 0.000000000000000000, -1.000000000000000000 ) ) ;
#3224 = VECTOR ( 'NONE', #3874, 1000.000000000000000 ) ;
#3225 = VERTEX_POINT ( 'NONE', #3331 ) ;
#3226 = LINE ( 'NONE', #735, #3787 ) ;
#3227 = EDGE_LOOP ( 'NONE', ( #2813, #4196, #1819, #506 ) ) ;
#3228 = DIRECTION ( 'NONE',  ( 0.000000000000000000, 0.000000000000000000, -1.000000000000000000 ) ) ;
#3229 = EDGE_LOOP ( 'NONE', ( #1847, #1698, #1661, #2673 ) ) ;
#3230 = DIRECTION ( 'NONE',  ( -0.000000000000000000, 1.000000000000000000, -0.000000000000000000 ) ) ;
#3231 = PLANE ( 'NONE',  #1828 ) ;
#3232 = LINE ( 'NONE', #73, #2097 ) ;
#3233 = ORIENTED_EDGE ( 'NONE', *, *, #1069, .F. ) ;
#3234 = DIRECTION ( 'NONE',  ( 0.000000000000000000, 0.000000000000000000, -1.000000000000000000 ) ) ;
#3235 = EDGE_CURVE ( 'NONE', #4177, #1466, #2399, .T. ) ;
#3236 = EDGE_CURVE ( 'NONE', #2900, #4, #520, .T. ) ;
#3238 = ADVANCED_FACE ( 'NONE', ( #1581 ), #2989, .F. ) ;
#3237 = AXIS2_PLACEMENT_3D ( 'NONE', #1969, #3444, #982 ) ;
#3239 = ORIENTED_EDGE ( 'NONE', *, *, #3335, .T. ) ;
#3240 = ORIENTED_EDGE ( 'NONE', *, *, #256, .T. ) ;
#3241 = LINE ( 'NONE', #3681, #71 ) ;
#3242 = AXIS2_PLACEMENT_3D ( 'NONE', #1310, #2764, #4484 ) ;
#3243 = DIRECTION ( 'NONE',  ( -0.000000000000000000, -1.000000000000000000, -0.000000000000000000 ) ) ;
#3244 = FACE_OUTER_BOUND ( 'NONE', #3145, .T. ) ;
#3245 = AXIS2_PLACEMENT_3D ( 'NONE', #4464, #2725, #4115 ) ;
#3246 = ORIENTED_EDGE ( 'NONE', *, *, #3058, .T. ) ;
#3247 = SURFACE_STYLE_USAGE ( .BOTH. , #1539 ) ;
#3248 = VERTEX_POINT ( 'NONE', #658 ) ;
#3249 = CARTESIAN_POINT ( 'NONE',  ( -0.1250000000000001665, 0.05000000000000000278, 1.694065894508602835E-17 ) ) ;
#3250 = LINE ( 'NONE', #1566, #244 ) ;
#3251 = ORIENTED_EDGE ( 'NONE', *, *, #130, .F. ) ;
#3252 = PLANE ( 'NONE',  #3714 ) ;
#3253 = ORIENTED_EDGE ( 'NONE', *, *, #2337, .F. ) ;
#3254 = FACE_OUTER_BOUND ( 'NONE', #36, .T. ) ;
#3255 = CARTESIAN_POINT ( 'NONE',  ( 2.391622439306259527E-17, 0.05000000000000000278, -0.3749999999999999445 ) ) ;
#3256 = EDGE_CURVE ( 'NONE', #2445, #4358, #4523, .T. ) ;
#3257 = VERTEX_POINT ( 'NONE', #2134 ) ;
#3258 = CARTESIAN_POINT ( 'NONE',  ( 1.100000000000000311, 0.1000000000000000472, -1.100000000000000755 ) ) ;
#3259 = ORIENTED_EDGE ( 'NONE', *, *, #2441, .T. ) ;
#3260 = APPLICATION_PROTOCOL_DEFINITION ( 'draft international standard', 'automotive_design', 1998, #2001 ) ;
#3261 = EDGE_CURVE ( 'NONE', #3432, #1489, #2088, .T. ) ;
#3262 = ORIENTED_EDGE ( 'NONE', *, *, #2851, .F. ) ;
#3263 = CARTESIAN_POINT ( 'NONE',  ( -1.100000000000000311, 0.1000000000000000056, 0.8749999999999994449 ) ) ;
#3264 = CARTESIAN_POINT ( 'NONE',  ( 2.391622439306261376E-16, 0.05000000000000000278, -0.6250000000000004441 ) ) ;
#3265 = LINE ( 'NONE', #103, #2262 ) ;
#3266 = EDGE_LOOP ( 'NONE', ( #3732, #89, #2503, #1057 ) ) ;
#3267 = SURFACE_SIDE_STYLE ('',( #2835 ) ) ;
#3268 = ORIENTED_EDGE ( 'NONE', *, *, #2816, .T. ) ;
#3269 = EDGE_CURVE ( 'NONE', #1871, #2631, #3166, .T. ) ;
#3270 = DIRECTION ( 'NONE',  ( -0.000000000000000000, -0.000000000000000000, -1.000000000000000000 ) ) ;
#3271 = AXIS2_PLACEMENT_3D ( 'NONE', #1391, #2794, #4186 ) ;
#3272 = PLANE ( 'NONE',  #3193 ) ;
#3273 = AXIS2_PLACEMENT_3D ( 'NONE', #2224, #3275, #532 ) ;
#3274 = ORIENTED_EDGE ( 'NONE', *, *, #225, .T. ) ;
#3275 = DIRECTION ( 'NONE',  ( 0.000000000000000000, -1.000000000000000000, 0.000000000000000000 ) ) ;
#3276 = VECTOR ( 'NONE', #3697, 1000.000000000000000 ) ;
#3277 = AXIS2_PLACEMENT_3D ( 'NONE', #1772, #4532, #2805 ) ;
#3278 = CARTESIAN_POINT ( 'NONE',  ( 1.099999999999999867, 0.05000000000000000278, -1.249999999999999778 ) ) ;
#3279 = CARTESIAN_POINT ( 'NONE',  ( 1.100000000000000311, 0.1000000000000000056, -0.3749999999999998890 ) ) ;
#3280 = ORIENTED_EDGE ( 'NONE', *, *, #2310, .F. ) ;
#3281 = DIRECTION ( 'NONE',  ( 0.000000000000000000, -1.000000000000000000, 0.000000000000000000 ) ) ;
#3282 = PLANE ( 'NONE',  #1650 ) ;
#3283 = ORIENTED_EDGE ( 'NONE', *, *, #2948, .F. ) ;
#3284 =( LENGTH_UNIT ( ) NAMED_UNIT ( * ) SI_UNIT ( .MILLI., .METRE. ) );
#3285 = VECTOR ( 'NONE', #3516, 1000.000000000000000 ) ;
#3286 = ORIENTED_EDGE ( 'NONE', *, *, #357, .T. ) ;
#3287 = DIRECTION ( 'NONE',  ( -0.000000000000000000, -1.000000000000000000, -0.000000000000000000 ) ) ;
#3288 = CARTESIAN_POINT ( 'NONE',  ( -0.5499999999999997113, 0.000000000000000000, 1.250000000000000222 ) ) ;
#3289 = VECTOR ( 'NONE', #1744, 1000.000000000000000 ) ;
#3290 = CARTESIAN_POINT ( 'NONE',  ( -1.100000000000002087, 0.1000000000000000056, 0.1250000000000000000 ) ) ;
#3291 = ORIENTED_EDGE ( 'NONE', *, *, #3694, .F. ) ;
#3292 = VECTOR ( 'NONE', #435, 1000.000000000000000 ) ;
#3293 =( LENGTH_UNIT ( ) NAMED_UNIT ( * ) SI_UNIT ( .MILLI., .METRE. ) );
#3294 = DIRECTION ( 'NONE',  ( -0.000000000000000000, -1.000000000000000000, -0.000000000000000000 ) ) ;
#3295 = DIRECTION ( 'NONE',  ( -1.000000000000000000, -0.000000000000000000, -3.826595902890015736E-16 ) ) ;
#3296 = VERTEX_POINT ( 'NONE', #3481 ) ;
#3297 = DIRECTION ( 'NONE',  ( 0.000000000000000000, 0.000000000000000000, 1.000000000000000000 ) ) ;
#3298 = ADVANCED_FACE ( 'NONE', ( #2067 ), #4148, .F. ) ;
#3299 = EDGE_CURVE ( 'NONE', #4068, #2809, #326, .T. ) ;
#3300 = EDGE_LOOP ( 'NONE', ( #3055, #2792, #3204, #2251 ) ) ;
#3301 = DIRECTION ( 'NONE',  ( -1.000000000000000000, 0.000000000000000000, -0.000000000000000000 ) ) ;
#3302 = CARTESIAN_POINT ( 'NONE',  ( 0.1249999999999998890, 0.1000000000000000056, -1.249999999999999778 ) ) ;
#3303 = ORIENTED_EDGE ( 'NONE', *, *, #3375, .T. ) ;
#3304 = CARTESIAN_POINT ( 'NONE',  ( -0.7657500870170551588, 0.9000000000000000222, -0.8260194355169312441 ) ) ;
#3305 = CARTESIAN_POINT ( 'NONE',  ( -1.100000000000000311, 0.05000000000000000278, -0.8749999999999994449 ) ) ;
#3306 = ORIENTED_EDGE ( 'NONE', *, *, #3598, .F. ) ;
#3307 = CARTESIAN_POINT ( 'NONE',  ( 0.000000000000000000, 0.000000000000000000, 0.000000000000000000 ) ) ;
#3308 = CARTESIAN_POINT ( 'NONE',  ( 0.5499999999999997113, 0.1000000000000000056, -1.250000000000000222 ) ) ;
#3309 = ORIENTED_EDGE ( 'NONE', *, *, #2490, .F. ) ;
#3310 = CARTESIAN_POINT ( 'NONE',  ( 0.000000000000000000, 0.1000000000000000056, 0.000000000000000000 ) ) ;
#3311 = CARTESIAN_POINT ( 'NONE',  ( -0.8250000000000020650, 0.1000000000000000472, 0.1250000000000000000 ) ) ;
#3312 = PLANE ( 'NONE',  #2630 ) ;
#3313 = ADVANCED_FACE ( 'NONE', ( #3465 ), #1344, .F. ) ;
#3314 = VECTOR ( 'NONE', #4037, 1000.000000000000000 ) ;
#3315 = ORIENTED_EDGE ( 'NONE', *, *, #3598, .T. ) ;
#3316 = ORIENTED_EDGE ( 'NONE', *, *, #908, .F. ) ;
#3317 = LINE ( 'NONE', #3249, #3460 ) ;
#3318 = DIRECTION ( 'NONE',  ( -0.000000000000000000, -1.000000000000000000, -0.000000000000000000 ) ) ;
#3319 = ORIENTED_EDGE ( 'NONE', *, *, #2161, .T. ) ;
#3320 = CYLINDRICAL_SURFACE ( 'NONE', #2905, 0.1250000000000000000 ) ;
#3321 = VERTEX_POINT ( 'NONE', #2820 ) ;
#3322 = LINE ( 'NONE', #434, #178 ) ;
#3323 = DIRECTION ( 'NONE',  ( 0.000000000000000000, -1.000000000000000000, 0.000000000000000000 ) ) ;
#3324 = EDGE_CURVE ( 'NONE', #4220, #2907, #1874, .T. ) ;
#3325 = ADVANCED_FACE ( 'NONE', ( #679 ), #1071, .T. ) ;
#3326 = VERTEX_POINT ( 'NONE', #2463 ) ;
#3327 = EDGE_CURVE ( 'NONE', #4114, #3455, #4543, .T. ) ;
#3328 = PLANE ( 'NONE',  #3034 ) ;
#3329 = CARTESIAN_POINT ( 'NONE',  ( 0.9500000000000002887, 0.1000000000000000056, -1.100000000000000755 ) ) ;
#3330 = EDGE_CURVE ( 'NONE', #2127, #777, #1357, .T. ) ;
#3331 = CARTESIAN_POINT ( 'NONE',  ( 1.099999999999999867, 0.05000000000000000278, -1.249999999999999778 ) ) ;
#3332 = VERTEX_POINT ( 'NONE', #1435 ) ;
#3333 = PLANE ( 'NONE',  #2731 ) ;
#3334 = CARTESIAN_POINT ( 'NONE',  ( 1.100000000000002087, 0.1000000000000000056, 0.1250000000000000000 ) ) ;
#3335 = EDGE_CURVE ( 'NONE', #3756, #2167, #3853, .T. ) ;
#3336 = ORIENTED_EDGE ( 'NONE', *, *, #1323, .F. ) ;
#3337 = DIRECTION ( 'NONE',  ( -1.355252715606880543E-16, 0.000000000000000000, -1.000000000000000000 ) ) ;
#3338 = DIRECTION ( 'NONE',  ( 0.000000000000000000, -1.000000000000000000, 0.000000000000000000 ) ) ;
#3339 = LINE ( 'NONE', #482, #4520 ) ;
#3340 = ORIENTED_EDGE ( 'NONE', *, *, #687, .F. ) ;
#3341 = VECTOR ( 'NONE', #3759, 1000.000000000000000 ) ;
#3342 = CARTESIAN_POINT ( 'NONE',  ( -1.100000000000000311, 0.1000000000000000056, 0.8749999999999994449 ) ) ;
#3343 = CARTESIAN_POINT ( 'NONE',  ( -1.100000000000000311, 0.1000000000000000056, 1.100000000000000755 ) ) ;
#3344 = AXIS2_PLACEMENT_3D ( 'NONE', #1715, #3835, #3146 ) ;
#3345 = AXIS2_PLACEMENT_3D ( 'NONE', #243, #3801, #4507 ) ;
#3346 = VECTOR ( 'NONE', #1401, 1000.000000000000000 ) ;
#3347 = VERTEX_POINT ( 'NONE', #3097 ) ;
#3348 = CARTESIAN_POINT ( 'NONE',  ( 0.8250000000000002887, 0.05000000000000000278, 0.5000000000000000000 ) ) ;
#3349 = DIRECTION ( 'NONE',  ( -1.000000000000000000, 0.000000000000000000, 0.000000000000000000 ) ) ;
#3350 = EDGE_CURVE ( 'NONE', #1882, #2351, #3442, .T. ) ;
#3351 = DIRECTION ( 'NONE',  ( -0.7071067811865479058, 0.000000000000000000, 0.7071067811865472397 ) ) ;
#3352 = ORIENTED_EDGE ( 'NONE', *, *, #3540, .F. ) ;
#3353 = CARTESIAN_POINT ( 'NONE',  ( 0.5499999999999997113, 0.1000000000000000472, 0.8749999999999996669 ) ) ;
#3354 = DIRECTION ( 'NONE',  ( -1.000000000000000000, 0.000000000000000000, 0.000000000000000000 ) ) ;
#3355 = ORIENTED_EDGE ( 'NONE', *, *, #4180, .F. ) ;
#3356 = AXIS2_PLACEMENT_3D ( 'NONE', #2750, #3477, #318 ) ;
#3357 = DIRECTION ( 'NONE',  ( 0.000000000000000000, -1.000000000000000000, 0.000000000000000000 ) ) ;
#3358 = LINE ( 'NONE', #200, #3388 ) ;
#3359 = CARTESIAN_POINT ( 'NONE',  ( 1.100000000000000311, 0.9860022573334675799, 0.3750000000000000000 ) ) ;
#3360 = LINE ( 'NONE', #224, #99 ) ;
#3361 = LINE ( 'NONE', #4439, #3143 ) ;
#3362 = DIRECTION ( 'NONE',  ( 0.000000000000000000, -0.000000000000000000, 1.000000000000000000 ) ) ;
#3363 = EDGE_CURVE ( 'NONE', #1203, #3534, #2485, .T. ) ;
#3364 = ORIENTED_EDGE ( 'NONE', *, *, #3663, .T. ) ;
#3365 = DIRECTION ( 'NONE',  ( -0.000000000000000000, 1.000000000000000000, -0.000000000000000000 ) ) ;
#3366 = DIRECTION ( 'NONE',  ( 0.000000000000000000, -1.000000000000000000, 0.000000000000000000 ) ) ;
#3367 = VECTOR ( 'NONE', #3757, 1000.000000000000000 ) ;
#3368 = LINE ( 'NONE', #3054, #4145 ) ;
#3369 = ORIENTED_EDGE ( 'NONE', *, *, #3755, .F. ) ;
#3370 = ADVANCED_FACE ( 'NONE', ( #370 ), #720, .F. ) ;
#3371 = PLANE ( 'NONE',  #1985 ) ;
#3372 = CARTESIAN_POINT ( 'NONE',  ( -0.9500000000000002887, 0.1000000000000000056, 1.100000000000000755 ) ) ;
#3373 = EDGE_CURVE ( 'NONE', #1766, #3491, #2754, .T. ) ;
#3374 = CARTESIAN_POINT ( 'NONE',  ( 0.1250000000000000000, 0.000000000000000000, 0.6500000000000004663 ) ) ;
#3375 = EDGE_CURVE ( 'NONE', #597, #3534, #3793, .T. ) ;
#3376 = EDGE_LOOP ( 'NONE', ( #3513, #834, #4165, #2305 ) ) ;
#3377 = EDGE_LOOP ( 'NONE', ( #1802, #748, #438, #3291 ) ) ;
#3378 = ORIENTED_EDGE ( 'NONE', *, *, #4345, .T. ) ;
#3379 = SURFACE_STYLE_USAGE ( .BOTH. , #4413 ) ;
#3380 = DIRECTION ( 'NONE',  ( 1.000000000000000000, 0.000000000000000000, 3.826595902890015736E-16 ) ) ;
#3381 = CARTESIAN_POINT ( 'NONE',  ( -0.8250000000000020650, 0.05000000000000000278, 0.000000000000000000 ) ) ;
#3382 = DIRECTION ( 'NONE',  ( 0.000000000000000000, 0.000000000000000000, -1.000000000000000000 ) ) ;
#3383 = VECTOR ( 'NONE', #3856, 1000.000000000000000 ) ;
#3384 = CARTESIAN_POINT ( 'NONE',  ( 0.8250000000000002887, 0.05000000000000000278, 0.6250000000000000000 ) ) ;
#3385 = DIRECTION ( 'NONE',  ( 0.000000000000000000, 1.000000000000000000, 0.000000000000000000 ) ) ;
#3386 = ORIENTED_EDGE ( 'NONE', *, *, #3906, .F. ) ;
#3387 = LINE ( 'NONE', #4493, #4003 ) ;
#3388 = VECTOR ( 'NONE', #2700, 1000.000000000000000 ) ;
#3389 = VERTEX_POINT ( 'NONE', #816 ) ;
#3390 = ADVANCED_FACE ( 'NONE', ( #3653 ), #2967, .F. ) ;
#3391 = DIRECTION ( 'NONE',  ( -0.000000000000000000, -0.000000000000000000, -1.000000000000000000 ) ) ;
#3392 = VERTEX_POINT ( 'NONE', #4283 ) ;
#3393 = PLANE ( 'NONE',  #2471 ) ;
#3394 = ORIENTED_EDGE ( 'NONE', *, *, #3058, .F. ) ;
#3395 = DIRECTION ( 'NONE',  ( -2.168404344971005417E-16, 0.000000000000000000, 1.000000000000000000 ) ) ;
#3396 = LINE ( 'NONE', #239, #2040 ) ;
#3397 = AXIS2_PLACEMENT_3D ( 'NONE', #281, #1367, #1319 ) ;
#3398 = LINE ( 'NONE', #217, #2551 ) ;
#3399 = ORIENTED_EDGE ( 'NONE', *, *, #943, .F. ) ;
#3400 = EDGE_CURVE ( 'NONE', #60, #3862, #743, .T. ) ;
#3401 = ORIENTED_EDGE ( 'NONE', *, *, #3740, .T. ) ;
#3402 = FILL_AREA_STYLE ('',( #3081 ) ) ;
#3403 = DIRECTION ( 'NONE',  ( 0.000000000000000000, -1.000000000000000000, 0.000000000000000000 ) ) ;
#3404 = FACE_OUTER_BOUND ( 'NONE', #3503, .T. ) ;
#3405 = DIRECTION ( 'NONE',  ( 0.000000000000000000, -1.000000000000000000, 0.000000000000000000 ) ) ;
#3406 = ADVANCED_FACE ( 'NONE', ( #1478 ), #3601, .F. ) ;
#3407 = ORIENTED_EDGE ( 'NONE', *, *, #4552, .F. ) ;
#3408 = CARTESIAN_POINT ( 'NONE',  ( 1.099999999999999867, 0.05000000000000000278, -1.249999999999999778 ) ) ;
#3409 = DIRECTION ( 'NONE',  ( -1.000000000000000000, 0.000000000000000000, -0.000000000000000000 ) ) ;
#3410 = ORIENTED_EDGE ( 'NONE', *, *, #2715, .T. ) ;
#3411 = DIRECTION ( 'NONE',  ( -1.000000000000000000, 0.000000000000000000, 0.000000000000000000 ) ) ;
#3412 = UNCERTAINTY_MEASURE_WITH_UNIT (LENGTH_MEASURE( 1.000000000000000082E-05 ), #503, 'distance_accuracy_value', 'NONE');
#3413 = AXIS2_PLACEMENT_3D ( 'NONE', #2199, #2595, #1126 ) ;
#3414 = VERTEX_POINT ( 'NONE', #768 ) ;
#3415 = FACE_OUTER_BOUND ( 'NONE', #2415, .T. ) ;
#3416 = VECTOR ( 'NONE', #4035, 1000.000000000000000 ) ;
#3417 = AXIS2_PLACEMENT_3D ( 'NONE', #1759, #40, #2883 ) ;
#3418 = PRESENTATION_LAYER_ASSIGNMENT (  '', '', ( #922 ) ) ;
#3419 = EDGE_LOOP ( 'NONE', ( #4364, #543, #1531, #640 ) ) ;
#3420 = VECTOR ( 'NONE', #705, 1000.000000000000000 ) ;
#3421 = CARTESIAN_POINT ( 'NONE',  ( 0.5499999999999997113, 0.000000000000000000, 0.8749999999999996669 ) ) ;
#3422 = ORIENTED_EDGE ( 'NONE', *, *, #3496, .T. ) ;
#3423 = ORIENTED_EDGE ( 'NONE', *, *, #59, .T. ) ;
#3424 = CARTESIAN_POINT ( 'NONE',  ( -0.9500000000000002887, 0.1000000000000000472, 1.100000000000000755 ) ) ;
#3425 = CARTESIAN_POINT ( 'NONE',  ( -1.100000000000000311, 0.000000000000000000, -0.6250000000000000000 ) ) ;
#3426 = DIRECTION ( 'NONE',  ( 0.000000000000000000, 1.000000000000000000, 0.000000000000000000 ) ) ;
#3427 = DIRECTION ( 'NONE',  ( 6.899468370362299330E-16, 0.000000000000000000, 1.000000000000000000 ) ) ;
#3428 = LINE ( 'NONE', #2365, #3341 ) ;
#3429 = CARTESIAN_POINT ( 'NONE',  ( -0.9500000000000002887, 0.1000000000000000472, 1.100000000000000755 ) ) ;
#3430 = DIRECTION ( 'NONE',  ( 0.000000000000000000, -1.000000000000000000, 0.000000000000000000 ) ) ;
#3431 = CARTESIAN_POINT ( 'NONE',  ( -0.1250000000000000833, 0.9860022573334675799, 0.6500000000000004663 ) ) ;
#3432 = VERTEX_POINT ( 'NONE', #440 ) ;
#3433 = LINE ( 'NONE', #2709, #2710 ) ;
#3434 = ADVANCED_FACE ( 'NONE', ( #1831 ), #2889, .F. ) ;
#3435 = EDGE_CURVE ( 'NONE', #1072, #1780, #49, .T. ) ;
#3436 = ORIENTED_EDGE ( 'NONE', *, *, #245, .T. ) ;
#3437 = DIRECTION ( 'NONE',  ( 0.000000000000000000, -1.000000000000000000, 0.000000000000000000 ) ) ;
#3438 = DIRECTION ( 'NONE',  ( 0.000000000000000000, 1.000000000000000000, 0.000000000000000000 ) ) ;
#3439 = CIRCLE ( 'NONE', #198, 0.1250000000000000000 ) ;
#3440 = EDGE_CURVE ( 'NONE', #3958, #481, #4360, .T. ) ;
#3441 = VECTOR ( 'NONE', #3532, 1000.000000000000000 ) ;
#3442 = LINE ( 'NONE', #284, #4519 ) ;
#3443 = EDGE_LOOP ( 'NONE', ( #2106, #175, #2954, #3239 ) ) ;
#3444 = DIRECTION ( 'NONE',  ( 0.000000000000000000, 1.000000000000000000, 0.000000000000000000 ) ) ;
#3445 =( LENGTH_UNIT ( ) NAMED_UNIT ( * ) SI_UNIT ( .MILLI., .METRE. ) );
#3446 = ORIENTED_EDGE ( 'NONE', *, *, #2382, .F. ) ;
#3447 = VERTEX_POINT ( 'NONE', #3965 ) ;
#3448 = CARTESIAN_POINT ( 'NONE',  ( 0.000000000000000000, 0.1000000000000000056, 0.000000000000000000 ) ) ;
#3449 = EDGE_CURVE ( 'NONE', #4268, #2072, #2184, .T. ) ;
#3450 = DIRECTION ( 'NONE',  ( 0.000000000000000000, 0.000000000000000000, 1.000000000000000000 ) ) ;
#3451 = DIRECTION ( 'NONE',  ( 0.000000000000000000, 0.000000000000000000, -1.000000000000000000 ) ) ;
#3452 = ORIENTED_EDGE ( 'NONE', *, *, #3373, .F. ) ;
#3453 = FACE_OUTER_BOUND ( 'NONE', #4334, .T. ) ;
#3454 = DIRECTION ( 'NONE',  ( 0.000000000000000000, -1.000000000000000000, 0.000000000000000000 ) ) ;
#3455 = VERTEX_POINT ( 'NONE', #3258 ) ;
#3456 = LINE ( 'NONE', #2416, #994 ) ;
#3457 = AXIS2_PLACEMENT_3D ( 'NONE', #1261, #911, #637 ) ;
#3458 = EDGE_LOOP ( 'NONE', ( #3087, #4365, #3733, #2884 ) ) ;
#3459 = EDGE_CURVE ( 'NONE', #2516, #1489, #416, .T. ) ;
#3460 = VECTOR ( 'NONE', #2902, 1000.000000000000000 ) ;
#3461 = DIRECTION ( 'NONE',  ( -0.000000000000000000, -1.000000000000000000, -0.000000000000000000 ) ) ;
#3462 = DIRECTION ( 'NONE',  ( -1.000000000000000000, 0.000000000000000000, -0.000000000000000000 ) ) ;
#3463 = ORIENTED_EDGE ( 'NONE', *, *, #4182, .T. ) ;
#3464 = EDGE_CURVE ( 'NONE', #2200, #1130, #3232, .T. ) ;
#3465 = FACE_OUTER_BOUND ( 'NONE', #1710, .T. ) ;
#3466 = ORIENTED_EDGE ( 'NONE', *, *, #1696, .F. ) ;
#3467 = CARTESIAN_POINT ( 'NONE',  ( 1.100000000000002087, 0.1000000000000000472, -0.1250000000000000000 ) ) ;
#3468 = CARTESIAN_POINT ( 'NONE',  ( -0.9500000000000002887, 0.000000000000000000, -1.100000000000000755 ) ) ;
#3469 = ORIENTED_EDGE ( 'NONE', *, *, #1430, .F. ) ;
#3470 = DIRECTION ( 'NONE',  ( -1.000000000000000000, 0.000000000000000000, 0.000000000000000000 ) ) ;
#3471 = LINE ( 'NONE', #4153, #3285 ) ;
#3472 = LINE ( 'NONE', #3132, #3489 ) ;
#3473 = EDGE_CURVE ( 'NONE', #481, #4, #2558, .T. ) ;
#3474 = CARTESIAN_POINT ( 'NONE',  ( 0.1250000000000001110, 0.1000000000000000056, 1.250000000000000444 ) ) ;
#3475 = FACE_OUTER_BOUND ( 'NONE', #3189, .T. ) ;
#3476 = ORIENTED_EDGE ( 'NONE', *, *, #2712, .F. ) ;
#3477 = DIRECTION ( 'NONE',  ( -1.000000000000000000, 0.000000000000000000, 0.000000000000000000 ) ) ;
#3478 = CARTESIAN_POINT ( 'NONE',  ( -1.100000000000000311, 0.1000000000000000056, 0.8749999999999994449 ) ) ;
#3479 = CARTESIAN_POINT ( 'NONE',  ( -0.2500000000000003331, 0.9860022573334675799, -0.6250000000000003331 ) ) ;
#3480 = VECTOR ( 'NONE', #2605, 1000.000000000000000 ) ;
#3481 = CARTESIAN_POINT ( 'NONE',  ( -1.100000000000000311, 0.1000000000000000056, -0.6250000000000000000 ) ) ;
#3482 = VECTOR ( 'NONE', #2684, 1000.000000000000000 ) ;
#3483 = VECTOR ( 'NONE', #1957, 1000.000000000000000 ) ;
#3484 = ORIENTED_EDGE ( 'NONE', *, *, #3350, .F. ) ;
#3485 = DIRECTION ( 'NONE',  ( 0.000000000000000000, 1.000000000000000000, 0.000000000000000000 ) ) ;
#3486 = CARTESIAN_POINT ( 'NONE',  ( 0.2500000000000003331, 0.000000000000000000, -0.6250000000000003331 ) ) ;
#3487 = EDGE_CURVE ( 'NONE', #1292, #3389, #2917, .T. ) ;
#3488 = AXIS2_PLACEMENT_3D ( 'NONE', #381, #1794, #3205 ) ;
#3489 = VECTOR ( 'NONE', #3517, 1000.000000000000000 ) ;
#3490 = ORIENTED_EDGE ( 'NONE', *, *, #1268, .F. ) ;
#3491 = VERTEX_POINT ( 'NONE', #3305 ) ;
#3492 = CARTESIAN_POINT ( 'NONE',  ( 0.9500000000000002887, 0.9860022573334675799, 1.250000000000000444 ) ) ;
#3493 = CARTESIAN_POINT ( 'NONE',  ( -1.100000000000000311, 0.05000000000000000278, 1.250000000000000444 ) ) ;
#3494 = DIRECTION ( 'NONE',  ( -0.000000000000000000, -0.000000000000000000, -1.000000000000000000 ) ) ;
#3495 = EDGE_CURVE ( 'NONE', #1775, #1882, #3986, .T. ) ;
#3496 = EDGE_CURVE ( 'NONE', #2511, #837, #1530, .T. ) ;
#3497 = VERTEX_POINT ( 'NONE', #463 ) ;
#3498 = DIRECTION ( 'NONE',  ( 0.000000000000000000, -1.000000000000000000, 0.000000000000000000 ) ) ;
#3499 = CARTESIAN_POINT ( 'NONE',  ( -1.100000000000000311, 0.1000000000000000472, 0.6250000000000000000 ) ) ;
#3500 = VERTEX_POINT ( 'NONE', #1188 ) ;
#3501 = FACE_OUTER_BOUND ( 'NONE', #4370, .T. ) ;
#3502 = PRESENTATION_LAYER_ASSIGNMENT (  '', '', ( #1740 ) ) ;
#3503 = EDGE_LOOP ( 'NONE', ( #3004, #1125, #4188, #2243 ) ) ;
#3504 = DIRECTION ( 'NONE',  ( 0.000000000000000000, -1.000000000000000000, 0.000000000000000000 ) ) ;
#3505 = VECTOR ( 'NONE', #557, 1000.000000000000000 ) ;
#3506 = COLOUR_RGB ( '',0.7960784313725489669, 0.8235294117647058432, 0.9372549019607843146 ) ;
#3507 = AXIS2_PLACEMENT_3D ( 'NONE', #3431, #1686, #3086 ) ;
#3508 =( LENGTH_UNIT ( ) NAMED_UNIT ( * ) SI_UNIT ( .MILLI., .METRE. ) );
#3509 = DIRECTION ( 'NONE',  ( -1.000000000000000000, 0.000000000000000000, -0.000000000000000000 ) ) ;
#3510 = ORIENTED_EDGE ( 'NONE', *, *, #4081, .T. ) ;
#3511 = CARTESIAN_POINT ( 'NONE',  ( -1.100000000000000311, 0.000000000000000000, -0.6250000000000000000 ) ) ;
#3512 = ADVANCED_FACE ( 'NONE', ( #2157 ), #3282, .T. ) ;
#3513 = ORIENTED_EDGE ( 'NONE', *, *, #4106, .F. ) ;
#3514 = CARTESIAN_POINT ( 'NONE',  ( 1.099999999999999867, 0.05000000000000000278, -1.249999999999999778 ) ) ;
#3515 = EDGE_CURVE ( 'NONE', #730, #1876, #836, .T. ) ;
#3516 = DIRECTION ( 'NONE',  ( 1.000000000000000000, 0.000000000000000000, -0.000000000000000000 ) ) ;
#3517 = DIRECTION ( 'NONE',  ( -0.000000000000000000, -1.000000000000000000, -0.000000000000000000 ) ) ;
#3518 = ORIENTED_EDGE ( 'NONE', *, *, #4330, .T. ) ;
#3519 = LINE ( 'NONE', #1034, #3025 ) ;
#3520 = ORIENTED_EDGE ( 'NONE', *, *, #4061, .F. ) ;
#3521 = ADVANCED_FACE ( 'NONE', ( #4258 ), #955, .T. ) ;
#3522 = DIRECTION ( 'NONE',  ( -1.000000000000000000, 0.000000000000000000, 0.000000000000000000 ) ) ;
#3523 = ORIENTED_EDGE ( 'NONE', *, *, #3133, .F. ) ;
#3524 = PLANE ( 'NONE',  #3417 ) ;
#3525 = ORIENTED_EDGE ( 'NONE', *, *, #245, .F. ) ;
#3526 = ORIENTED_EDGE ( 'NONE', *, *, #583, .T. ) ;
#3527 = LINE ( 'NONE', #4280, #1450 ) ;
#3528 = MANIFOLD_SOLID_BREP ( 'Boss-Extrude3[12]', #4187 ) ;
#3529 = EDGE_CURVE ( 'NONE', #2171, #610, #1276, .T. ) ;
#3530 = AXIS2_PLACEMENT_3D ( 'NONE', #471, #4366, #3607 ) ;
#3531 = ORIENTED_EDGE ( 'NONE', *, *, #2993, .T. ) ;
#3532 = DIRECTION ( 'NONE',  ( -0.000000000000000000, -1.000000000000000000, -0.000000000000000000 ) ) ;
#3533 = CARTESIAN_POINT ( 'NONE',  ( 0.000000000000000000, 0.1000000000000000056, 0.000000000000000000 ) ) ;
#3534 = VERTEX_POINT ( 'NONE', #4426 ) ;
#3535 = DIRECTION ( 'NONE',  ( 0.000000000000000000, 0.000000000000000000, -1.000000000000000000 ) ) ;
#3536 = CARTESIAN_POINT ( 'NONE',  ( 0.000000000000000000, 0.1000000000000000056, -0.9749999999999997558 ) ) ;
#3537 = CARTESIAN_POINT ( 'NONE',  ( -0.1250000000000001110, 0.9860022573334675799, -1.249999999999999778 ) ) ;
#3538 = CARTESIAN_POINT ( 'NONE',  ( -0.5499999999999997113, 0.1000000000000000056, 1.250000000000000222 ) ) ;
#3539 = CARTESIAN_POINT ( 'NONE',  ( -0.2500000000000002776, 0.1000000000000000056, -0.3749999999999999445 ) ) ;
#3540 = EDGE_CURVE ( 'NONE', #2751, #3559, #3726, .T. ) ;
#3541 = ORIENTED_EDGE ( 'NONE', *, *, #1405, .F. ) ;
#3542 = DIRECTION ( 'NONE',  ( -1.000000000000000000, 0.000000000000000000, 0.000000000000000000 ) ) ;
#3543 = EDGE_LOOP ( 'NONE', ( #4151, #1278, #3436, #4012 ) ) ;
#3544 = DIRECTION ( 'NONE',  ( 1.000000000000000000, -0.000000000000000000, 3.942553354492739094E-16 ) ) ;
#3545 = LINE ( 'NONE', #1733, #1499 ) ;
#3546 = ORIENTED_EDGE ( 'NONE', *, *, #2208, .F. ) ;
#3547 = DIRECTION ( 'NONE',  ( -9.637352644315561223E-16, 0.000000000000000000, 1.000000000000000000 ) ) ;
#3548 = AXIS2_PLACEMENT_3D ( 'NONE', #3348, #1552, #4311 ) ;
#3549 = ADVANCED_FACE ( 'NONE', ( #1643 ), #3028, .F. ) ;
#3550 = ORIENTED_EDGE ( 'NONE', *, *, #1576, .T. ) ;
#3551 = DIRECTION ( 'NONE',  ( 0.000000000000000000, 0.000000000000000000, -1.000000000000000000 ) ) ;
#3552 = CARTESIAN_POINT ( 'NONE',  ( 0.5499999999999997113, 0.9860022573334675799, -0.8749999999999996669 ) ) ;
#3553 = CARTESIAN_POINT ( 'NONE',  ( 1.100000000000000311, 0.1000000000000000056, 0.6250000000000000000 ) ) ;
#3554 = VERTEX_POINT ( 'NONE', #2689 ) ;
#3555 = FACE_OUTER_BOUND ( 'NONE', #1994, .T. ) ;
#3556 = LINE ( 'NONE', #399, #120 ) ;
#3557 = VECTOR ( 'NONE', #4094, 1000.000000000000000 ) ;
#3558 = VERTEX_POINT ( 'NONE', #1574 ) ;
#3559 = VERTEX_POINT ( 'NONE', #3329 ) ;
#3560 = CARTESIAN_POINT ( 'NONE',  ( -0.7657500870170551588, 1.000000000000000000, -0.8260194355169312441 ) ) ;
#3561 = CARTESIAN_POINT ( 'NONE',  ( -0.9500000000000002887, 0.1000000000000000056, 1.100000000000000755 ) ) ;
#3562 = LINE ( 'NONE', #3221, #3202 ) ;
#3563 = AXIS2_PLACEMENT_3D ( 'NONE', #565, #2356, #236 ) ;
#3564 = VECTOR ( 'NONE', #3228, 1000.000000000000000 ) ;
#3565 = AXIS2_PLACEMENT_3D ( 'NONE', #1082, #1731, #3176 ) ;
#3566 = EDGE_LOOP ( 'NONE', ( #17, #2195, #4201, #3378 ) ) ;
#3567 = PRESENTATION_STYLE_ASSIGNMENT (( #282 ) ) ;
#3568 = PLANE ( 'NONE',  #2622 ) ;
#3569 = ORIENTED_EDGE ( 'NONE', *, *, #1186, .T. ) ;
#3570 = DIRECTION ( 'NONE',  ( 0.000000000000000000, 0.000000000000000000, -1.000000000000000000 ) ) ;
#3571 = ORIENTED_EDGE ( 'NONE', *, *, #1805, .F. ) ;
#3572 = ORIENTED_EDGE ( 'NONE', *, *, #165, .T. ) ;
#3573 = DIRECTION ( 'NONE',  ( 0.000000000000000000, -1.000000000000000000, 0.000000000000000000 ) ) ;
#3574 = ADVANCED_FACE ( 'NONE', ( #1212 ), #2013, .T. ) ;
#3575 = EDGE_CURVE ( 'NONE', #3973, #1346, #888, .T. ) ;
#3576 = VECTOR ( 'NONE', #216, 1000.000000000000000 ) ;
#3577 = DIRECTION ( 'NONE',  ( 0.000000000000000000, -0.000000000000000000, -1.000000000000000000 ) ) ;
#3578 = ORIENTED_EDGE ( 'NONE', *, *, #4156, .T. ) ;
#3579 =( LENGTH_UNIT ( ) NAMED_UNIT ( * ) SI_UNIT ( .MILLI., .METRE. ) );
#3580 = CARTESIAN_POINT ( 'NONE',  ( -1.100000000000000311, 0.9860022573334675799, -0.6250000000000000000 ) ) ;
#3581 = ORIENTED_EDGE ( 'NONE', *, *, #1487, .F. ) ;
#3582 = LINE ( 'NONE', #423, #3604 ) ;
#3583 = CARTESIAN_POINT ( 'NONE',  ( -0.5499999999999997113, 0.1000000000000000472, -1.250000000000000222 ) ) ;
#3584 = AXIS2_PLACEMENT_3D ( 'NONE', #950, #3385, #2683 ) ;
#3585 = DIRECTION ( 'NONE',  ( -1.000000000000000000, 0.000000000000000000, -6.377659838150026227E-17 ) ) ;
#3586 = ORIENTED_EDGE ( 'NONE', *, *, #2490, .T. ) ;
#3587 = CARTESIAN_POINT ( 'NONE',  ( 0.2500000000000002776, 0.9860022573334675799, -0.3749999999999999445 ) ) ;
#3588 = MECHANICAL_DESIGN_GEOMETRIC_PRESENTATION_REPRESENTATION (  '', ( #1360 ), #654 ) ;
#3589 = ORIENTED_EDGE ( 'NONE', *, *, #1044, .F. ) ;
#3590 = LINE ( 'NONE', #429, #3052 ) ;
#3591 = LINE ( 'NONE', #829, #1056 ) ;
#3592 = ORIENTED_EDGE ( 'NONE', *, *, #1618, .F. ) ;
#3593 = LINE ( 'NONE', #1470, #2830 ) ;
#3594 = ADVANCED_FACE ( 'NONE', ( #4014 ), #865, .T. ) ;
#3595 = VERTEX_POINT ( 'NONE', #2303 ) ;
#3596 = PLANE ( 'NONE',  #4533 ) ;
#3597 = LINE ( 'NONE', #91, #1308 ) ;
#3598 = EDGE_CURVE ( 'NONE', #2511, #1720, #234, .T. ) ;
#3599 = ORIENTED_EDGE ( 'NONE', *, *, #727, .F. ) ;
#3600 = DIRECTION ( 'NONE',  ( -1.000000000000000000, 0.000000000000000000, 2.710505431213758620E-16 ) ) ;
#3601 = PLANE ( 'NONE',  #4287 ) ;
#3602 = ORIENTED_EDGE ( 'NONE', *, *, #2300, .T. ) ;
#3603 = LINE ( 'NONE', #2235, #4457 ) ;
#3604 = VECTOR ( 'NONE', #1836, 1000.000000000000000 ) ;
#3605 = EDGE_CURVE ( 'NONE', #3855, #3497, #4402, .T. ) ;
#3606 = ORIENTED_EDGE ( 'NONE', *, *, #1232, .F. ) ;
#3607 = DIRECTION ( 'NONE',  ( 0.000000000000000000, -0.000000000000000000, -1.000000000000000000 ) ) ;
#3608 = VECTOR ( 'NONE', #177, 1000.000000000000000 ) ;
#3609 = DIRECTION ( 'NONE',  ( 0.000000000000000000, -1.000000000000000000, 0.000000000000000000 ) ) ;
#3610 = CARTESIAN_POINT ( 'NONE',  ( -1.100000000000000311, 0.1000000000000000056, -0.6250000000000000000 ) ) ;
#3611 = VECTOR ( 'NONE', #2682, 1000.000000000000000 ) ;
#3612 = VECTOR ( 'NONE', #458, 1000.000000000000000 ) ;
#3613 = ORIENTED_EDGE ( 'NONE', *, *, #1550, .T. ) ;
#3614 = ORIENTED_EDGE ( 'NONE', *, *, #2734, .F. ) ;
#3615 = LINE ( 'NONE', #1151, #1701 ) ;
#3616 = DIRECTION ( 'NONE',  ( 2.168404344971005417E-16, -0.000000000000000000, 1.000000000000000000 ) ) ;
#3617 = CLOSED_SHELL ( 'NONE', ( #1321, #3990, #1939, #3102, #2143, #4333 ) ) ;
#3618 = ORIENTED_EDGE ( 'NONE', *, *, #3724, .T. ) ;
#3619 = CARTESIAN_POINT ( 'NONE',  ( 0.9500000000000002887, 0.9860022573334675799, 1.250000000000000444 ) ) ;
#3620 = EDGE_CURVE ( 'NONE', #3171, #1988, #1598, .T. ) ;
#3621 = LINE ( 'NONE', #4329, #3612 ) ;
#3622 = AXIS2_PLACEMENT_3D ( 'NONE', #3114, #2012, #3048 ) ;
#3623 = LINE ( 'NONE', #2941, #2281 ) ;
#3624 = MANIFOLD_SOLID_BREP ( 'Boss-Extrude3[11]', #3029 ) ;
#3625 = ORIENTED_EDGE ( 'NONE', *, *, #1887, .T. ) ;
#3626 = CARTESIAN_POINT ( 'NONE',  ( -0.9500000000000002887, 0.1000000000000000056, 1.250000000000000444 ) ) ;
#3627 = DIRECTION ( 'NONE',  ( 0.000000000000000000, 0.000000000000000000, -1.000000000000000000 ) ) ;
#3628 = ORIENTED_EDGE ( 'NONE', *, *, #2029, .T. ) ;
#3629 = CARTESIAN_POINT ( 'NONE',  ( 0.9500000000000002887, 0.000000000000000000, -1.100000000000000755 ) ) ;
#3630 = ORIENTED_EDGE ( 'NONE', *, *, #2965, .F. ) ;
#3631 = ORIENTED_EDGE ( 'NONE', *, *, #904, .F. ) ;
#3632 = CARTESIAN_POINT ( 'NONE',  ( -1.100000000000000311, 0.1000000000000000056, 0.3750000000000000000 ) ) ;
#3633 = DIRECTION ( 'NONE',  ( 0.000000000000000000, 0.000000000000000000, -1.000000000000000000 ) ) ;
#3634 = ADVANCED_FACE ( 'NONE', ( #2670 ), #63, .F. ) ;
#3635 = DIRECTION ( 'NONE',  ( 0.000000000000000000, 0.000000000000000000, 1.000000000000000000 ) ) ;
#3636 = ADVANCED_FACE ( 'NONE', ( #2397 ), #2837, .F. ) ;
#3637 = VECTOR ( 'NONE', #2904, 1000.000000000000000 ) ;
#3638 = ORIENTED_EDGE ( 'NONE', *, *, #2173, .T. ) ;
#3639 = CARTESIAN_POINT ( 'NONE',  ( -0.8250000000000020650, 0.1000000000000000472, -0.1250000000000000000 ) ) ;
#3640 = EDGE_CURVE ( 'NONE', #875, #1203, #977, .T. ) ;
#3641 = CARTESIAN_POINT ( 'NONE',  ( -0.8250000000000002887, 0.1000000000000000056, 0.3750000000000000000 ) ) ;
#3642 = VECTOR ( 'NONE', #3627, 1000.000000000000000 ) ;
#3643 = FACE_OUTER_BOUND ( 'NONE', #3806, .T. ) ;
#3644 = AXIS2_PLACEMENT_3D ( 'NONE', #2790, #3892, #4250 ) ;
#3645 = ORIENTED_EDGE ( 'NONE', *, *, #3749, .F. ) ;
#3646 = MANIFOLD_SOLID_BREP ( 'Boss-Extrude3[1]', #1628 ) ;
#3647 = DIRECTION ( 'NONE',  ( 1.000000000000000000, 0.000000000000000000, 2.168404344971005417E-16 ) ) ;
#3648 = AXIS2_PLACEMENT_3D ( 'NONE', #473, #4020, #3661 ) ;
#3649 = DIRECTION ( 'NONE',  ( -1.000000000000000000, 0.000000000000000000, 3.826595902890015736E-16 ) ) ;
#3650 = CARTESIAN_POINT ( 'NONE',  ( -0.8250000000000020650, 0.9860022573334675799, 0.1250000000000000000 ) ) ;
#3651 = ORIENTED_EDGE ( 'NONE', *, *, #2191, .T. ) ;
#3652 = CARTESIAN_POINT ( 'NONE',  ( 0.000000000000000000, 0.1000000000000000056, 0.000000000000000000 ) ) ;
#3653 = FACE_OUTER_BOUND ( 'NONE', #3443, .T. ) ;
#3654 = ORIENTED_EDGE ( 'NONE', *, *, #1124, .F. ) ;
#3655 = SURFACE_STYLE_FILL_AREA ( #1190 ) ;
#3656 = AXIS2_PLACEMENT_3D ( 'NONE', #7, #313, #704 ) ;
#3657 = ORIENTED_EDGE ( 'NONE', *, *, #3941, .F. ) ;
#3658 = DIRECTION ( 'NONE',  ( 0.000000000000000000, -1.000000000000000000, 0.000000000000000000 ) ) ;
#3659 = SURFACE_STYLE_FILL_AREA ( #4318 ) ;
#3660 = VECTOR ( 'NONE', #442, 1000.000000000000000 ) ;
#3661 = DIRECTION ( 'NONE',  ( 0.000000000000000000, 0.000000000000000000, -1.000000000000000000 ) ) ;
#3662 = EDGE_CURVE ( 'NONE', #3862, #2231, #3590, .T. ) ;
#3663 = EDGE_CURVE ( 'NONE', #260, #4042, #4474, .T. ) ;
#3664 = ORIENTED_EDGE ( 'NONE', *, *, #3449, .T. ) ;
#3665 = CIRCLE ( 'NONE', #344, 0.1250000000000001110 ) ;
#3666 = FACE_OUTER_BOUND ( 'NONE', #4090, .T. ) ;
#3667 = DIRECTION ( 'NONE',  ( 0.000000000000000000, -1.000000000000000000, 0.000000000000000000 ) ) ;
#3668 = PLANE ( 'NONE',  #1646 ) ;
#3669 = ORIENTED_EDGE ( 'NONE', *, *, #1216, .T. ) ;
#3670 = CARTESIAN_POINT ( 'NONE',  ( -1.100000000000000311, 0.000000000000000000, 0.3750000000000000000 ) ) ;
#3671 = ORIENTED_EDGE ( 'NONE', *, *, #2578, .F. ) ;
#3672 = VECTOR ( 'NONE', #2166, 1000.000000000000000 ) ;
#3673 = EDGE_CURVE ( 'NONE', #2428, #3222, #4144, .T. ) ;
#3674 = CYLINDRICAL_SURFACE ( 'NONE', #935, 0.1250000000000000000 ) ;
#3675 = CARTESIAN_POINT ( 'NONE',  ( 0.000000000000000000, 0.05000000000000000278, 0.000000000000000000 ) ) ;
#3676 = ORIENTED_EDGE ( 'NONE', *, *, #4503, .F. ) ;
#3677 = DIRECTION ( 'NONE',  ( 0.000000000000000000, -0.000000000000000000, -1.000000000000000000 ) ) ;
#3678 = CARTESIAN_POINT ( 'NONE',  ( 0.8250000000000002887, 0.1000000000000000056, 0.5000000000000000000 ) ) ;
#3679 = EDGE_CURVE ( 'NONE', #3595, #1810, #2062, .T. ) ;
#3680 = EDGE_LOOP ( 'NONE', ( #858, #4246, #4183, #1973 ) ) ;
#3681 = CARTESIAN_POINT ( 'NONE',  ( 0.9500000000000002887, 0.9860022573334675799, -1.250000000000000444 ) ) ;
#3682 = CARTESIAN_POINT ( 'NONE',  ( -0.9500000000000002887, 0.9860022573334675799, 1.100000000000000755 ) ) ;
#3683 = CARTESIAN_POINT ( 'NONE',  ( -1.100000000000000311, 0.1000000000000000056, 1.100000000000000755 ) ) ;
#3684 = VECTOR ( 'NONE', #3287, 1000.000000000000000 ) ;
#3685 = VECTOR ( 'NONE', #4093, 1000.000000000000000 ) ;
#3686 = EDGE_LOOP ( 'NONE', ( #363, #589, #3546, #1164, #1990, #4391 ) ) ;
#3687 = CARTESIAN_POINT ( 'NONE',  ( -0.2500000000000003331, 0.1000000000000000056, -0.6250000000000003331 ) ) ;
#3688 = CARTESIAN_POINT ( 'NONE',  ( 0.8250000000000002887, 0.1000000000000000056, 0.3750000000000000000 ) ) ;
#3689 = LINE ( 'NONE', #1154, #4070 ) ;
#3690 = ORIENTED_EDGE ( 'NONE', *, *, #400, .F. ) ;
#3691 = CARTESIAN_POINT ( 'NONE',  ( -1.100000000000000311, 0.1000000000000000472, 0.6250000000000000000 ) ) ;
#3692 = CARTESIAN_POINT ( 'NONE',  ( 0.8250000000000002887, 0.9860022573334675799, 0.3750000000000000000 ) ) ;
#3693 = ADVANCED_FACE ( 'NONE', ( #1421 ), #2148, .F. ) ;
#3694 = EDGE_CURVE ( 'NONE', #252, #1981, #37, .T. ) ;
#3695 = ORIENTED_EDGE ( 'NONE', *, *, #2238, .F. ) ;
#3696 = DIRECTION ( 'NONE',  ( 0.000000000000000000, -0.000000000000000000, 1.000000000000000000 ) ) ;
#3697 = DIRECTION ( 'NONE',  ( -0.000000000000000000, -1.000000000000000000, -0.000000000000000000 ) ) ;
#3698 = EDGE_CURVE ( 'NONE', #2054, #1027, #1541, .T. ) ;
#3699 = VECTOR ( 'NONE', #815, 1000.000000000000000 ) ;
#3700 = DIRECTION ( 'NONE',  ( -0.000000000000000000, -0.000000000000000000, -1.000000000000000000 ) ) ;
#3701 = EDGE_LOOP ( 'NONE', ( #149, #4083, #455, #4341 ) ) ;
#3702 = CARTESIAN_POINT ( 'NONE',  ( 0.000000000000000000, 0.05000000000000000278, 0.000000000000000000 ) ) ;
#3703 = CARTESIAN_POINT ( 'NONE',  ( -1.100000000000002087, 0.000000000000000000, -0.1250000000000000000 ) ) ;
#3704 = FACE_OUTER_BOUND ( 'NONE', #1822, .T. ) ;
#3705 = ORIENTED_EDGE ( 'NONE', *, *, #4156, .F. ) ;
#3706 = PLANE ( 'NONE',  #2206 ) ;
#3707 = CARTESIAN_POINT ( 'NONE',  ( 0.5499999999999997113, 0.1000000000000000056, 1.250000000000000222 ) ) ;
#3708 = EDGE_CURVE ( 'NONE', #1617, #3296, #4025, .T. ) ;
#3709 = FACE_OUTER_BOUND ( 'NONE', #4372, .T. ) ;
#3710 = CARTESIAN_POINT ( 'NONE',  ( -1.100000000000002087, 0.1000000000000000056, -0.1250000000000000000 ) ) ;
#3711 = ORIENTED_EDGE ( 'NONE', *, *, #2387, .F. ) ;
#3712 = AXIS2_PLACEMENT_3D ( 'NONE', #4209, #306, #3815 ) ;
#3713 = ORIENTED_EDGE ( 'NONE', *, *, #1886, .F. ) ;
#3714 = AXIS2_PLACEMENT_3D ( 'NONE', #2315, #3647, #2573 ) ;
#3715 = AXIS2_PLACEMENT_3D ( 'NONE', #3688, #3977, #4375 ) ;
#3716 = LINE ( 'NONE', #3085, #4091 ) ;
#3717 = ADVANCED_BREP_SHAPE_REPRESENTATION ( 'RPS12', ( #2135, #2053, #3646, #526, #2099, #2082, #475, #486, #605, #586, #1983, #579, #3624, #3528, #3192 ), #389 ) ;
#3718 = DIRECTION ( 'NONE',  ( 0.000000000000000000, 0.000000000000000000, 1.000000000000000000 ) ) ;
#3719 = VECTOR ( 'NONE', #2420, 1000.000000000000000 ) ;
#3720 = AXIS2_PLACEMENT_3D ( 'NONE', #1291, #1658, #202 ) ;
#3721 = MECHANICAL_DESIGN_GEOMETRIC_PRESENTATION_REPRESENTATION (  '', ( #1139 ), #3125 ) ;
#3722 = EDGE_LOOP ( 'NONE', ( #1493, #2358, #2892, #74, #960, #566, #4290, #2882, #2311, #2017, #4062, #2456, #2043, #2492, #3233, #2735 ) ) ;
#3723 = EDGE_CURVE ( 'NONE', #2599, #2930, #3615, .T. ) ;
#3724 = EDGE_CURVE ( 'NONE', #2338, #3248, #1201, .T. ) ;
#3725 = CARTESIAN_POINT ( 'NONE',  ( 0.000000000000000000, 0.05000000000000000278, -0.1250000000000000000 ) ) ;
#3726 = LINE ( 'NONE', #4383, #4444 ) ;
#3727 = DIRECTION ( 'NONE',  ( 1.000000000000000000, 0.000000000000000000, -3.942553354492739094E-16 ) ) ;
#3728 = ORIENTED_EDGE ( 'NONE', *, *, #3464, .F. ) ;
#3729 = DIRECTION ( 'NONE',  ( 3.826595902890015736E-16, 0.000000000000000000, 1.000000000000000000 ) ) ;
#3730 = DIRECTION ( 'NONE',  ( -1.000000000000000000, 0.000000000000000000, 0.000000000000000000 ) ) ;
#3731 = VECTOR ( 'NONE', #1992, 1000.000000000000000 ) ;
#3732 = ORIENTED_EDGE ( 'NONE', *, *, #2462, .F. ) ;
#3733 = ORIENTED_EDGE ( 'NONE', *, *, #2765, .F. ) ;
#3734 = VECTOR ( 'NONE', #1131, 1000.000000000000000 ) ;
#3735 = VECTOR ( 'NONE', #818, 1000.000000000000000 ) ;
#3736 = SURFACE_STYLE_FILL_AREA ( #3061 ) ;
#3737 = DIRECTION ( 'NONE',  ( 0.000000000000000000, -0.000000000000000000, -1.000000000000000000 ) ) ;
#3738 = DIRECTION ( 'NONE',  ( 0.000000000000000000, 0.000000000000000000, 1.000000000000000000 ) ) ;
#3739 = DIRECTION ( 'NONE',  ( 0.000000000000000000, -1.000000000000000000, 0.000000000000000000 ) ) ;
#3740 = EDGE_CURVE ( 'NONE', #2231, #3554, #111, .T. ) ;
#3741 = FACE_OUTER_BOUND ( 'NONE', #3266, .T. ) ;
#3742 = DIRECTION ( 'NONE',  ( 1.000000000000000000, 0.000000000000000000, -0.000000000000000000 ) ) ;
#3743 = EDGE_LOOP ( 'NONE', ( #1350, #712, #4063, #11 ) ) ;
#3744 = DIRECTION ( 'NONE',  ( -1.000000000000000000, 0.000000000000000000, 2.710505431213758620E-16 ) ) ;
#3745 = ORIENTED_EDGE ( 'NONE', *, *, #3851, .T. ) ;
#3746 = CARTESIAN_POINT ( 'NONE',  ( 0.9500000000000002887, 0.05000000000000000278, 1.100000000000000755 ) ) ;
#3747 = SURFACE_STYLE_FILL_AREA ( #212 ) ;
#3748 = PRESENTATION_LAYER_ASSIGNMENT (  '', '', ( #577 ) ) ;
#3749 = EDGE_CURVE ( 'NONE', #3756, #4157, #479, .T. ) ;
#3750 = CARTESIAN_POINT ( 'NONE',  ( 0.9500000000000002887, 0.000000000000000000, 1.100000000000000755 ) ) ;
#3751 = EDGE_LOOP ( 'NONE', ( #383, #229, #417, #1818 ) ) ;
#3752 = DIRECTION ( 'NONE',  ( 0.000000000000000000, -0.000000000000000000, -1.000000000000000000 ) ) ;
#3753 = DIRECTION ( 'NONE',  ( 0.000000000000000000, 0.000000000000000000, -1.000000000000000000 ) ) ;
#3754 = LINE ( 'NONE', #3374, #2544 ) ;
#3755 = EDGE_CURVE ( 'NONE', #1247, #875, #155, .T. ) ;
#3756 = VERTEX_POINT ( 'NONE', #3641 ) ;
#3757 = DIRECTION ( 'NONE',  ( -0.000000000000000000, -0.000000000000000000, -1.000000000000000000 ) ) ;
#3758 = CARTESIAN_POINT ( 'NONE',  ( -0.9500000000000002887, 0.05000000000000000278, 0.000000000000000000 ) ) ;
#3759 = DIRECTION ( 'NONE',  ( -0.000000000000000000, -1.000000000000000000, -0.000000000000000000 ) ) ;
#3760 = FACE_OUTER_BOUND ( 'NONE', #4121, .T. ) ;
#3761 = VECTOR ( 'NONE', #522, 1000.000000000000000 ) ;
#3762 = ORIENTED_EDGE ( 'NONE', *, *, #2844, .F. ) ;
#3763 = CARTESIAN_POINT ( 'NONE',  ( -0.5499999999999997113, 0.1000000000000000472, 0.8749999999999996669 ) ) ;
#3764 = ORIENTED_EDGE ( 'NONE', *, *, #1997, .F. ) ;
#3765 = PLANE ( 'NONE',  #2856 ) ;
#3766 = ORIENTED_EDGE ( 'NONE', *, *, #3363, .F. ) ;
#3767 = LINE ( 'NONE', #4139, #3124 ) ;
#3768 = ORIENTED_EDGE ( 'NONE', *, *, #2355, .F. ) ;
#3769 = CARTESIAN_POINT ( 'NONE',  ( 0.8250000000000020650, 0.1000000000000000472, -0.1250000000000000000 ) ) ;
#3770 = CARTESIAN_POINT ( 'NONE',  ( 0.5499999999999997113, 0.05000000000000000278, 0.000000000000000000 ) ) ;
#3771 = VERTEX_POINT ( 'NONE', #2975 ) ;
#3772 = ORIENTED_EDGE ( 'NONE', *, *, #3941, .T. ) ;
#3773 = DIRECTION ( 'NONE',  ( 2.168404344971005417E-16, 0.000000000000000000, -1.000000000000000000 ) ) ;
#3774 =( NAMED_UNIT ( * ) SI_UNIT ( $, .STERADIAN. ) SOLID_ANGLE_UNIT ( ) );
#3775 = CIRCLE ( 'NONE', #3548, 0.1250000000000000000 ) ;
#3776 = ORIENTED_EDGE ( 'NONE', *, *, #1339, .F. ) ;
#3777 = CARTESIAN_POINT ( 'NONE',  ( 0.5499999999999997113, 0.9860022573334675799, 0.8749999999999996669 ) ) ;
#3778 = EDGE_CURVE ( 'NONE', #2054, #4441, #877, .T. ) ;
#3779 = DIRECTION ( 'NONE',  ( 0.000000000000000000, 0.000000000000000000, -1.000000000000000000 ) ) ;
#3780 = EDGE_CURVE ( 'NONE', #276, #311, #134, .T. ) ;
#3781 = CARTESIAN_POINT ( 'NONE',  ( -0.2500000000000003331, 0.1000000000000000056, -0.6250000000000003331 ) ) ;
#3782 = DIRECTION ( 'NONE',  ( -0.000000000000000000, -1.000000000000000000, -0.000000000000000000 ) ) ;
#3783 = PLANE ( 'NONE',  #4277 ) ;
#3784 = PLANE ( 'NONE',  #2354 ) ;
#3785 = ORIENTED_EDGE ( 'NONE', *, *, #1123, .F. ) ;
#3786 = CARTESIAN_POINT ( 'NONE',  ( 1.100000000000000311, 0.1000000000000000472, -1.100000000000000755 ) ) ;
#3787 = VECTOR ( 'NONE', #3522, 1000.000000000000000 ) ;
#3788 = ORIENTED_EDGE ( 'NONE', *, *, #1664, .F. ) ;
#3789 = PLANE ( 'NONE',  #2236 ) ;
#3790 = CARTESIAN_POINT ( 'NONE',  ( -0.8250000000000002887, 0.1000000000000000056, 0.5000000000000000000 ) ) ;
#3791 = AXIS2_PLACEMENT_3D ( 'NONE', #1038, #2840, #1109 ) ;
#3792 = EDGE_CURVE ( 'NONE', #2493, #4385, #2594, .T. ) ;
#3793 = LINE ( 'NONE', #4496, #1283 ) ;
#3794 = ORIENTED_EDGE ( 'NONE', *, *, #4390, .T. ) ;
#3795 = CARTESIAN_POINT ( 'NONE',  ( 0.1250000000000000000, 0.05000000000000000278, 0.6500000000000004663 ) ) ;
#3796 = FILL_AREA_STYLE_COLOUR ( '', #3940 ) ;
#3797 = ORIENTED_EDGE ( 'NONE', *, *, #444, .F. ) ;
#3798 = DIRECTION ( 'NONE',  ( -1.000000000000000000, 0.000000000000000000, -9.637352644315561223E-16 ) ) ;
#3799 = LINE ( 'NONE', #3082, #4041 ) ;
#3800 = CARTESIAN_POINT ( 'NONE',  ( 0.5499999999999997113, 0.9860022573334675799, 0.8749999999999996669 ) ) ;
#3801 = DIRECTION ( 'NONE',  ( -9.856383386231857595E-17, 0.000000000000000000, -1.000000000000000000 ) ) ;
#3802 = EDGE_CURVE ( 'NONE', #311, #16, #853, .T. ) ;
#3803 = EDGE_CURVE ( 'NONE', #1213, #4556, #2799, .T. ) ;
#3804 = DIRECTION ( 'NONE',  ( 0.000000000000000000, 0.000000000000000000, 1.000000000000000000 ) ) ;
#3805 = DIRECTION ( 'NONE',  ( 0.000000000000000000, 1.000000000000000000, 0.000000000000000000 ) ) ;
#3806 = EDGE_LOOP ( 'NONE', ( #345, #1972, #4412, #3047 ) ) ;
#3807 = PLANE ( 'NONE',  #1800 ) ;
#3808 = EDGE_CURVE ( 'NONE', #2530, #3932, #828, .T. ) ;
#3809 = VERTEX_POINT ( 'NONE', #2997 ) ;
#3810 = FACE_OUTER_BOUND ( 'NONE', #139, .T. ) ;
#3811 = CARTESIAN_POINT ( 'NONE',  ( 1.100000000000000311, 0.1000000000000000056, -0.8749999999999994449 ) ) ;
#3812 = VECTOR ( 'NONE', #1208, 1000.000000000000000 ) ;
#3813 = ORIENTED_EDGE ( 'NONE', *, *, #1804, .T. ) ;
#3814 = VECTOR ( 'NONE', #1932, 1000.000000000000000 ) ;
#3815 = DIRECTION ( 'NONE',  ( 0.000000000000000000, 0.000000000000000000, 1.000000000000000000 ) ) ;
#3816 = EDGE_LOOP ( 'NONE', ( #2547, #2248, #2278, #3156 ) ) ;
#3817 = CARTESIAN_POINT ( 'NONE',  ( 0.5499999999999997113, 0.000000000000000000, 1.250000000000000222 ) ) ;
#3818 = CARTESIAN_POINT ( 'NONE',  ( 0.9500000000000002887, 0.1000000000000000056, -1.250000000000000444 ) ) ;
#3819 = ADVANCED_FACE ( 'NONE', ( #2657 ), #2273, .F. ) ;
#3820 = ORIENTED_EDGE ( 'NONE', *, *, #3236, .F. ) ;
#3821 = PLANE ( 'NONE',  #2665 ) ;
#3822 = CARTESIAN_POINT ( 'NONE',  ( -1.100000000000000311, 0.1000000000000000056, -0.8749999999999994449 ) ) ;
#3823 = DIRECTION ( 'NONE',  ( 0.000000000000000000, -0.000000000000000000, -1.000000000000000000 ) ) ;
#3824 = ORIENTED_EDGE ( 'NONE', *, *, #2899, .F. ) ;
#3825 = CARTESIAN_POINT ( 'NONE',  ( 1.099999999999999867, 0.05000000000000000278, 1.250000000000000222 ) ) ;
#3826 = CARTESIAN_POINT ( 'NONE',  ( -0.9500000000000002887, 0.000000000000000000, 1.100000000000000755 ) ) ;
#3827 = ORIENTED_EDGE ( 'NONE', *, *, #390, .T. ) ;
#3828 = CARTESIAN_POINT ( 'NONE',  ( -1.100000000000000311, 0.05000000000000000278, -1.100000000000000755 ) ) ;
#3829 = VECTOR ( 'NONE', #893, 1000.000000000000000 ) ;
#3830 = CARTESIAN_POINT ( 'NONE',  ( -0.9500000000000002887, 0.05000000000000000278, -1.250000000000000444 ) ) ;
#3831 = VECTOR ( 'NONE', #3270, 1000.000000000000000 ) ;
#3832 = DIRECTION ( 'NONE',  ( 6.377659838150026227E-17, 0.000000000000000000, -1.000000000000000000 ) ) ;
#3833 = EDGE_CURVE ( 'NONE', #4114, #3126, #551, .T. ) ;
#3834 = VECTOR ( 'NONE', #995, 1000.000000000000000 ) ;
#3835 = DIRECTION ( 'NONE',  ( 0.000000000000000000, 1.000000000000000000, 0.000000000000000000 ) ) ;
#3836 = ORIENTED_EDGE ( 'NONE', *, *, #107, .T. ) ;
#3837 = LINE ( 'NONE', #2159, #3967 ) ;
#3838 = CARTESIAN_POINT ( 'NONE',  ( 0.8250000000000002887, 0.1000000000000000472, 0.3750000000000000000 ) ) ;
#3839 = ORIENTED_EDGE ( 'NONE', *, *, #3803, .T. ) ;
#3840 = VERTEX_POINT ( 'NONE', #1491 ) ;
#3841 = CARTESIAN_POINT ( 'NONE',  ( 0.8250000000000002887, 0.9860022573334675799, 0.5000000000000000000 ) ) ;
#3842 = CARTESIAN_POINT ( 'NONE',  ( -1.100000000000000311, 0.05000000000000000278, 1.250000000000000444 ) ) ;
#3843 = FACE_OUTER_BOUND ( 'NONE', #2526, .T. ) ;
#3844 = CARTESIAN_POINT ( 'NONE',  ( -0.5499999999999997113, 0.1000000000000000472, 0.8749999999999996669 ) ) ;
#3845 = PLANE ( 'NONE',  #4463 ) ;
#3846 = ORIENTED_EDGE ( 'NONE', *, *, #3792, .F. ) ;
#3847 = PLANE ( 'NONE',  #1498 ) ;
#3848 = ORIENTED_EDGE ( 'NONE', *, *, #1268, .T. ) ;
#3849 = DIRECTION ( 'NONE',  ( -0.000000000000000000, -1.000000000000000000, -0.000000000000000000 ) ) ;
#3850 = EDGE_CURVE ( 'NONE', #2824, #2717, #3317, .T. ) ;
#3851 = EDGE_CURVE ( 'NONE', #3389, #2200, #4373, .T. ) ;
#3852 = VECTOR ( 'NONE', #1455, 1000.000000000000000 ) ;
#3853 = LINE ( 'NONE', #2042, #2625 ) ;
#3854 = CIRCLE ( 'NONE', #769, 0.1250000000000000000 ) ;
#3855 = VERTEX_POINT ( 'NONE', #804 ) ;
#3856 = DIRECTION ( 'NONE',  ( 1.807003620809174139E-16, 0.000000000000000000, 1.000000000000000000 ) ) ;
#3857 =( GEOMETRIC_REPRESENTATION_CONTEXT ( 3 ) GLOBAL_UNCERTAINTY_ASSIGNED_CONTEXT ( ( #3089 ) ) GLOBAL_UNIT_ASSIGNED_CONTEXT ( ( #2168, #1320, #633 ) ) REPRESENTATION_CONTEXT ( 'NONE', 'WORKASPACE' ) );
#3858 = VECTOR ( 'NONE', #3730, 1000.000000000000000 ) ;
#3859 = CARTESIAN_POINT ( 'NONE',  ( -0.9500000000000002887, 0.1000000000000000056, -1.250000000000000444 ) ) ;
#3860 = LINE ( 'NONE', #664, #778 ) ;
#3861 = LINE ( 'NONE', #1724, #4007 ) ;
#3862 = VERTEX_POINT ( 'NONE', #1226 ) ;
#3863 = DIRECTION ( 'NONE',  ( 0.000000000000000000, -0.000000000000000000, 1.000000000000000000 ) ) ;
#3864 = CARTESIAN_POINT ( 'NONE',  ( -0.9500000000000002887, 0.000000000000000000, 1.250000000000000444 ) ) ;
#3865 = ORIENTED_EDGE ( 'NONE', *, *, #2897, .F. ) ;
#3866 = DIRECTION ( 'NONE',  ( -2.710505431213758620E-16, 0.000000000000000000, -1.000000000000000000 ) ) ;
#3867 = UNCERTAINTY_MEASURE_WITH_UNIT (LENGTH_MEASURE( 1.000000000000000082E-05 ), #4043, 'distance_accuracy_value', 'NONE');
#3868 = ADVANCED_FACE ( 'NONE', ( #2570 ), #2640, .F. ) ;
#3869 = AXIS2_PLACEMENT_3D ( 'NONE', #2430, #355, #2827 ) ;
#3870 = ORIENTED_EDGE ( 'NONE', *, *, #3069, .F. ) ;
#3871 = CARTESIAN_POINT ( 'NONE',  ( 0.2500000000000003331, 0.1000000000000000472, -0.6250000000000003331 ) ) ;
#3872 = VECTOR ( 'NONE', #3946, 1000.000000000000000 ) ;
#3873 = CIRCLE ( 'NONE', #3074, 0.1250000000000000000 ) ;
#3874 = DIRECTION ( 'NONE',  ( -1.000000000000000000, 0.000000000000000000, -6.377659838150026227E-17 ) ) ;
#3875 = DIRECTION ( 'NONE',  ( 1.000000000000000000, -0.000000000000000000, -9.856383386231857595E-17 ) ) ;
#3876 = VERTEX_POINT ( 'NONE', #1265 ) ;
#3877 = LINE ( 'NONE', #3121, #2295 ) ;
#3878 = EDGE_CURVE ( 'NONE', #3210, #3257, #3358, .T. ) ;
#3879 = VERTEX_POINT ( 'NONE', #599 ) ;
#3880 = EDGE_CURVE ( 'NONE', #2580, #2936, #945, .T. ) ;
#3881 = PLANE ( 'NONE',  #4256 ) ;
#3882 = DIRECTION ( 'NONE',  ( 0.000000000000000000, -1.000000000000000000, 0.000000000000000000 ) ) ;
#3883 = ADVANCED_FACE ( 'NONE', ( #2408 ), #222, .F. ) ;
#3884 = FACE_OUTER_BOUND ( 'NONE', #1533, .T. ) ;
#3885 = ORIENTED_EDGE ( 'NONE', *, *, #4476, .T. ) ;
#3886 = FACE_OUTER_BOUND ( 'NONE', #2083, .T. ) ;
#3887 = ORIENTED_EDGE ( 'NONE', *, *, #2441, .F. ) ;
#3888 = EDGE_CURVE ( 'NONE', #2068, #2171, #3799, .T. ) ;
#3889 = DIRECTION ( 'NONE',  ( 0.000000000000000000, -0.000000000000000000, 1.000000000000000000 ) ) ;
#3890 = DIRECTION ( 'NONE',  ( 0.000000000000000000, -1.000000000000000000, 0.000000000000000000 ) ) ;
#3891 = ORIENTED_EDGE ( 'NONE', *, *, #2965, .T. ) ;
#3892 = DIRECTION ( 'NONE',  ( 0.000000000000000000, 1.000000000000000000, 0.000000000000000000 ) ) ;
#3893 = EDGE_LOOP ( 'NONE', ( #4456, #2708, #1666, #2500 ) ) ;
#3894 = DIRECTION ( 'NONE',  ( 2.168404344971005417E-16, 0.000000000000000000, -1.000000000000000000 ) ) ;
#3895 = VECTOR ( 'NONE', #4499, 1000.000000000000000 ) ;
#3896 = VECTOR ( 'NONE', #1534, 1000.000000000000000 ) ;
#3897 =( NAMED_UNIT ( * ) SI_UNIT ( $, .STERADIAN. ) SOLID_ANGLE_UNIT ( ) );
#3898 = DIRECTION ( 'NONE',  ( 6.899468370362299330E-16, 0.000000000000000000, 1.000000000000000000 ) ) ;
#3899 = ORIENTED_EDGE ( 'NONE', *, *, #1921, .F. ) ;
#3900 = CARTESIAN_POINT ( 'NONE',  ( -0.7657500870170551588, 0.9000000000000000222, -0.9529334416212273950 ) ) ;
#3901 = LINE ( 'NONE', #1507, #2115 ) ;
#3902 = ADVANCED_FACE ( 'NONE', ( #4132 ), #1632, .F. ) ;
#3903 = DIRECTION ( 'NONE',  ( 1.000000000000000000, 0.000000000000000000, 0.000000000000000000 ) ) ;
#3904 = LINE ( 'NONE', #1397, #2193 ) ;
#3905 = LINE ( 'NONE', #751, #3420 ) ;
#3906 = EDGE_CURVE ( 'NONE', #2599, #2338, #2429, .T. ) ;
#3907 = EDGE_CURVE ( 'NONE', #4562, #655, #72, .T. ) ;
#3908 = ORIENTED_EDGE ( 'NONE', *, *, #2462, .T. ) ;
#3909 = DIRECTION ( 'NONE',  ( 1.355252715606880543E-16, 0.000000000000000000, 1.000000000000000000 ) ) ;
#3910 = ORIENTED_EDGE ( 'NONE', *, *, #1748, .T. ) ;
#3911 = PLANE ( 'NONE',  #4071 ) ;
#3912 = ORIENTED_EDGE ( 'NONE', *, *, #921, .F. ) ;
#3913 = DIRECTION ( 'NONE',  ( 1.000000000000000000, 0.000000000000000000, -2.710505431213758620E-16 ) ) ;
#3914 = VECTOR ( 'NONE', #3461, 1000.000000000000000 ) ;
#3915 = ORIENTED_EDGE ( 'NONE', *, *, #4502, .F. ) ;
#3916 = ORIENTED_EDGE ( 'NONE', *, *, #2036, .T. ) ;
#3917 = CARTESIAN_POINT ( 'NONE',  ( 0.5499999999999997113, 0.1000000000000000056, -0.8749999999999996669 ) ) ;
#3918 = DIRECTION ( 'NONE',  ( 0.000000000000000000, 1.000000000000000000, 0.000000000000000000 ) ) ;
#3919 = CARTESIAN_POINT ( 'NONE',  ( 0.000000000000000000, 0.1000000000000000056, 0.000000000000000000 ) ) ;
#3920 = ORIENTED_EDGE ( 'NONE', *, *, #2843, .T. ) ;
#3921 = ADVANCED_FACE ( 'NONE', ( #4505 ), #3821, .F. ) ;
#3922 = VECTOR ( 'NONE', #4241, 1000.000000000000000 ) ;
#3923 = ORIENTED_EDGE ( 'NONE', *, *, #147, .T. ) ;
#3924 = VERTEX_POINT ( 'NONE', #3038 ) ;
#3925 = CARTESIAN_POINT ( 'NONE',  ( 1.100000000000000311, 0.1000000000000000056, -1.100000000000000755 ) ) ;
#3926 = PLANE ( 'NONE',  #1814 ) ;
#3927 = DIRECTION ( 'NONE',  ( -1.000000000000000000, 0.000000000000000000, 1.807003620809174139E-16 ) ) ;
#3928 = VECTOR ( 'NONE', #3875, 1000.000000000000000 ) ;
#3929 = AXIS2_PLACEMENT_3D ( 'NONE', #1823, #3866, #4557 ) ;
#3930 = PRESENTATION_LAYER_ASSIGNMENT (  '', '', ( #1360 ) ) ;
#3931 = PLANE ( 'NONE',  #4238 ) ;
#3932 = VERTEX_POINT ( 'NONE', #2721 ) ;
#3933 = SURFACE_SIDE_STYLE ('',( #12 ) ) ;
#3934 = CARTESIAN_POINT ( 'NONE',  ( 0.8250000000000020650, 0.000000000000000000, -0.1250000000000000000 ) ) ;
#3935 = ORIENTED_EDGE ( 'NONE', *, *, #3375, .F. ) ;
#3936 = LINE ( 'NONE', #2151, #1947 ) ;
#3937 = ADVANCED_FACE ( 'NONE', ( #290 ), #3104, .F. ) ;
#3938 = CARTESIAN_POINT ( 'NONE',  ( -1.100000000000000311, 0.000000000000000000, 0.8749999999999994449 ) ) ;
#3939 = CARTESIAN_POINT ( 'NONE',  ( 1.100000000000000311, 0.05000000000000000278, 0.6250000000000000000 ) ) ;
#3940 = COLOUR_RGB ( '',0.7960784313725489669, 0.8235294117647058432, 0.9372549019607843146 ) ;
#3941 = EDGE_CURVE ( 'NONE', #1617, #1780, #4434, .T. ) ;
#3942 = VECTOR ( 'NONE', #2850, 1000.000000000000000 ) ;
#3943 = DIRECTION ( 'NONE',  ( -1.000000000000000000, 0.000000000000000000, 5.421010862427514281E-16 ) ) ;
#3944 = DIRECTION ( 'NONE',  ( 0.000000000000000000, -1.000000000000000000, 0.000000000000000000 ) ) ;
#3945 = ORIENTED_EDGE ( 'NONE', *, *, #1044, .T. ) ;
#3946 = DIRECTION ( 'NONE',  ( -1.000000000000000000, 0.000000000000000000, 0.000000000000000000 ) ) ;
#3947 = ORIENTED_EDGE ( 'NONE', *, *, #3094, .F. ) ;
#3948 = EDGE_LOOP ( 'NONE', ( #1596, #636, #1444, #3984 ) ) ;
#3949 = CARTESIAN_POINT ( 'NONE',  ( 0.8250000000000020650, 0.05000000000000000278, 0.000000000000000000 ) ) ;
#3950 = ADVANCED_FACE ( 'NONE', ( #4152 ), #1956, .F. ) ;
#3951 = CARTESIAN_POINT ( 'NONE',  ( 1.100000000000000311, 0.9860022573334675799, 0.6250000000000000000 ) ) ;
#3952 = LINE ( 'NONE', #1221, #104 ) ;
#3953 = ORIENTED_EDGE ( 'NONE', *, *, #1282, .F. ) ;
#3954 =( GEOMETRIC_REPRESENTATION_CONTEXT ( 3 ) GLOBAL_UNCERTAINTY_ASSIGNED_CONTEXT ( ( #1663 ) ) GLOBAL_UNIT_ASSIGNED_CONTEXT ( ( #1890, #1955, #4393 ) ) REPRESENTATION_CONTEXT ( 'NONE', 'WORKASPACE' ) );
#3955 = ORIENTED_EDGE ( 'NONE', *, *, #1548, .T. ) ;
#3956 = CARTESIAN_POINT ( 'NONE',  ( 0.9500000000000002887, 0.9860022573334675799, -1.100000000000000755 ) ) ;
#3957 = CARTESIAN_POINT ( 'NONE',  ( 0.5499999999999997113, 0.000000000000000000, -1.250000000000000222 ) ) ;
#3958 = VERTEX_POINT ( 'NONE', #1287 ) ;
#3959 = CARTESIAN_POINT ( 'NONE',  ( -0.8250000000000002887, 0.05000000000000000278, 0.6250000000000000000 ) ) ;
#3960 = CARTESIAN_POINT ( 'NONE',  ( -1.100000000000000311, 0.9860022573334675799, 0.6250000000000000000 ) ) ;
#3961 = CARTESIAN_POINT ( 'NONE',  ( 0.1249999999999998890, 0.000000000000000000, -1.249999999999999778 ) ) ;
#3962 = EDGE_LOOP ( 'NONE', ( #4527, #1108, #2418, #4524 ) ) ;
#3963 = EDGE_CURVE ( 'NONE', #4451, #3855, #1332, .T. ) ;
#3964 = FACE_OUTER_BOUND ( 'NONE', #1193, .T. ) ;
#3965 = CARTESIAN_POINT ( 'NONE',  ( -0.5500000000000000444, 0.1000000000000000472, -1.024999999999999467 ) ) ;
#3966 = ORIENTED_EDGE ( 'NONE', *, *, #852, .F. ) ;
#3967 = VECTOR ( 'NONE', #2137, 1000.000000000000000 ) ;
#3968 = EDGE_CURVE ( 'NONE', #2167, #2516, #1399, .T. ) ;
#3969 = VERTEX_POINT ( 'NONE', #2743 ) ;
#3970 = DIRECTION ( 'NONE',  ( 0.000000000000000000, 0.000000000000000000, 1.000000000000000000 ) ) ;
#3971 = LINE ( 'NONE', #1195, #2704 ) ;
#3972 = LINE ( 'NONE', #4368, #325 ) ;
#3973 = VERTEX_POINT ( 'NONE', #4110 ) ;
#3974 = CARTESIAN_POINT ( 'NONE',  ( -0.7657500870170551588, 1.000000000000000000, -0.9529334416212273950 ) ) ;
#3975 = EDGE_LOOP ( 'NONE', ( #380, #4263, #2984, #2574 ) ) ;
#3976 = DIRECTION ( 'NONE',  ( 0.000000000000000000, 0.000000000000000000, -1.000000000000000000 ) ) ;
#3977 = DIRECTION ( 'NONE',  ( -0.000000000000000000, 0.000000000000000000, 1.000000000000000000 ) ) ;
#3978 = ORIENTED_EDGE ( 'NONE', *, *, #2407, .T. ) ;
#3979 = CARTESIAN_POINT ( 'NONE',  ( -1.100000000000002087, 0.1000000000000000472, 0.1250000000000000000 ) ) ;
#3980 = ORIENTED_EDGE ( 'NONE', *, *, #3780, .F. ) ;
#3981 = CARTESIAN_POINT ( 'NONE',  ( -0.8250000000000020650, 0.000000000000000000, -0.1250000000000000000 ) ) ;
#3982 = AXIS2_PLACEMENT_3D ( 'NONE', #976, #2061, #2084 ) ;
#3983 = PLANE ( 'NONE',  #714 ) ;
#3984 = ORIENTED_EDGE ( 'NONE', *, *, #1804, .F. ) ;
#3985 = PLANE ( 'NONE',  #2887 ) ;
#3986 = LINE ( 'NONE', #4312, #3050 ) ;
#3987 = EDGE_LOOP ( 'NONE', ( #803, #2185, #2584, #4224 ) ) ;
#3988 = SURFACE_SIDE_STYLE ('',( #3655 ) ) ;
#3989 = LINE ( 'NONE', #746, #708 ) ;
#3990 = ADVANCED_FACE ( 'NONE', ( #966 ), #2385, .F. ) ;
#3991 = EDGE_CURVE ( 'NONE', #1720, #603, #987, .T. ) ;
#3992 = ORIENTED_EDGE ( 'NONE', *, *, #702, .F. ) ;
#3993 = CARTESIAN_POINT ( 'NONE',  ( 0.5499999999999997113, 0.1000000000000000056, -0.8749999999999996669 ) ) ;
#3994 = LINE ( 'NONE', #3951, #1889 ) ;
#3995 = CARTESIAN_POINT ( 'NONE',  ( -0.8250000000000002887, 0.000000000000000000, 0.3750000000000000000 ) ) ;
#3996 = ADVANCED_FACE ( 'NONE', ( #1440 ), #3881, .F. ) ;
#3997 = AXIS2_PLACEMENT_3D ( 'NONE', #1656, #3063, #553 ) ;
#3998 = ORIENTED_EDGE ( 'NONE', *, *, #2086, .F. ) ;
#3999 =( NAMED_UNIT ( * ) PLANE_ANGLE_UNIT ( ) SI_UNIT ( $, .RADIAN. ) );
#4000 = CARTESIAN_POINT ( 'NONE',  ( 1.100000000000000311, 0.9860022573334675799, 1.100000000000000755 ) ) ;
#4001 = AXIS2_PLACEMENT_3D ( 'NONE', #1411, #2847, #1741 ) ;
#4002 = DIRECTION ( 'NONE',  ( 1.000000000000000000, -0.000000000000000000, -0.000000000000000000 ) ) ;
#4003 = VECTOR ( 'NONE', #4422, 1000.000000000000000 ) ;
#4004 = ORIENTED_EDGE ( 'NONE', *, *, #385, .F. ) ;
#4005 = DIRECTION ( 'NONE',  ( -0.000000000000000000, -1.000000000000000000, -0.000000000000000000 ) ) ;
#4006 = VECTOR ( 'NONE', #1820, 1000.000000000000000 ) ;
#4007 = VECTOR ( 'NONE', #2521, 1000.000000000000000 ) ;
#4008 = VERTEX_POINT ( 'NONE', #2539 ) ;
#4009 = ORIENTED_EDGE ( 'NONE', *, *, #3170, .T. ) ;
#4010 = DIRECTION ( 'NONE',  ( 0.000000000000000000, -1.000000000000000000, 0.000000000000000000 ) ) ;
#4011 = PLANE ( 'NONE',  #2202 ) ;
#4012 = ORIENTED_EDGE ( 'NONE', *, *, #385, .T. ) ;
#4013 = CARTESIAN_POINT ( 'NONE',  ( -0.7657500870170551588, 1.000000000000000000, -0.8260194355169312441 ) ) ;
#4014 = FACE_OUTER_BOUND ( 'NONE', #3458, .T. ) ;
#4015 = VERTEX_POINT ( 'NONE', #1812 ) ;
#4016 = VECTOR ( 'NONE', #1558, 1000.000000000000000 ) ;
#4017 = VERTEX_POINT ( 'NONE', #2854 ) ;
#4018 = DIRECTION ( 'NONE',  ( 1.000000000000000000, 0.000000000000000000, 0.000000000000000000 ) ) ;
#4019 = FACE_OUTER_BOUND ( 'NONE', #1090, .T. ) ;
#4020 = DIRECTION ( 'NONE',  ( 0.000000000000000000, -1.000000000000000000, 0.000000000000000000 ) ) ;
#4021 = EDGE_LOOP ( 'NONE', ( #754, #2552, #2801, #3518 ) ) ;
#4022 = AXIS2_PLACEMENT_3D ( 'NONE', #459, #1873, #4380 ) ;
#4023 =( NAMED_UNIT ( * ) SI_UNIT ( $, .STERADIAN. ) SOLID_ANGLE_UNIT ( ) );
#4024 = EDGE_CURVE ( 'NONE', #2369, #1793, #4549, .T. ) ;
#4025 = LINE ( 'NONE', #3687, #3608 ) ;
#4026 = DIRECTION ( 'NONE',  ( -0.000000000000000000, -0.000000000000000000, -1.000000000000000000 ) ) ;
#4027 = DIRECTION ( 'NONE',  ( -0.000000000000000000, -1.000000000000000000, -0.000000000000000000 ) ) ;
#4028 = AXIS2_PLACEMENT_3D ( 'NONE', #3974, #4483, #1331 ) ;
#4029 = EDGE_CURVE ( 'NONE', #2638, #2824, #354, .T. ) ;
#4030 = CARTESIAN_POINT ( 'NONE',  ( 0.1249999999999998890, 0.05000000000000000278, -2.258754526011465825E-17 ) ) ;
#4031 = CARTESIAN_POINT ( 'NONE',  ( -1.100000000000000311, 0.05000000000000000278, -0.6250000000000001110 ) ) ;
#4032 = ORIENTED_EDGE ( 'NONE', *, *, #21, .T. ) ;
#4033 = LINE ( 'NONE', #3304, #2969 ) ;
#4034 = DIRECTION ( 'NONE',  ( 0.000000000000000000, -1.000000000000000000, 0.000000000000000000 ) ) ;
#4035 = DIRECTION ( 'NONE',  ( -0.000000000000000000, -1.000000000000000000, -0.000000000000000000 ) ) ;
#4036 = VERTEX_POINT ( 'NONE', #2118 ) ;
#4037 = DIRECTION ( 'NONE',  ( 0.000000000000000000, -1.000000000000000000, 0.000000000000000000 ) ) ;
#4038 = LINE ( 'NONE', #1584, #4454 ) ;
#4039 = LINE ( 'NONE', #3011, #4514 ) ;
#4040 = AXIS2_PLACEMENT_3D ( 'NONE', #3859, #32, #4528 ) ;
#4041 = VECTOR ( 'NONE', #4459, 1000.000000000000000 ) ;
#4042 = VERTEX_POINT ( 'NONE', #1415 ) ;
#4043 =( LENGTH_UNIT ( ) NAMED_UNIT ( * ) SI_UNIT ( .MILLI., .METRE. ) );
#4044 = CARTESIAN_POINT ( 'NONE',  ( 0.9500000000000002887, 0.1000000000000000056, 1.100000000000000755 ) ) ;
#4045 = DIRECTION ( 'NONE',  ( 3.942553354492742545E-16, 0.000000000000000000, 1.000000000000000000 ) ) ;
#4046 = DIRECTION ( 'NONE',  ( -1.000000000000000000, 0.000000000000000000, 0.000000000000000000 ) ) ;
#4047 = EDGE_CURVE ( 'NONE', #1167, #1810, #2782, .T. ) ;
#4048 = ADVANCED_FACE ( 'NONE', ( #3218 ), #2094, .T. ) ;
#4049 = DIRECTION ( 'NONE',  ( 0.000000000000000000, 0.000000000000000000, 1.000000000000000000 ) ) ;
#4050 = ORIENTED_EDGE ( 'NONE', *, *, #3327, .F. ) ;
#4051 = DIRECTION ( 'NONE',  ( 0.000000000000000000, -1.000000000000000000, 0.000000000000000000 ) ) ;
#4052 = ORIENTED_EDGE ( 'NONE', *, *, #1670, .F. ) ;
#4053 = DIRECTION ( 'NONE',  ( 1.000000000000000000, 0.000000000000000000, 0.000000000000000000 ) ) ;
#4054 = DIRECTION ( 'NONE',  ( -3.826595902890015736E-16, 0.000000000000000000, 1.000000000000000000 ) ) ;
#4055 = ORIENTED_EDGE ( 'NONE', *, *, #277, .T. ) ;
#4056 = FACE_OUTER_BOUND ( 'NONE', #2220, .T. ) ;
#4057 = ORIENTED_EDGE ( 'NONE', *, *, #2310, .T. ) ;
#4058 = FACE_OUTER_BOUND ( 'NONE', #918, .T. ) ;
#4059 = LINE ( 'NONE', #3703, #3731 ) ;
#4060 = DIRECTION ( 'NONE',  ( -0.000000000000000000, -1.000000000000000000, -0.000000000000000000 ) ) ;
#4061 = EDGE_CURVE ( 'NONE', #2377, #3973, #6, .T. ) ;
#4062 = ORIENTED_EDGE ( 'NONE', *, *, #980, .F. ) ;
#4063 = ORIENTED_EDGE ( 'NONE', *, *, #460, .T. ) ;
#4064 = LINE ( 'NONE', #1631, #3814 ) ;
#4065 = DIRECTION ( 'NONE',  ( 0.000000000000000000, 0.000000000000000000, -1.000000000000000000 ) ) ;
#4066 = FACE_OUTER_BOUND ( 'NONE', #1601, .T. ) ;
#4067 = CARTESIAN_POINT ( 'NONE',  ( -0.8250000000000020650, 0.000000000000000000, 0.000000000000000000 ) ) ;
#4068 = VERTEX_POINT ( 'NONE', #1722 ) ;
#4069 = VECTOR ( 'NONE', #94, 1000.000000000000000 ) ;
#4070 = VECTOR ( 'NONE', #879, 1000.000000000000000 ) ;
#4071 = AXIS2_PLACEMENT_3D ( 'NONE', #1402, #755, #2808 ) ;
#4072 = DIRECTION ( 'NONE',  ( 1.000000000000000000, -0.000000000000000000, -0.000000000000000000 ) ) ;
#4073 = DIRECTION ( 'NONE',  ( 0.000000000000000000, -1.000000000000000000, 0.000000000000000000 ) ) ;
#4074 = EDGE_CURVE ( 'NONE', #3321, #2, #726, .T. ) ;
#4075 = PLANE ( 'NONE',  #26 ) ;
#4076 = VECTOR ( 'NONE', #1255, 1000.000000000000000 ) ;
#4077 = VECTOR ( 'NONE', #377, 1000.000000000000000 ) ;
#4078 = ORIENTED_EDGE ( 'NONE', *, *, #3540, .T. ) ;
#4079 = LINE ( 'NONE', #2461, #2003 ) ;
#4080 = CARTESIAN_POINT ( 'NONE',  ( -0.5500000000000009326, 0.05000000000000000278, -5.300543954373567153E-16 ) ) ;
#4081 = EDGE_CURVE ( 'NONE', #2428, #4561, #2073, .T. ) ;
#4082 = CARTESIAN_POINT ( 'NONE',  ( -0.6999999999999998446, 0.1000000000000000056, -0.8749999999999995559 ) ) ;
#4083 = ORIENTED_EDGE ( 'NONE', *, *, #3694, .T. ) ;
#4084 = EDGE_LOOP ( 'NONE', ( #1161, #2646, #2970, #3631 ) ) ;
#4085 = CARTESIAN_POINT ( 'NONE',  ( -0.7657500870170551588, 0.9000000000000000222, -1.079847447725523546 ) ) ;
#4086 = PLANE ( 'NONE',  #2845 ) ;
#4087 = CARTESIAN_POINT ( 'NONE',  ( 1.099999999999999867, 1.000000000000000000, -1.249999999999999778 ) ) ;
#4088 = STYLED_ITEM ( 'NONE', ( #329 ), #2082 ) ;
#4089 = VECTOR ( 'NONE', #4010, 1000.000000000000000 ) ;
#4090 = EDGE_LOOP ( 'NONE', ( #249, #2270, #470, #3031 ) ) ;
#4091 = VECTOR ( 'NONE', #4072, 1000.000000000000000 ) ;
#4092 = COLOUR_RGB ( '',1.000000000000000000, 1.000000000000000000, 1.000000000000000000 ) ;
#4093 = DIRECTION ( 'NONE',  ( -0.000000000000000000, -1.000000000000000000, -0.000000000000000000 ) ) ;
#4094 = DIRECTION ( 'NONE',  ( 0.000000000000000000, -1.000000000000000000, 0.000000000000000000 ) ) ;
#4095 = DIRECTION ( 'NONE',  ( 0.000000000000000000, -1.000000000000000000, 0.000000000000000000 ) ) ;
#4096 = VECTOR ( 'NONE', #3323, 1000.000000000000000 ) ;
#4097 = ORIENTED_EDGE ( 'NONE', *, *, #3256, .F. ) ;
#4098 = DIRECTION ( 'NONE',  ( 0.000000000000000000, -0.000000000000000000, 1.000000000000000000 ) ) ;
#4099 = CARTESIAN_POINT ( 'NONE',  ( 0.2500000000000003331, 0.1000000000000000056, -0.6250000000000003331 ) ) ;
#4100 = ORIENTED_EDGE ( 'NONE', *, *, #1160, .F. ) ;
#4101 = CARTESIAN_POINT ( 'NONE',  ( 1.100000000000002087, 0.000000000000000000, 0.1250000000000000000 ) ) ;
#4102 = ORIENTED_EDGE ( 'NONE', *, *, #2035, .T. ) ;
#4103 = CARTESIAN_POINT ( 'NONE',  ( -0.9500000000000002887, 0.9860022573334675799, -1.100000000000000755 ) ) ;
#4104 = CARTESIAN_POINT ( 'NONE',  ( 0.000000000000000000, 0.1000000000000000056, 0.000000000000000000 ) ) ;
#4105 = EDGE_CURVE ( 'NONE', #1167, #1869, #1461, .T. ) ;
#4106 = EDGE_CURVE ( 'NONE', #4556, #4220, #1395, .T. ) ;
#4107 = DIRECTION ( 'NONE',  ( -1.000000000000000000, 0.000000000000000000, 0.000000000000000000 ) ) ;
#4108 = ORIENTED_EDGE ( 'NONE', *, *, #1773, .F. ) ;
#4109 = CARTESIAN_POINT ( 'NONE',  ( 0.5499999999999997113, 0.1000000000000000472, -0.8749999999999996669 ) ) ;
#4110 = CARTESIAN_POINT ( 'NONE',  ( -0.5499999999999997113, 0.05000000000000000278, -1.250000000000000222 ) ) ;
#4111 = DIRECTION ( 'NONE',  ( 0.000000000000000000, 0.000000000000000000, -1.000000000000000000 ) ) ;
#4112 = CARTESIAN_POINT ( 'NONE',  ( 1.100000000000000311, 0.000000000000000000, 0.8749999999999994449 ) ) ;
#4113 = AXIS2_PLACEMENT_3D ( 'NONE', #4172, #749, #3195 ) ;
#4114 = VERTEX_POINT ( 'NONE', #1028 ) ;
#4115 = DIRECTION ( 'NONE',  ( -3.942553354492743038E-16, 0.000000000000000000, -1.000000000000000000 ) ) ;
#4116 = ADVANCED_FACE ( 'NONE', ( #1049 ), #4217, .T. ) ;
#4117 = FACE_OUTER_BOUND ( 'NONE', #4492, .T. ) ;
#4118 = ORIENTED_EDGE ( 'NONE', *, *, #1887, .F. ) ;
#4119 = DIRECTION ( 'NONE',  ( 0.000000000000000000, 0.000000000000000000, 1.000000000000000000 ) ) ;
#4120 = EDGE_CURVE ( 'NONE', #1115, #1900, #2162, .T. ) ;
#4121 = EDGE_LOOP ( 'NONE', ( #2203, #2033, #4466, #2211 ) ) ;
#4122 = FACE_OUTER_BOUND ( 'NONE', #4498, .T. ) ;
#4123 = CARTESIAN_POINT ( 'NONE',  ( 1.100000000000000311, 0.9860022573334675799, 0.8749999999999994449 ) ) ;
#4124 = EDGE_LOOP ( 'NONE', ( #2737, #1178, #791, #3526 ) ) ;
#4125 = EDGE_LOOP ( 'NONE', ( #69, #817, #2627, #62 ) ) ;
#4126 = FACE_OUTER_BOUND ( 'NONE', #4125, .T. ) ;
#4127 = DIRECTION ( 'NONE',  ( -0.000000000000000000, -1.000000000000000000, -0.000000000000000000 ) ) ;
#4128 = CIRCLE ( 'NONE', #1340, 0.1250000000000000000 ) ;
#4129 = ADVANCED_FACE ( 'NONE', ( #2494 ), #401, .T. ) ;
#4130 = ADVANCED_FACE ( 'NONE', ( #56 ), #2139, .T. ) ;
#4131 = CARTESIAN_POINT ( 'NONE',  ( 1.099999999999999867, 1.000000000000000000, 1.250000000000000222 ) ) ;
#4132 = FACE_OUTER_BOUND ( 'NONE', #3680, .T. ) ;
#4133 = LINE ( 'NONE', #989, #3557 ) ;
#4134 = EDGE_CURVE ( 'NONE', #2861, #2528, #703, .T. ) ;
#4135 = DIRECTION ( 'NONE',  ( 9.637352644315561223E-16, 0.000000000000000000, -1.000000000000000000 ) ) ;
#4136 = CARTESIAN_POINT ( 'NONE',  ( 1.100000000000002087, 0.1000000000000000472, -0.1250000000000000000 ) ) ;
#4137 = CARTESIAN_POINT ( 'NONE',  ( -0.8250000000000002887, 0.1000000000000000056, 0.3750000000000000000 ) ) ;
#4138 = ORIENTED_EDGE ( 'NONE', *, *, #593, .T. ) ;
#4139 = CARTESIAN_POINT ( 'NONE',  ( -0.2500000000000002776, 0.1000000000000000056, -0.3749999999999999445 ) ) ;
#4140 = VECTOR ( 'NONE', #2502, 1000.000000000000000 ) ;
#4141 = ORIENTED_EDGE ( 'NONE', *, *, #3094, .T. ) ;
#4142 = EDGE_CURVE ( 'NONE', #42, #2498, #1377, .T. ) ;
#4143 = FACE_OUTER_BOUND ( 'NONE', #2933, .T. ) ;
#4144 = LINE ( 'NONE', #3811, #4295 ) ;
#4145 = VECTOR ( 'NONE', #3700, 1000.000000000000000 ) ;
#4146 = VECTOR ( 'NONE', #3570, 1000.000000000000000 ) ;
#4147 = VECTOR ( 'NONE', #3542, 1000.000000000000000 ) ;
#4148 = PLANE ( 'NONE',  #3712 ) ;
#4149 = ORIENTED_EDGE ( 'NONE', *, *, #3112, .T. ) ;
#4150 = CARTESIAN_POINT ( 'NONE',  ( 1.100000000000000311, 0.9860022573334675799, -0.3749999999999998890 ) ) ;
#4151 = ORIENTED_EDGE ( 'NONE', *, *, #2064, .T. ) ;
#4152 = FACE_OUTER_BOUND ( 'NONE', #342, .T. ) ;
#4153 = CARTESIAN_POINT ( 'NONE',  ( 0.8250000000000020650, 0.1000000000000000472, -0.1250000000000000000 ) ) ;
#4154 = DIRECTION ( 'NONE',  ( 0.000000000000000000, 0.000000000000000000, 1.000000000000000000 ) ) ;
#4155 = VECTOR ( 'NONE', #685, 1000.000000000000000 ) ;
#4156 = EDGE_CURVE ( 'NONE', #1218, #4562, #870, .T. ) ;
#4157 = VERTEX_POINT ( 'NONE', #3632 ) ;
#4158 = LINE ( 'NONE', #3587, #1580 ) ;
#4159 = CARTESIAN_POINT ( 'NONE',  ( 0.000000000000000000, 0.000000000000000000, -0.9749999999999997558 ) ) ;
#4160 = VERTEX_POINT ( 'NONE', #2240 ) ;
#4161 = DIRECTION ( 'NONE',  ( 0.000000000000000000, 0.000000000000000000, -1.000000000000000000 ) ) ;
#4162 = LINE ( 'NONE', #3478, #2175 ) ;
#4163 = CARTESIAN_POINT ( 'NONE',  ( -0.5499999999999999334, 0.9860022573334675799, -1.024999999999999467 ) ) ;
#4164 = AXIS2_PLACEMENT_3D ( 'NONE', #4159, #3805, #3022 ) ;
#4165 = ORIENTED_EDGE ( 'NONE', *, *, #105, .T. ) ;
#4166 = PRESENTATION_LAYER_ASSIGNMENT (  '', '', ( #419 ) ) ;
#4167 = DIRECTION ( 'NONE',  ( 0.000000000000000000, -1.000000000000000000, 0.000000000000000000 ) ) ;
#4168 = ORIENTED_EDGE ( 'NONE', *, *, #4106, .T. ) ;
#4169 = LINE ( 'NONE', #1095, #3383 ) ;
#4170 = ADVANCED_FACE ( 'NONE', ( #2587 ), #150, .F. ) ;
#4171 = ORIENTED_EDGE ( 'NONE', *, *, #2411, .T. ) ;
#4172 = CARTESIAN_POINT ( 'NONE',  ( -0.2500000000000003331, 0.1000000000000000056, -0.6250000000000003331 ) ) ;
#4173 = PLANE ( 'NONE',  #4227 ) ;
#4174 = DIRECTION ( 'NONE',  ( 0.000000000000000000, -0.000000000000000000, 1.000000000000000000 ) ) ;
#4175 = FACE_OUTER_BOUND ( 'NONE', #2007, .T. ) ;
#4176 = CARTESIAN_POINT ( 'NONE',  ( 0.8250000000000020650, 0.1000000000000000056, 0.000000000000000000 ) ) ;
#4177 = VERTEX_POINT ( 'NONE', #101 ) ;
#4178 = CARTESIAN_POINT ( 'NONE',  ( 0.5499999999999997113, 0.1000000000000000056, -0.8749999999999996669 ) ) ;
#4179 = UNCERTAINTY_MEASURE_WITH_UNIT (LENGTH_MEASURE( 1.000000000000000082E-05 ), #57, 'distance_accuracy_value', 'NONE');
#4180 = EDGE_CURVE ( 'NONE', #3554, #1995, #844, .T. ) ;
#4182 = EDGE_CURVE ( 'NONE', #2678, #2912, #1509, .T. ) ;
#4181 = VECTOR ( 'NONE', #4525, 1000.000000000000000 ) ;
#4183 = ORIENTED_EDGE ( 'NONE', *, *, #2880, .T. ) ;
#4184 = AXIS2_PLACEMENT_3D ( 'NONE', #2934, #3667, #3976 ) ;
#4185 = CARTESIAN_POINT ( 'NONE',  ( -0.7657500870170551588, 0.9000000000000000222, -0.9529334416212273950 ) ) ;
#4186 = DIRECTION ( 'NONE',  ( 0.000000000000000000, 0.000000000000000000, 1.000000000000000000 ) ) ;
#4187 = CLOSED_SHELL ( 'NONE', ( #2791, #4471, #2381, #2740, #874, #1945, #4243, #2436, #701 ) ) ;
#4188 = ORIENTED_EDGE ( 'NONE', *, *, #3095, .T. ) ;
#4189 = LINE ( 'NONE', #2424, #436 ) ;
#4190 = DIRECTION ( 'NONE',  ( 1.000000000000000000, 0.000000000000000000, -0.000000000000000000 ) ) ;
#4191 = AXIS2_PLACEMENT_3D ( 'NONE', #24, #2557, #3943 ) ;
#4192 = ORIENTED_EDGE ( 'NONE', *, *, #3235, .F. ) ;
#4193 = DIRECTION ( 'NONE',  ( 0.000000000000000000, -1.000000000000000000, 0.000000000000000000 ) ) ;
#4194 = CARTESIAN_POINT ( 'NONE',  ( -0.2500000000000003331, 0.05000000000000000278, -0.6250000000000003331 ) ) ;
#4195 = DIRECTION ( 'NONE',  ( 0.000000000000000000, -1.000000000000000000, 0.000000000000000000 ) ) ;
#4196 = ORIENTED_EDGE ( 'NONE', *, *, #2187, .T. ) ;
#4197 = LINE ( 'NONE', #3474, #1948 ) ;
#4198 = DIRECTION ( 'NONE',  ( 0.000000000000000000, 0.000000000000000000, -1.000000000000000000 ) ) ;
#4199 = ORIENTED_EDGE ( 'NONE', *, *, #2549, .F. ) ;
#4200 = DIRECTION ( 'NONE',  ( 0.000000000000000000, 0.000000000000000000, -1.000000000000000000 ) ) ;
#4201 = ORIENTED_EDGE ( 'NONE', *, *, #20, .T. ) ;
#4202 = EDGE_LOOP ( 'NONE', ( #2049, #317, #3848, #1052 ) ) ;
#4203 = EDGE_CURVE ( 'NONE', #3150, #2727, #365, .T. ) ;
#4204 = LINE ( 'NONE', #2107, #2645 ) ;
#4205 = AXIS2_PLACEMENT_3D ( 'NONE', #3381, #271, #223 ) ;
#4206 = ADVANCED_FACE ( 'NONE', ( #2893 ), #1557, .F. ) ;
#4207 = VECTOR ( 'NONE', #394, 1000.000000000000000 ) ;
#4208 = CARTESIAN_POINT ( 'NONE',  ( 0.8250000000000002887, 0.1000000000000000056, 0.5000000000000000000 ) ) ;
#4209 = CARTESIAN_POINT ( 'NONE',  ( 1.100000000000000311, 0.9860022573334675799, -0.6250000000000000000 ) ) ;
#4210 = VECTOR ( 'NONE', #1683, 1000.000000000000000 ) ;
#4211 = ORIENTED_EDGE ( 'NONE', *, *, #3014, .T. ) ;
#4212 = DIRECTION ( 'NONE',  ( 1.000000000000000000, 0.000000000000000000, -0.000000000000000000 ) ) ;
#4213 = FILL_AREA_STYLE ('',( #3796 ) ) ;
#4214 = VECTOR ( 'NONE', #2956, 1000.000000000000000 ) ;
#4215 = VECTOR ( 'NONE', #1861, 1000.000000000000000 ) ;
#4216 = ORIENTED_EDGE ( 'NONE', *, *, #3373, .T. ) ;
#4217 = PLANE ( 'NONE',  #1920 ) ;
#4218 = CARTESIAN_POINT ( 'NONE',  ( -1.100000000000000311, 0.9860022573334675799, 1.100000000000000755 ) ) ;
#4219 = CARTESIAN_POINT ( 'NONE',  ( 0.1250000000000000000, 0.000000000000000000, 0.6500000000000004663 ) ) ;
#4220 = VERTEX_POINT ( 'NONE', #2214 ) ;
#4221 = PLANE ( 'NONE',  #2448 ) ;
#4222 = ORIENTED_EDGE ( 'NONE', *, *, #2269, .F. ) ;
#4223 = CARTESIAN_POINT ( 'NONE',  ( 0.5499999999999997113, 0.9860022573334675799, 1.250000000000000222 ) ) ;
#4224 = ORIENTED_EDGE ( 'NONE', *, *, #67, .F. ) ;
#4225 = FACE_OUTER_BOUND ( 'NONE', #39, .T. ) ;
#4226 = UNCERTAINTY_MEASURE_WITH_UNIT (LENGTH_MEASURE( 1.000000000000000082E-05 ), #1987, 'distance_accuracy_value', 'NONE');
#4227 = AXIS2_PLACEMENT_3D ( 'NONE', #3130, #1378, #2141 ) ;
#4228 = VERTEX_POINT ( 'NONE', #2971 ) ;
#4229 = DIRECTION ( 'NONE',  ( 0.000000000000000000, 0.000000000000000000, -1.000000000000000000 ) ) ;
#4230 = VECTOR ( 'NONE', #2962, 1000.000000000000000 ) ;
#4231 = SURFACE_STYLE_FILL_AREA ( #369 ) ;
#4232 = CARTESIAN_POINT ( 'NONE',  ( 0.1250000000000000000, 0.1000000000000000056, 0.6500000000000004663 ) ) ;
#4233 = VERTEX_POINT ( 'NONE', #447 ) ;
#4234 = PLANE ( 'NONE',  #4255 ) ;
#4235 = LINE ( 'NONE', #3838, #489 ) ;
#4236 = EDGE_CURVE ( 'NONE', #1394, #50, #3241, .T. ) ;
#4237 = ADVANCED_FACE ( 'NONE', ( #1194 ), #774, .T. ) ;
#4238 = AXIS2_PLACEMENT_3D ( 'NONE', #2568, #2878, #2932 ) ;
#4239 = ORIENTED_EDGE ( 'NONE', *, *, #702, .T. ) ;
#4240 = DIRECTION ( 'NONE',  ( -0.000000000000000000, -1.000000000000000000, -0.000000000000000000 ) ) ;
#4241 = DIRECTION ( 'NONE',  ( 1.000000000000000000, -0.000000000000000000, 0.000000000000000000 ) ) ;
#4242 = CARTESIAN_POINT ( 'NONE',  ( 0.8250000000000002887, 0.9860022573334675799, 0.6250000000000000000 ) ) ;
#4243 = ADVANCED_FACE ( 'NONE', ( #1928 ), #1883, .F. ) ;
#4244 = EDGE_LOOP ( 'NONE', ( #970, #1931, #1675, #43 ) ) ;
#4245 = CARTESIAN_POINT ( 'NONE',  ( -1.100000000000000311, 0.1000000000000000472, 1.100000000000000755 ) ) ;
#4246 = ORIENTED_EDGE ( 'NONE', *, *, #2942, .T. ) ;
#4247 = SURFACE_SIDE_STYLE ('',( #3747 ) ) ;
#4248 = DIRECTION ( 'NONE',  ( 0.000000000000000000, 1.000000000000000000, 0.000000000000000000 ) ) ;
#4249 = ORIENTED_EDGE ( 'NONE', *, *, #2030, .F. ) ;
#4250 = DIRECTION ( 'NONE',  ( 0.000000000000000000, -0.000000000000000000, 1.000000000000000000 ) ) ;
#4251 = EDGE_LOOP ( 'NONE', ( #3251, #476, #3887, #110 ) ) ;
#4252 = LINE ( 'NONE', #411, #1577 ) ;
#4253 = DIRECTION ( 'NONE',  ( 0.000000000000000000, 0.000000000000000000, -1.000000000000000000 ) ) ;
#4254 = ADVANCED_FACE ( 'NONE', ( #1858 ), #3333, .T. ) ;
#4255 = AXIS2_PLACEMENT_3D ( 'NONE', #1767, #2112, #3148 ) ;
#4256 = AXIS2_PLACEMENT_3D ( 'NONE', #3151, #1099, #2450 ) ;
#4257 = LINE ( 'NONE', #1070, #3224 ) ;
#4258 = FACE_OUTER_BOUND ( 'NONE', #3113, .T. ) ;
#4259 = ORIENTED_EDGE ( 'NONE', *, *, #2602, .T. ) ;
#4260 = SURFACE_SIDE_STYLE ('',( #4314 ) ) ;
#4261 = EDGE_CURVE ( 'NONE', #3332, #3347, #1219, .T. ) ;
#4262 = ADVANCED_FACE ( 'NONE', ( #1583 ), #78, .T. ) ;
#4263 = ORIENTED_EDGE ( 'NONE', *, *, #2174, .T. ) ;
#4264 = DIRECTION ( 'NONE',  ( -0.000000000000000000, -1.000000000000000000, -0.000000000000000000 ) ) ;
#4265 = LINE ( 'NONE', #151, #2343 ) ;
#4266 = LINE ( 'NONE', #2164, #1433 ) ;
#4267 = EDGE_CURVE ( 'NONE', #2751, #677, #1239, .T. ) ;
#4268 = VERTEX_POINT ( 'NONE', #1484 ) ;
#4269 = FILL_AREA_STYLE ('',( #477 ) ) ;
#4270 = ORIENTED_EDGE ( 'NONE', *, *, #1101, .F. ) ;
#4271 = EDGE_CURVE ( 'NONE', #397, #121, #3582, .T. ) ;
#4272 =( NAMED_UNIT ( * ) SI_UNIT ( $, .STERADIAN. ) SOLID_ANGLE_UNIT ( ) );
#4273 = CARTESIAN_POINT ( 'NONE',  ( -0.8250000000000002887, 0.1000000000000000056, 0.6250000000000000000 ) ) ;
#4274 = ORIENTED_EDGE ( 'NONE', *, *, #733, .F. ) ;
#4275 = DIRECTION ( 'NONE',  ( -0.000000000000000000, 0.000000000000000000, 1.000000000000000000 ) ) ;
#4276 = VECTOR ( 'NONE', #2714, 1000.000000000000000 ) ;
#4277 = AXIS2_PLACEMENT_3D ( 'NONE', #2390, #3430, #4398 ) ;
#4278 = EDGE_LOOP ( 'NONE', ( #1309, #1739, #4350, #2378 ) ) ;
#4279 = CARTESIAN_POINT ( 'NONE',  ( -0.1250000000000001110, 0.1000000000000000056, -1.249999999999999778 ) ) ;
#4280 = CARTESIAN_POINT ( 'NONE',  ( 0.9500000000000002887, 0.1000000000000000056, -1.250000000000000444 ) ) ;
#4281 = EDGE_CURVE ( 'NONE', #2631, #3137, #4292, .T. ) ;
#4282 =( NAMED_UNIT ( * ) PLANE_ANGLE_UNIT ( ) SI_UNIT ( $, .RADIAN. ) );
#4283 = CARTESIAN_POINT ( 'NONE',  ( 0.2500000000000002776, 0.1000000000000000056, -0.3749999999999999445 ) ) ;
#4284 = ORIENTED_EDGE ( 'NONE', *, *, #724, .F. ) ;
#4285 = PRESENTATION_STYLE_ASSIGNMENT (( #867 ) ) ;
#4286 = CARTESIAN_POINT ( 'NONE',  ( -0.8250000000000020650, 0.000000000000000000, -0.1250000000000000000 ) ) ;
#4287 = AXIS2_PLACEMENT_3D ( 'NONE', #3919, #3944, #3577 ) ;
#4288 = AXIS2_PLACEMENT_3D ( 'NONE', #4067, #3084, #4154 ) ;
#4289 = VECTOR ( 'NONE', #4002, 1000.000000000000000 ) ;
#4290 = ORIENTED_EDGE ( 'NONE', *, *, #1576, .F. ) ;
#4291 = ORIENTED_EDGE ( 'NONE', *, *, #1406, .T. ) ;
#4292 = LINE ( 'NONE', #2379, #515 ) ;
#4293 = DIRECTION ( 'NONE',  ( 0.000000000000000000, 0.000000000000000000, -1.000000000000000000 ) ) ;
#4294 = CARTESIAN_POINT ( 'NONE',  ( 0.8250000000000020650, 0.9860022573334675799, -0.1250000000000000000 ) ) ;
#4295 = VECTOR ( 'NONE', #3544, 1000.000000000000000 ) ;
#4296 = VECTOR ( 'NONE', #3635, 1000.000000000000000 ) ;
#4297 = VECTOR ( 'NONE', #360, 1000.000000000000000 ) ;
#4298 = ORIENTED_EDGE ( 'NONE', *, *, #3878, .T. ) ;
#4299 = DIRECTION ( 'NONE',  ( -0.000000000000000000, -1.000000000000000000, -0.000000000000000000 ) ) ;
#4300 = FACE_OUTER_BOUND ( 'NONE', #2621, .T. ) ;
#4301 = ORIENTED_EDGE ( 'NONE', *, *, #2208, .T. ) ;
#4302 = CARTESIAN_POINT ( 'NONE',  ( -1.100000000000000311, 0.05000000000000000278, 0.8749999999999995559 ) ) ;
#4303 = EDGE_CURVE ( 'NONE', #2631, #446, #567, .T. ) ;
#4304 = DIRECTION ( 'NONE',  ( -0.000000000000000000, -0.000000000000000000, -1.000000000000000000 ) ) ;
#4305 = LINE ( 'NONE', #3279, #4096 ) ;
#4306 = AXIS2_PLACEMENT_3D ( 'NONE', #1510, #2241, #1485 ) ;
#4307 = ADVANCED_FACE ( 'NONE', ( #2738 ), #3032, .F. ) ;
#4308 = VECTOR ( 'NONE', #786, 1000.000000000000000 ) ;
#4309 = AXIS2_PLACEMENT_3D ( 'NONE', #495, #3234, #1904 ) ;
#4310 = ORIENTED_EDGE ( 'NONE', *, *, #1406, .F. ) ;
#4311 = DIRECTION ( 'NONE',  ( 0.000000000000000000, 0.000000000000000000, 1.000000000000000000 ) ) ;
#4312 = CARTESIAN_POINT ( 'NONE',  ( 0.8250000000000002887, 0.1000000000000000056, 0.3750000000000000000 ) ) ;
#4313 = EDGE_LOOP ( 'NONE', ( #716, #1797, #3167, #3586 ) ) ;
#4314 = SURFACE_STYLE_FILL_AREA ( #1809 ) ;
#4315 = VECTOR ( 'NONE', #1315, 1000.000000000000000 ) ;
#4316 = ORIENTED_EDGE ( 'NONE', *, *, #653, .T. ) ;
#4317 = DIRECTION ( 'NONE',  ( -0.000000000000000000, -1.000000000000000000, -0.000000000000000000 ) ) ;
#4318 = FILL_AREA_STYLE ('',( #448 ) ) ;
#4319 = CARTESIAN_POINT ( 'NONE',  ( -0.5499999999999997113, 0.1000000000000000056, 0.8749999999999996669 ) ) ;
#4320 = VERTEX_POINT ( 'NONE', #591 ) ;
#4321 = EDGE_CURVE ( 'NONE', #2218, #3392, #1677, .T. ) ;
#4322 = PRESENTATION_STYLE_ASSIGNMENT (( #1465 ) ) ;
#4323 = ORIENTED_EDGE ( 'NONE', *, *, #445, .T. ) ;
#4324 = DIRECTION ( 'NONE',  ( -1.000000000000000000, 0.000000000000000000, 0.000000000000000000 ) ) ;
#4325 = LINE ( 'NONE', #1492, #3637 ) ;
#4326 = ORIENTED_EDGE ( 'NONE', *, *, #4182, .F. ) ;
#4327 = DIRECTION ( 'NONE',  ( -1.000000000000000000, 0.000000000000000000, -3.942553354492739094E-16 ) ) ;
#4328 = ORIENTED_EDGE ( 'NONE', *, *, #3906, .T. ) ;
#4329 = CARTESIAN_POINT ( 'NONE',  ( -0.2500000000000002776, 0.000000000000000000, -0.3749999999999999445 ) ) ;
#4330 = EDGE_CURVE ( 'NONE', #3012, #972, #4480, .T. ) ;
#4331 = DIRECTION ( 'NONE',  ( 0.000000000000000000, -1.000000000000000000, 0.000000000000000000 ) ) ;
#4332 = EDGE_CURVE ( 'NONE', #3876, #1900, #1396, .T. ) ;
#4333 = ADVANCED_FACE ( 'NONE', ( #1602 ), #3371, .F. ) ;
#4334 = EDGE_LOOP ( 'NONE', ( #2345, #1673, #2145, #100 ) ) ;
#4335 = DIRECTION ( 'NONE',  ( 0.000000000000000000, 0.000000000000000000, -1.000000000000000000 ) ) ;
#4336 = CARTESIAN_POINT ( 'NONE',  ( -2.391622439306261376E-16, 0.05000000000000000278, -0.6250000000000004441 ) ) ;
#4337 = EDGE_CURVE ( 'NONE', #2936, #3184, #1306, .T. ) ;
#4338 = ORIENTED_EDGE ( 'NONE', *, *, #2161, .F. ) ;
#4339 =( NAMED_UNIT ( * ) SI_UNIT ( $, .STERADIAN. ) SOLID_ANGLE_UNIT ( ) );
#4340 = VECTOR ( 'NONE', #4406, 1000.000000000000000 ) ;
#4341 = ORIENTED_EDGE ( 'NONE', *, *, #340, .T. ) ;
#4342 = DIRECTION ( 'NONE',  ( 0.000000000000000000, -0.000000000000000000, -1.000000000000000000 ) ) ;
#4343 = FACE_OUTER_BOUND ( 'NONE', #3722, .T. ) ;
#4344 = CARTESIAN_POINT ( 'NONE',  ( -0.1250000000000001110, 0.1000000000000000472, -1.249999999999999778 ) ) ;
#4345 = EDGE_CURVE ( 'NONE', #276, #3973, #215, .T. ) ;
#4346 = ORIENTED_EDGE ( 'NONE', *, *, #3449, .F. ) ;
#4347 = DIRECTION ( 'NONE',  ( -0.000000000000000000, -0.000000000000000000, -1.000000000000000000 ) ) ;
#4348 = CARTESIAN_POINT ( 'NONE',  ( 1.100000000000000311, 0.1000000000000000472, -0.8749999999999994449 ) ) ;
#4349 = CARTESIAN_POINT ( 'NONE',  ( 1.100000000000002087, 0.000000000000000000, 0.1250000000000000000 ) ) ;
#4350 = ORIENTED_EDGE ( 'NONE', *, *, #2030, .T. ) ;
#4351 = DIRECTION ( 'NONE',  ( 0.000000000000000000, 0.000000000000000000, 1.000000000000000000 ) ) ;
#4352 = ORIENTED_EDGE ( 'NONE', *, *, #1097, .T. ) ;
#4353 = ORIENTED_EDGE ( 'NONE', *, *, #733, .T. ) ;
#4354 = LINE ( 'NONE', #1207, #2926 ) ;
#4355 = CIRCLE ( 'NONE', #1560, 0.1269140061042962064 ) ;
#4356 = LINE ( 'NONE', #3302, #4392 ) ;
#4357 = ADVANCED_FACE ( 'NONE', ( #4058 ), #3010, .T. ) ;
#4358 = VERTEX_POINT ( 'NONE', #3795 ) ;
#4359 = LINE ( 'NONE', #2302, #1117 ) ;
#4360 = LINE ( 'NONE', #1854, #2903 ) ;
#4361 = ORIENTED_EDGE ( 'NONE', *, *, #1482, .T. ) ;
#4362 = DIRECTION ( 'NONE',  ( 0.000000000000000000, 0.000000000000000000, 1.000000000000000000 ) ) ;
#4363 = ADVANCED_FACE ( 'NONE', ( #4126 ), #544, .T. ) ;
#4364 = ORIENTED_EDGE ( 'NONE', *, *, #1476, .F. ) ;
#4365 = ORIENTED_EDGE ( 'NONE', *, *, #3495, .F. ) ;
#4366 = DIRECTION ( 'NONE',  ( 0.000000000000000000, -1.000000000000000000, 0.000000000000000000 ) ) ;
#4367 = LINE ( 'NONE', #3264, #562 ) ;
#4368 = CARTESIAN_POINT ( 'NONE',  ( 0.2500000000000003331, 0.1000000000000000472, -0.6250000000000003331 ) ) ;
#4369 = MECHANICAL_DESIGN_GEOMETRIC_PRESENTATION_REPRESENTATION (  '', ( #3116 ), #1060 ) ;
#4370 = EDGE_LOOP ( 'NONE', ( #3201, #2915, #1742, #2800 ) ) ;
#4371 = PLANE ( 'NONE',  #2860 ) ;
#4372 = EDGE_LOOP ( 'NONE', ( #3713, #794, #4328, #3618 ) ) ;
#4373 = LINE ( 'NONE', #1565, #2873 ) ;
#4374 = AXIS2_PLACEMENT_3D ( 'NONE', #1605, #4408, #913 ) ;
#4375 = DIRECTION ( 'NONE',  ( 1.000000000000000000, 0.000000000000000000, 0.000000000000000000 ) ) ;
#4376 = VECTOR ( 'NONE', #973, 1000.000000000000000 ) ;
#4377 = VECTOR ( 'NONE', #2146, 1000.000000000000000 ) ;
#4378 = CARTESIAN_POINT ( 'NONE',  ( -0.2500000000000003331, 0.1000000000000000472, -0.6250000000000003331 ) ) ;
#4379 = CARTESIAN_POINT ( 'NONE',  ( -0.6999999999999998446, 0.1000000000000000472, -0.8749999999999995559 ) ) ;
#4380 = DIRECTION ( 'NONE',  ( 0.000000000000000000, 0.000000000000000000, 1.000000000000000000 ) ) ;
#4381 = ORIENTED_EDGE ( 'NONE', *, *, #2880, .F. ) ;
#4382 = CARTESIAN_POINT ( 'NONE',  ( -0.9500000000000002887, 0.1000000000000000056, 1.100000000000000755 ) ) ;
#4383 = CARTESIAN_POINT ( 'NONE',  ( 0.9500000000000002887, 0.1000000000000000056, -1.100000000000000755 ) ) ;
#4384 = CARTESIAN_POINT ( 'NONE',  ( -0.8250000000000020650, 0.1000000000000000056, -0.1250000000000000000 ) ) ;
#4385 = VERTEX_POINT ( 'NONE', #4109 ) ;
#4386 = DIRECTION ( 'NONE',  ( -3.942553354492739094E-16, 0.000000000000000000, 1.000000000000000000 ) ) ;
#4387 = DIRECTION ( 'NONE',  ( 1.000000000000000000, 0.000000000000000000, -3.942553354492739094E-16 ) ) ;
#4388 = EDGE_CURVE ( 'NONE', #3455, #780, #1700, .T. ) ;
#4389 = CARTESIAN_POINT ( 'NONE',  ( -0.2500000000000003331, 0.1000000000000000472, -0.6250000000000003331 ) ) ;
#4390 = EDGE_CURVE ( 'NONE', #2127, #590, #2334, .T. ) ;
#4391 = ORIENTED_EDGE ( 'NONE', *, *, #2798, .F. ) ;
#4392 = VECTOR ( 'NONE', #4331, 1000.000000000000000 ) ;
#4393 =( NAMED_UNIT ( * ) SI_UNIT ( $, .STERADIAN. ) SOLID_ANGLE_UNIT ( ) );
#4394 = CARTESIAN_POINT ( 'NONE',  ( 0.5499999999999997113, 0.1000000000000000056, 1.250000000000000222 ) ) ;
#4395 = PLANE ( 'NONE',  #2978 ) ;
#4396 = LINE ( 'NONE', #1204, #1727 ) ;
#4397 = COLOUR_RGB ( '',0.7960784313725489669, 0.8235294117647058432, 0.9372549019607843146 ) ;
#4398 = DIRECTION ( 'NONE',  ( 0.000000000000000000, -0.000000000000000000, -1.000000000000000000 ) ) ;
#4399 = LINE ( 'NONE', #3650, #273 ) ;
#4400 = EDGE_LOOP ( 'NONE', ( #1023, #1791, #3140, #2147 ) ) ;
#4401 = CARTESIAN_POINT ( 'NONE',  ( -0.7657500870170551588, 0.9000000000000000222, -0.8260194355169312441 ) ) ;
#4402 = LINE ( 'NONE', #539, #254 ) ;
#4403 = EDGE_CURVE ( 'NONE', #1189, #4068, #1951, .T. ) ;
#4404 = DIRECTION ( 'NONE',  ( 0.000000000000000000, -0.000000000000000000, -1.000000000000000000 ) ) ;
#4405 = ORIENTED_EDGE ( 'NONE', *, *, #706, .F. ) ;
#4406 = DIRECTION ( 'NONE',  ( -1.000000000000000000, 0.000000000000000000, 0.000000000000000000 ) ) ;
#4407 =( NAMED_UNIT ( * ) PLANE_ANGLE_UNIT ( ) SI_UNIT ( $, .RADIAN. ) );
#4408 = DIRECTION ( 'NONE',  ( 1.000000000000000000, 0.000000000000000000, -3.942553354492742545E-16 ) ) ;
#4409 = AXIS2_PLACEMENT_3D ( 'NONE', #660, #28, #1347 ) ;
#4410 = EDGE_CURVE ( 'NONE', #4516, #60, #2651, .T. ) ;
#4411 = VECTOR ( 'NONE', #3779, 1000.000000000000000 ) ;
#4412 = ORIENTED_EDGE ( 'NONE', *, *, #3473, .F. ) ;
#4413 = SURFACE_SIDE_STYLE ('',( #1264 ) ) ;
#4414 = DIRECTION ( 'NONE',  ( 0.000000000000000000, -1.000000000000000000, 0.000000000000000000 ) ) ;
#4415 = DIRECTION ( 'NONE',  ( 1.000000000000000000, 0.000000000000000000, 0.000000000000000000 ) ) ;
#4416 = FACE_OUTER_BOUND ( 'NONE', #1224, .T. ) ;
#4417 = VECTOR ( 'NONE', #1961, 1000.000000000000000 ) ;
#4418 = EDGE_CURVE ( 'NONE', #451, #4233, #939, .T. ) ;
#4419 = VERTEX_POINT ( 'NONE', #3056 ) ;
#4420 = CARTESIAN_POINT ( 'NONE',  ( -1.100000000000000311, 0.1000000000000000056, -0.6250000000000000000 ) ) ;
#4421 = CARTESIAN_POINT ( 'NONE',  ( 0.9500000000000002887, 0.1000000000000000056, 1.100000000000000755 ) ) ;
#4422 = DIRECTION ( 'NONE',  ( -1.000000000000000000, 0.000000000000000000, 0.000000000000000000 ) ) ;
#4423 = UNCERTAINTY_MEASURE_WITH_UNIT (LENGTH_MEASURE( 1.000000000000000082E-05 ), #2488, 'distance_accuracy_value', 'NONE');
#4424 = ORIENTED_EDGE ( 'NONE', *, *, #1482, .F. ) ;
#4425 = CARTESIAN_POINT ( 'NONE',  ( -1.100000000000002087, 0.1000000000000000472, -0.1250000000000000000 ) ) ;
#4426 = CARTESIAN_POINT ( 'NONE',  ( 1.099999999999999867, 0.05000000000000000278, 1.250000000000000222 ) ) ;
#4427 = ADVANCED_FACE ( 'NONE', ( #2306 ), #4452, .F. ) ;
#4428 = PLANE ( 'NONE',  #1578 ) ;
#4429 = ORIENTED_EDGE ( 'NONE', *, *, #948, .T. ) ;
#4430 = CARTESIAN_POINT ( 'NONE',  ( -1.100000000000002087, 0.1000000000000000056, 0.1250000000000000000 ) ) ;
#4431 = CARTESIAN_POINT ( 'NONE',  ( 0.5499999999999997113, 0.1000000000000000056, 0.8749999999999996669 ) ) ;
#4432 = EDGE_LOOP ( 'NONE', ( #1230, #4361, #170, #1408 ) ) ;
#4433 = LINE ( 'NONE', #1588, #1682 ) ;
#4434 = LINE ( 'NONE', #2364, #666 ) ;
#4435 = CARTESIAN_POINT ( 'NONE',  ( 0.1250000000000001110, 0.1000000000000000056, 1.250000000000000444 ) ) ;
#4436 = LINE ( 'NONE', #2028, #915 ) ;
#4437 = VECTOR ( 'NONE', #3898, 1000.000000000000000 ) ;
#4438 = VECTOR ( 'NONE', #4135, 1000.000000000000000 ) ;
#4439 = CARTESIAN_POINT ( 'NONE',  ( -0.9500000000000002887, 0.1000000000000000056, -1.250000000000000444 ) ) ;
#4440 = CARTESIAN_POINT ( 'NONE',  ( 0.8250000000000002887, 0.000000000000000000, 0.5000000000000000000 ) ) ;
#4441 = VERTEX_POINT ( 'NONE', #722 ) ;
#4442 = CARTESIAN_POINT ( 'NONE',  ( -0.5499999999999997113, 0.1000000000000000056, 1.250000000000000222 ) ) ;
#4443 = EDGE_CURVE ( 'NONE', #590, #756, #4485, .T. ) ;
#4445 = EDGE_CURVE ( 'NONE', #3137, #1337, #1437, .T. ) ;
#4444 = VECTOR ( 'NONE', #1235, 1000.000000000000000 ) ;
#4446 = VECTOR ( 'NONE', #2566, 1000.000000000000000 ) ;
#4447 = ORIENTED_EDGE ( 'NONE', *, *, #4330, .F. ) ;
#4448 = FACE_OUTER_BOUND ( 'NONE', #426, .T. ) ;
#4449 = SURFACE_STYLE_USAGE ( .BOTH. , #2284 ) ;
#4450 = LINE ( 'NONE', #3770, #2325 ) ;
#4451 = VERTEX_POINT ( 'NONE', #2849 ) ;
#4452 = PLANE ( 'NONE',  #1103 ) ;
#4453 = PRESENTATION_STYLE_ASSIGNMENT (( #1603 ) ) ;
#4454 = VECTOR ( 'NONE', #940, 1000.000000000000000 ) ;
#4455 = VERTEX_POINT ( 'NONE', #1785 ) ;
#4456 = ORIENTED_EDGE ( 'NONE', *, *, #3041, .F. ) ;
#4457 = VECTOR ( 'NONE', #1480, 1000.000000000000000 ) ;
#4458 = SURFACE_STYLE_USAGE ( .BOTH. , #1974 ) ;
#4459 = DIRECTION ( 'NONE',  ( -1.000000000000000000, -0.000000000000000000, 5.421010862427514281E-16 ) ) ;
#4460 = EDGE_CURVE ( 'NONE', #1988, #353, #1073, .T. ) ;
#4461 = CYLINDRICAL_SURFACE ( 'NONE', #391, 0.1250000000000000000 ) ;
#4462 = CARTESIAN_POINT ( 'NONE',  ( 0.1250000000000000000, 0.1000000000000000472, 0.6500000000000004663 ) ) ;
#4463 = AXIS2_PLACEMENT_3D ( 'NONE', #2881, #4248, #316 ) ;
#4464 = CARTESIAN_POINT ( 'NONE',  ( -0.1250000000000001110, 0.1000000000000000056, -1.249999999999999778 ) ) ;
#4465 = CARTESIAN_POINT ( 'NONE',  ( 0.8250000000000020650, 0.1000000000000000056, -0.1250000000000000000 ) ) ;
#4466 = ORIENTED_EDGE ( 'NONE', *, *, #469, .T. ) ;
#4467 = LINE ( 'NONE', #2435, #3482 ) ;
#4468 = UNCERTAINTY_MEASURE_WITH_UNIT (LENGTH_MEASURE( 1.000000000000000082E-05 ), #2198, 'distance_accuracy_value', 'NONE');
#4469 = MECHANICAL_DESIGN_GEOMETRIC_PRESENTATION_REPRESENTATION (  '', ( #52 ), #501 ) ;
#4470 = ORIENTED_EDGE ( 'NONE', *, *, #3575, .F. ) ;
#4471 = ADVANCED_FACE ( 'NONE', ( #372 ), #4234, .F. ) ;
#4472 = ADVANCED_FACE ( 'NONE', ( #2512 ), #398, .F. ) ;
#4473 = PLANE ( 'NONE',  #1930 ) ;
#4474 = LINE ( 'NONE', #1343, #3719 ) ;
#4475 = VERTEX_POINT ( 'NONE', #3168 ) ;
#4476 = EDGE_CURVE ( 'NONE', #3534, #1456, #1004, .T. ) ;
#4477 = PLANE ( 'NONE',  #3563 ) ;
#4478 = ORIENTED_EDGE ( 'NONE', *, *, #1323, .T. ) ;
#4479 = ORIENTED_EDGE ( 'NONE', *, *, #283, .T. ) ;
#4480 = LINE ( 'NONE', #193, #3164 ) ;
#4481 = CARTESIAN_POINT ( 'NONE',  ( 0.1250000000000000000, 0.1000000000000000056, 0.6500000000000004663 ) ) ;
#4482 = EDGE_LOOP ( 'NONE', ( #3602, #327, #3147, #1825 ) ) ;
#4483 = DIRECTION ( 'NONE',  ( 0.000000000000000000, 1.000000000000000000, 0.000000000000000000 ) ) ;
#4484 = DIRECTION ( 'NONE',  ( -1.000000000000000000, 0.000000000000000000, 6.377659838150026227E-17 ) ) ;
#4485 = CIRCLE ( 'NONE', #4409, 0.1269140061042962064 ) ;
#4486 = FACE_OUTER_BOUND ( 'NONE', #3077, .T. ) ;
#4487 = CARTESIAN_POINT ( 'NONE',  ( 1.100000000000000311, 0.1000000000000000056, -0.8749999999999994449 ) ) ;
#4488 = EDGE_CURVE ( 'NONE', #1775, #260, #745, .T. ) ;
#4489 = AXIS2_PLACEMENT_3D ( 'NONE', #619, #2025, #3427 ) ;
#4490 = DIRECTION ( 'NONE',  ( 1.000000000000000000, 0.000000000000000000, 0.000000000000000000 ) ) ;
#4491 = DIRECTION ( 'NONE',  ( 0.000000000000000000, 1.000000000000000000, 0.000000000000000000 ) ) ;
#4492 = EDGE_LOOP ( 'NONE', ( #2674, #3916, #631, #2586 ) ) ;
#4493 = CARTESIAN_POINT ( 'NONE',  ( 0.000000000000000000, 0.05000000000000000278, 0.1250000000000000000 ) ) ;
#4494 = VERTEX_POINT ( 'NONE', #3467 ) ;
#4495 = CARTESIAN_POINT ( 'NONE',  ( -1.100000000000000311, 0.000000000000000000, 1.100000000000000755 ) ) ;
#4496 = CARTESIAN_POINT ( 'NONE',  ( 1.099999999999999867, 5.330165161069341906, 1.250000000000000222 ) ) ;
#4497 = EDGE_LOOP ( 'NONE', ( #2603, #1064, #2464, #2123 ) ) ;
#4498 = EDGE_LOOP ( 'NONE', ( #2756, #116, #3240, #3274 ) ) ;
#4499 = DIRECTION ( 'NONE',  ( 1.000000000000000000, 0.000000000000000000, 0.000000000000000000 ) ) ;
#4500 = DIRECTION ( 'NONE',  ( 0.000000000000000000, -0.000000000000000000, 1.000000000000000000 ) ) ;
#4501 = VECTOR ( 'NONE', #3142, 1000.000000000000000 ) ;
#4502 = EDGE_CURVE ( 'NONE', #1910, #4160, #328, .T. ) ;
#4503 = EDGE_CURVE ( 'NONE', #1394, #4114, #3877, .T. ) ;
#4504 = VERTEX_POINT ( 'NONE', #2780 ) ;
#4505 = FACE_OUTER_BOUND ( 'NONE', #4084, .T. ) ;
#4506 = LINE ( 'NONE', #4218, #861 ) ;
#4507 = DIRECTION ( 'NONE',  ( -1.000000000000000000, 0.000000000000000000, 9.856383386231857595E-17 ) ) ;
#4508 = EDGE_CURVE ( 'NONE', #2619, #4228, #4169, .T. ) ;
#4509 = ORIENTED_EDGE ( 'NONE', *, *, #3324, .F. ) ;
#4510 = DIRECTION ( 'NONE',  ( 0.000000000000000000, 1.000000000000000000, 0.000000000000000000 ) ) ;
#4511 = CARTESIAN_POINT ( 'NONE',  ( 0.9500000000000002887, 0.05000000000000000278, 1.250000000000000444 ) ) ;
#4512 = ORIENTED_EDGE ( 'NONE', *, *, #2899, .T. ) ;
#4513 = CARTESIAN_POINT ( 'NONE',  ( 0.8250000000000002887, 0.05000000000000000278, 0.3750000000000000000 ) ) ;
#4514 = VECTOR ( 'NONE', #4060, 1000.000000000000000 ) ;
#4515 = AXIS2_PLACEMENT_3D ( 'NONE', #923, #201, #1611 ) ;
#4516 = VERTEX_POINT ( 'NONE', #2446 ) ;
#4517 = LINE ( 'NONE', #954, #3914 ) ;
#4518 = CLOSED_SHELL ( 'NONE', ( #1537, #1296, #889, #3937, #2152, #2561 ) ) ;
#4519 = VECTOR ( 'NONE', #697, 1000.000000000000000 ) ;
#4520 = VECTOR ( 'NONE', #507, 1000.000000000000000 ) ;
#4521 = VECTOR ( 'NONE', #35, 1000.000000000000000 ) ;
#4522 = ORIENTED_EDGE ( 'NONE', *, *, #4271, .F. ) ;
#4523 = LINE ( 'NONE', #4232, #1061 ) ;
#4524 = ORIENTED_EDGE ( 'NONE', *, *, #4029, .T. ) ;
#4525 = DIRECTION ( 'NONE',  ( 0.000000000000000000, 0.000000000000000000, 1.000000000000000000 ) ) ;
#4526 = EDGE_CURVE ( 'NONE', #2011, #869, #3837, .T. ) ;
#4527 = ORIENTED_EDGE ( 'NONE', *, *, #3850, .T. ) ;
#4528 = DIRECTION ( 'NONE',  ( -0.000000000000000000, 0.000000000000000000, -1.000000000000000000 ) ) ;
#4529 = ADVANCED_FACE ( 'NONE', ( #3555 ), #681, .F. ) ;
#4530 = CARTESIAN_POINT ( 'NONE',  ( 0.000000000000000000, 0.05000000000000000278, -1.100000000000000755 ) ) ;
#4531 = MECHANICAL_DESIGN_GEOMETRIC_PRESENTATION_REPRESENTATION (  '', ( #1740 ), #2271 ) ;
#4532 = DIRECTION ( 'NONE',  ( 0.000000000000000000, -1.000000000000000000, 0.000000000000000000 ) ) ;
#4533 = AXIS2_PLACEMENT_3D ( 'NONE', #882, #2600, #3301 ) ;
#4534 = CARTESIAN_POINT ( 'NONE',  ( -1.100000000000000311, 0.000000000000000000, -0.3749999999999998890 ) ) ;
#4535 = CARTESIAN_POINT ( 'NONE',  ( 0.000000000000000000, 0.1000000000000000472, -0.9749999999999997558 ) ) ;
#4536 = ORIENTED_EDGE ( 'NONE', *, *, #1129, .F. ) ;
#4537 = FACE_OUTER_BOUND ( 'NONE', #108, .T. ) ;
#4538 = EDGE_LOOP ( 'NONE', ( #1003, #3705, #1864, #997 ) ) ;
#4539 = LINE ( 'NONE', #3163, #609 ) ;
#4540 = EDGE_CURVE ( 'NONE', #4320, #3321, #4189, .T. ) ;
#4541 = ORIENTED_EDGE ( 'NONE', *, *, #1886, .T. ) ;
#4542 = VECTOR ( 'NONE', #2742, 1000.000000000000000 ) ;
#4543 = LINE ( 'NONE', #1022, #2021 ) ;
#4544 = ORIENTED_EDGE ( 'NONE', *, *, #964, .F. ) ;
#4545 = CARTESIAN_POINT ( 'NONE',  ( 1.100000000000000311, 0.1000000000000000056, 1.100000000000000755 ) ) ;
#4546 = SURFACE_SIDE_STYLE ('',( #2113 ) ) ;
#4547 = EDGE_CURVE ( 'NONE', #3179, #3210, #2758, .T. ) ;
#4548 = ORIENTED_EDGE ( 'NONE', *, *, #4261, .F. ) ;
#4549 = LINE ( 'NONE', #684, #437 ) ;
#4550 = DIRECTION ( 'NONE',  ( 1.000000000000000000, 0.000000000000000000, 6.377659838150026227E-17 ) ) ;
#4551 = FACE_OUTER_BOUND ( 'NONE', #4244, .T. ) ;
#4552 = EDGE_CURVE ( 'NONE', #1466, #2, #2796, .T. ) ;
#4553 = LINE ( 'NONE', #1013, #396 ) ;
#4554 = ORIENTED_EDGE ( 'NONE', *, *, #4047, .T. ) ;
#4555 = DIRECTION ( 'NONE',  ( 1.000000000000000000, 0.000000000000000000, 0.000000000000000000 ) ) ;
#4556 = VERTEX_POINT ( 'NONE', #699 ) ;
#4557 = DIRECTION ( 'NONE',  ( -1.000000000000000000, 0.000000000000000000, 2.710505431213758620E-16 ) ) ;
#4558 = UNCERTAINTY_MEASURE_WITH_UNIT (LENGTH_MEASURE( 1.000000000000000082E-05 ), #1626, 'distance_accuracy_value', 'NONE');
#4559 = VECTOR ( 'NONE', #4240, 1000.000000000000000 ) ;
#4560 = ADVANCED_FACE ( 'NONE', ( #351 ), #3, .T. ) ;
#4561 = VERTEX_POINT ( 'NONE', #494 ) ;
#4562 = VERTEX_POINT ( 'NONE', #1457 ) ;
#4563 = DIRECTION ( 'NONE',  ( -0.000000000000000000, -0.000000000000000000, 1.000000000000000000 ) ) ;
ENDSEC;
END-ISO-10303-21;
